Date,Close
01/07/2005 23:58:00,14.4614358
04/07/2005 23:58:00,14.39120489
05/07/2005 23:58:00,14.43456324
06/07/2005 23:58:00,14.43695835
07/07/2005 23:58:00,14.48427194
08/07/2005 23:58:00,14.55651746
11/07/2005 23:58:00,14.68193621
12/07/2005 23:58:00,14.88611042
13/07/2005 23:58:00,14.71343814
14/07/2005 23:58:00,14.73212767
15/07/2005 23:58:00,14.69921879
18/07/2005 23:58:00,14.71221556
19/07/2005 23:58:00,14.69773716
20/07/2005 23:58:00,14.86028931
21/07/2005 23:58:00,14.69834213
22/07/2005 23:58:00,14.7643478
25/07/2005 23:58:00,14.76624079
26/07/2005 23:58:00,14.74574538
27/07/2005 23:58:00,14.85773038
28/07/2005 23:58:00,14.94824005
29/07/2005 23:58:00,14.95549553
01/08/2005 23:58:00,15.1276328
02/08/2005 23:58:00,15.24036917
03/08/2005 23:58:00,15.50312737
04/08/2005 23:58:00,15.6155752
05/08/2005 23:58:00,15.60467168
08/08/2005 23:58:00,15.65822162
09/08/2005 23:58:00,15.72224606
10/08/2005 23:58:00,15.69328533
11/08/2005 23:58:00,15.68528437
12/08/2005 23:58:00,15.18756092
15/08/2005 23:58:00,15.16971628
16/08/2005 23:58:00,15.06274675
17/08/2005 23:58:00,15.00327945
18/08/2005 23:58:00,14.86163275
19/08/2005 23:58:00,14.92097213
22/08/2005 23:58:00,15.14203232
23/08/2005 23:58:00,15.23296845
24/08/2005 23:58:00,15.31130621
25/08/2005 23:58:00,15.31506267
26/08/2005 23:58:00,15.18423061
29/08/2005 23:58:00,15.19242783
30/08/2005 23:58:00,15.15852324
31/08/2005 23:58:00,15.48591522
01/09/2005 23:58:00,15.49867593
02/09/2005 23:58:00,15.63057574
05/09/2005 23:58:00,15.6207512
06/09/2005 23:58:00,15.61965202
07/09/2005 23:58:00,15.55666001
08/09/2005 23:58:00,15.54190744
09/09/2005 23:58:00,15.64869108
12/09/2005 23:58:00,15.39949355
13/09/2005 23:58:00,15.41085021
14/09/2005 23:58:00,15.39975374
15/09/2005 23:58:00,15.39164324
16/09/2005 23:58:00,15.42794753
19/09/2005 23:58:00,15.29842889
20/09/2005 23:58:00,15.25453176
22/09/2005 23:58:00,14.92054833
23/09/2005 23:58:00,14.81368851
26/09/2005 23:58:00,14.94699514
27/09/2005 23:58:00,14.9584298
28/09/2005 23:58:00,14.9940362
29/09/2005 23:58:00,14.8727321
30/09/2005 23:58:00,14.86079591
03/10/2005 23:58:00,14.78374656
04/10/2005 23:58:00,14.80087379
05/10/2005 23:58:00,14.90825645
06/10/2005 23:58:00,15.03559623
07/10/2005 23:58:00,14.91623494
10/10/2005 23:58:00,15.0192984
11/10/2005 23:58:00,14.95333318
12/10/2005 23:58:00,14.99514101
13/10/2005 23:58:00,14.98914297
14/10/2005 23:58:00,14.91263171
17/10/2005 23:58:00,14.93666651
18/10/2005 23:58:00,14.97920476
19/10/2005 23:58:00,15.01098584
20/10/2005 23:58:00,15.00848217
21/10/2005 23:58:00,14.921266
24/10/2005 23:58:00,15.00866203
25/10/2005 23:58:00,15.08242948
26/10/2005 23:58:00,15.0180456
27/10/2005 23:58:00,15.10999137
28/10/2005 23:58:00,14.92225532
31/10/2005 23:58:00,14.84019762
01/11/2005 23:58:00,14.78317995
02/11/2005 23:58:00,14.91743721
03/11/2005 23:58:00,14.781869
04/11/2005 23:58:00,14.65995594
07/11/2005 23:58:00,14.63929354
08/11/2005 23:58:00,14.63742579
09/11/2005 23:58:00,14.68857484
10/11/2005 23:58:00,14.73395676
11/11/2005 23:58:00,14.70179385
14/11/2005 23:58:00,14.62063181
15/11/2005 23:58:00,14.71243566
16/11/2005 23:58:00,14.6671801
17/11/2005 23:58:00,14.75256132
18/11/2005 23:58:00,14.79395281
21/11/2005 23:58:00,14.66987949
22/11/2005 23:58:00,14.72159601
23/11/2005 23:58:00,14.743093
24/11/2005 23:58:00,14.70597703
25/11/2005 23:58:00,14.65602863
28/11/2005 23:58:00,14.87091288
29/11/2005 23:58:00,14.77657674
30/11/2005 23:58:00,14.80070964
01/12/2005 23:58:00,14.74120195
02/12/2005 23:58:00,14.76464932
05/12/2005 23:58:00,14.95230373
06/12/2005 23:58:00,14.89375435
07/12/2005 23:58:00,14.84005779
08/12/2005 23:58:00,14.97955962
09/12/2005 23:58:00,15.00683425
12/12/2005 23:58:00,15.09359583
13/12/2005 23:58:00,15.08901919
14/12/2005 23:58:00,14.977655
15/12/2005 23:58:00,14.82088394
16/12/2005 23:58:00,14.92891897
19/12/2005 23:58:00,14.89326667
20/12/2005 23:58:00,14.66727294
21/12/2005 23:58:00,14.61107315
22/12/2005 23:58:00,14.65469727
23/12/2005 23:58:00,14.6143871
26/12/2005 23:58:00,14.58158046
27/12/2005 23:58:00,14.58852452
28/12/2005 23:58:00,14.45450432
29/12/2005 23:58:00,14.48433065
30/12/2005 23:58:00,14.4751662
02/01/2006 23:58:00,14.43888001
03/01/2006 23:58:00,14.7033755
04/01/2006 23:58:00,14.71043337
05/01/2006 23:58:00,14.67766279
06/01/2006 23:58:00,14.60607445
09/01/2006 23:58:00,14.59329345
10/01/2006 23:58:00,14.60882211
11/01/2006 23:58:00,14.69633559
12/01/2006 23:58:00,14.55689885
13/01/2006 23:58:00,14.75294547
16/01/2006 23:58:00,14.7233527
17/01/2006 23:58:00,14.67219884
18/01/2006 23:58:00,14.70646792
19/01/2006 23:58:00,14.67597189
20/01/2006 23:58:00,14.71176233
23/01/2006 23:58:00,14.93695755
24/01/2006 23:58:00,14.94704054
25/01/2006 23:58:00,14.84454017
26/01/2006 23:58:00,14.82892254
27/01/2006 23:58:00,14.67974189
30/01/2006 23:58:00,14.73768778
31/01/2006 23:58:00,14.74886569
01/02/2006 23:58:00,14.73803868
02/02/2006 23:58:00,14.79743971
03/02/2006 23:58:00,14.7217952
06/02/2006 23:58:00,14.69716602
07/02/2006 23:58:00,14.80141975
08/02/2006 23:58:00,14.7820548
09/02/2006 23:58:00,14.93310752
10/02/2006 23:58:00,14.83290653
13/02/2006 23:58:00,14.92058124
14/02/2006 23:58:00,14.91352518
15/02/2006 23:58:00,14.9103555
16/02/2006 23:58:00,14.96110885
17/02/2006 23:58:00,15.08904513
20/02/2006 23:58:00,15.1089916
21/02/2006 23:58:00,15.11544591
22/02/2006 23:58:00,15.16380846
23/02/2006 23:58:00,15.12862383
24/02/2006 23:58:00,15.01864997
27/02/2006 23:58:00,15.05883146
28/02/2006 23:58:00,15.20827586
01/03/2006 23:58:00,15.18778937
02/03/2006 23:58:00,15.30361269
03/03/2006 23:58:00,15.29937318
06/03/2006 23:58:00,15.2971272
07/03/2006 23:58:00,15.07092173
08/03/2006 23:58:00,15.15192891
09/03/2006 23:58:00,15.16215912
10/03/2006 23:58:00,15.08415336
13/03/2006 23:58:00,15.12951561
14/03/2006 23:58:00,15.08522399
15/03/2006 23:58:00,15.15255625
16/03/2006 23:58:00,15.36196719
17/03/2006 23:58:00,15.35962445
20/03/2006 23:58:00,15.39262278
21/03/2006 23:58:00,15.25324487
22/03/2006 23:58:00,15.20912542
23/03/2006 23:58:00,15.33887487
24/03/2006 23:58:00,15.22269004
27/03/2006 23:58:00,15.37445663
28/03/2006 23:58:00,15.31897336
29/03/2006 23:58:00,15.24415239
30/03/2006 23:58:00,15.2626156
31/03/2006 23:58:00,15.4327106
03/04/2006 23:58:00,15.33331024
04/04/2006 23:58:00,15.4812728
05/04/2006 23:58:00,15.53858488
06/04/2006 23:58:00,15.55750009
07/04/2006 23:58:00,15.44641284
10/04/2006 23:58:00,15.52905149
11/04/2006 23:58:00,15.56552874
12/04/2006 23:58:00,15.74368462
13/04/2006 23:58:00,15.69009926
14/04/2006 23:58:00,15.6744231
17/04/2006 23:58:00,15.68591895
18/04/2006 23:58:00,15.86273661
19/04/2006 23:58:00,16.03213492
20/04/2006 23:58:00,16.05896581
21/04/2006 23:58:00,16.06970655
24/04/2006 23:58:00,16.07797412
25/04/2006 23:58:00,16.14727809
26/04/2006 23:58:00,16.20357003
27/04/2006 23:58:00,16.11568716
28/04/2006 23:58:00,16.24140921
01/05/2006 23:58:00,16.19040726
02/05/2006 23:58:00,16.25662214
03/05/2006 23:58:00,16.38444908
04/05/2006 23:58:00,16.41556328
05/05/2006 23:58:00,16.53005461
08/05/2006 23:58:00,16.49834129
09/05/2006 23:58:00,16.47749421
10/05/2006 23:58:00,16.56721372
11/05/2006 23:58:00,16.5235021
12/05/2006 23:58:00,16.69273407
15/05/2006 23:58:00,16.49460456
16/05/2006 23:58:00,16.27953251
17/05/2006 23:58:00,16.42194734
18/05/2006 23:58:00,16.53253666
19/05/2006 23:58:00,16.43564676
22/05/2006 23:58:00,16.42310599
23/05/2006 23:58:00,16.51683335
24/05/2006 23:58:00,16.51661398
25/05/2006 23:58:00,16.5487939
26/05/2006 23:58:00,16.67760141
29/05/2006 23:58:00,16.72485263
30/05/2006 23:58:00,16.84210498
31/05/2006 23:58:00,16.81664145
01/06/2006 23:58:00,16.70953934
02/06/2006 23:58:00,16.81628729
05/06/2006 23:58:00,16.84800639
06/06/2006 23:58:00,16.85228029
07/06/2006 23:58:00,16.71601386
08/06/2006 23:58:00,16.57250429
09/06/2006 23:58:00,16.50827923
12/06/2006 23:58:00,16.52779268
13/06/2006 23:58:00,16.44414214
14/06/2006 23:58:00,16.34677115
15/06/2006 23:58:00,16.4482422
16/06/2006 23:58:00,16.50729056
19/06/2006 23:58:00,16.43766794
20/06/2006 23:58:00,16.42373632
21/06/2006 23:58:00,16.20646979
22/06/2006 23:58:00,16.15365632
23/06/2006 23:58:00,15.9742017
26/06/2006 23:58:00,16.02536111
27/06/2006 23:58:00,16.15787598
28/06/2006 23:58:00,16.23080669
29/06/2006 23:58:00,16.2213336
30/06/2006 23:58:00,16.40403929
03/07/2006 23:58:00,16.5645054
04/07/2006 23:58:00,16.58956172
05/07/2006 23:58:00,16.6046326
06/07/2006 23:58:00,16.37322686
07/07/2006 23:58:00,16.47475794
10/07/2006 23:58:00,16.48686414
11/07/2006 23:58:00,16.50155527
12/07/2006 23:58:00,16.41519501
13/07/2006 23:58:00,16.50007132
14/07/2006 23:58:00,16.36649428
17/07/2006 23:58:00,16.4355527
18/07/2006 23:58:00,16.26266117
19/07/2006 23:58:00,16.41356542
20/07/2006 23:58:00,16.46942797
21/07/2006 23:58:00,16.58714594
24/07/2006 23:58:00,16.60687673
25/07/2006 23:58:00,16.65715915
26/07/2006 23:58:00,16.59438289
27/07/2006 23:58:00,16.7772167
28/07/2006 23:58:00,16.68521953
31/07/2006 23:58:00,16.7532839
01/08/2006 23:58:00,16.73332581
02/08/2006 23:58:00,16.8673821
03/08/2006 23:58:00,16.84309784
04/08/2006 23:58:00,17.00494412
07/08/2006 23:58:00,17.03920843
08/08/2006 23:58:00,16.99135752
09/08/2006 23:58:00,16.92627548
10/08/2006 23:58:00,17.03962602
11/08/2006 23:58:00,16.88427389
14/08/2006 23:58:00,16.78448914
15/08/2006 23:58:00,16.8199926
16/08/2006 23:58:00,16.93563666
17/08/2006 23:58:00,16.95093328
18/08/2006 23:58:00,16.99589662
21/08/2006 23:58:00,16.99355248
22/08/2006 23:58:00,16.90499587
23/08/2006 23:58:00,16.93756842
24/08/2006 23:58:00,16.91355288
25/08/2006 23:58:00,16.84302113
28/08/2006 23:58:00,16.92145298
29/08/2006 23:58:00,16.96989618
30/08/2006 23:58:00,16.89651373
31/08/2006 23:58:00,16.92313252
01/09/2006 23:58:00,16.94897927
04/09/2006 23:58:00,16.92662381
05/09/2006 23:58:00,16.83555841
06/09/2006 23:58:00,16.83815991
07/09/2006 23:58:00,16.83617877
08/09/2006 23:58:00,16.65836456
11/09/2006 23:58:00,16.68944817
12/09/2006 23:58:00,16.75883564
13/09/2006 23:58:00,16.68262235
14/09/2006 23:58:00,16.73067775
15/09/2006 23:58:00,16.73900398
18/09/2006 23:58:00,16.7319497
19/09/2006 23:58:00,16.659428
20/09/2006 23:58:00,16.55136436
21/09/2006 23:58:00,16.54406159
22/09/2006 23:58:00,16.65975817
25/09/2006 23:58:00,16.52878506
26/09/2006 23:58:00,16.51527648
27/09/2006 23:58:00,16.51091565
28/09/2006 23:58:00,16.5348533
29/09/2006 23:58:00,16.45489847
02/10/2006 23:58:00,16.45335408
03/10/2006 23:58:00,16.45407391
04/10/2006 23:58:00,16.49150701
05/10/2006 23:58:00,16.46408823
06/10/2006 23:58:00,16.37083416
09/10/2006 23:58:00,16.40622726
10/10/2006 23:58:00,16.45291435
11/10/2006 23:58:00,16.3315645
12/10/2006 23:58:00,16.33199343
13/10/2006 23:58:00,16.27166792
16/10/2006 23:58:00,16.27516407
17/10/2006 23:58:00,16.22730341
18/10/2006 23:58:00,16.14793872
19/10/2006 23:58:00,16.15885034
20/10/2006 23:58:00,16.29819107
23/10/2006 23:58:00,16.32771386
24/10/2006 23:58:00,16.07612059
25/10/2006 23:58:00,16.15480622
26/10/2006 23:58:00,16.27806376
27/10/2006 23:58:00,16.33693876
30/10/2006 23:58:00,16.25122348
31/10/2006 23:58:00,16.22223018
01/11/2006 23:58:00,16.25122651
02/11/2006 23:58:00,16.31858714
03/11/2006 23:58:00,16.26111566
06/11/2006 23:58:00,16.25884369
07/11/2006 23:58:00,16.35280764
08/11/2006 23:58:00,16.31045947
09/11/2006 23:58:00,16.24840065
10/11/2006 23:58:00,16.40230882
13/11/2006 23:58:00,16.48951005
14/11/2006 23:58:00,16.52919816
15/11/2006 23:58:00,16.63035875
16/11/2006 23:58:00,16.47894562
17/11/2006 23:58:00,16.46913824
20/11/2006 23:58:00,16.5873014
21/11/2006 23:58:00,16.55225786
22/11/2006 23:58:00,16.48081037
23/11/2006 23:58:00,16.55305412
24/11/2006 23:58:00,16.74123072
27/11/2006 23:58:00,16.86625278
28/11/2006 23:58:00,16.96876304
29/11/2006 23:58:00,17.02759427
30/11/2006 23:58:00,17.02239001
01/12/2006 23:58:00,17.3269639
04/12/2006 23:58:00,17.37554582
05/12/2006 23:58:00,17.32092776
06/12/2006 23:58:00,17.37141284
07/12/2006 23:58:00,17.35680046
08/12/2006 23:58:00,17.24585963
11/12/2006 23:58:00,17.22871127
12/12/2006 23:58:00,17.35291814
13/12/2006 23:58:00,17.35692351
14/12/2006 23:58:00,17.18087755
15/12/2006 23:58:00,17.14731846
18/12/2006 23:58:00,17.15754708
19/12/2006 23:58:00,17.2067143
20/12/2006 23:58:00,17.33796431
21/12/2006 23:58:00,17.38134259
22/12/2006 23:58:00,17.51116535
25/12/2006 23:58:00,17.51116535
26/12/2006 23:58:00,17.57440395
27/12/2006 23:58:00,17.43618008
28/12/2006 23:58:00,17.30313767
29/12/2006 23:58:00,17.18030699
01/01/2007 23:58:00,17.29918993
02/01/2007 23:58:00,17.39757859
03/01/2007 23:58:00,17.46140419
04/01/2007 23:58:00,17.30980576
05/01/2007 23:58:00,17.08072117
08/01/2007 23:58:00,17.09875566
09/01/2007 23:58:00,17.03923517
10/01/2007 23:58:00,16.96227186
11/01/2007 23:58:00,16.92638835
12/01/2007 23:58:00,16.87576224
15/01/2007 23:58:00,16.84541943
16/01/2007 23:58:00,16.91455494
17/01/2007 23:58:00,16.86523127
18/01/2007 23:58:00,16.90570213
19/01/2007 23:58:00,16.96620967
22/01/2007 23:58:00,16.9664868
23/01/2007 23:58:00,16.97019857
24/01/2007 23:58:00,16.93492608
25/01/2007 23:58:00,16.97797111
26/01/2007 23:58:00,16.83560281
29/01/2007 23:58:00,16.73120723
30/01/2007 23:58:00,16.78499145
31/01/2007 23:58:00,16.78747185
01/02/2007 23:58:00,16.8526614
02/02/2007 23:58:00,16.99218724
05/02/2007 23:58:00,16.87456804
06/02/2007 23:58:00,16.90159199
07/02/2007 23:58:00,17.02537488
08/02/2007 23:58:00,17.04798743
09/02/2007 23:58:00,16.93563914
12/02/2007 23:58:00,16.89953975
13/02/2007 23:58:00,16.94196054
14/02/2007 23:58:00,16.92800369
15/02/2007 23:58:00,17.1672061
16/02/2007 23:58:00,17.1026429
19/02/2007 23:58:00,17.18504587
20/02/2007 23:58:00,17.247351
21/02/2007 23:58:00,17.19244846
22/02/2007 23:58:00,17.20590489
23/02/2007 23:58:00,17.16586716
26/02/2007 23:58:00,17.25543891
27/02/2007 23:58:00,17.28537257
28/02/2007 23:58:00,17.16893509
01/03/2007 23:58:00,17.26001679
02/03/2007 23:58:00,17.15359734
05/03/2007 23:58:00,17.34829877
06/03/2007 23:58:00,17.07913859
07/03/2007 23:58:00,17.2845027
08/03/2007 23:58:00,17.2181888
09/03/2007 23:58:00,17.15990169
12/03/2007 23:58:00,17.22031109
13/03/2007 23:58:00,17.26484633
14/03/2007 23:58:00,17.36835872
15/03/2007 23:58:00,17.37378506
16/03/2007 23:58:00,17.42565591
19/03/2007 23:58:00,17.48282296
20/03/2007 23:58:00,17.33099347
21/03/2007 23:58:00,17.28965969
22/03/2007 23:58:00,17.42028633
23/03/2007 23:58:00,17.21663417
26/03/2007 23:58:00,17.11820667
27/03/2007 23:58:00,17.10828489
28/03/2007 23:58:00,17.14410755
29/03/2007 23:58:00,17.30883796
30/03/2007 23:58:00,17.15623731
02/04/2007 23:58:00,17.30351447
03/04/2007 23:58:00,17.30238519
04/04/2007 23:58:00,17.19334861
05/04/2007 23:58:00,17.26974852
06/04/2007 23:58:00,17.26934404
09/04/2007 23:58:00,17.34093729
10/04/2007 23:58:00,17.16669346
11/04/2007 23:58:00,17.19028575
12/04/2007 23:58:00,17.23660204
13/04/2007 23:58:00,17.18870442
16/04/2007 23:58:00,17.04058729
17/04/2007 23:58:00,17.08913445
18/04/2007 23:58:00,17.15533492
19/04/2007 23:58:00,17.25021522
20/04/2007 23:58:00,17.01499855
23/04/2007 23:58:00,17.00265784
24/04/2007 23:58:00,16.76052268
25/04/2007 23:58:00,16.76267809
26/04/2007 23:58:00,16.77747538
27/04/2007 23:58:00,16.75305424
30/04/2007 23:58:00,16.91047177
01/05/2007 23:58:00,16.97032235
02/05/2007 23:58:00,16.80721893
03/05/2007 23:58:00,16.87193422
04/05/2007 23:58:00,16.64885933
07/05/2007 23:58:00,16.74345863
08/05/2007 23:58:00,16.71843528
09/05/2007 23:58:00,16.82505455
10/05/2007 23:58:00,17.04901735
11/05/2007 23:58:00,16.78634797
14/05/2007 23:58:00,16.87629705
15/05/2007 23:58:00,16.96547144
16/05/2007 23:58:00,16.98037705
17/05/2007 23:58:00,16.88538892
18/05/2007 23:58:00,16.72684262
21/05/2007 23:58:00,16.86077929
22/05/2007 23:58:00,16.79870702
23/05/2007 23:58:00,16.68727326
24/05/2007 23:58:00,16.69346158
25/05/2007 23:58:00,16.5609685
28/05/2007 23:58:00,16.68409991
29/05/2007 23:58:00,16.66556575
30/05/2007 23:58:00,16.69027707
31/05/2007 23:58:00,16.71517486
01/06/2007 23:58:00,16.60404601
04/06/2007 23:58:00,16.59019477
05/06/2007 23:58:00,16.7291508
06/06/2007 23:58:00,16.87419234
07/06/2007 23:58:00,16.7927267
08/06/2007 23:58:00,16.67825995
11/06/2007 23:58:00,16.53361061
12/06/2007 23:58:00,16.6352303
13/06/2007 23:58:00,16.62103445
14/06/2007 23:58:00,16.62103972
15/06/2007 23:58:00,16.70589192
18/06/2007 23:58:00,16.93980131
19/06/2007 23:58:00,17.01502513
20/06/2007 23:58:00,17.01984514
21/06/2007 23:58:00,17.03180797
22/06/2007 23:58:00,17.06849307
25/06/2007 23:58:00,17.28737847
26/06/2007 23:58:00,17.31738379
27/06/2007 23:58:00,17.37749571
28/06/2007 23:58:00,17.35982586
29/06/2007 23:58:00,17.61101899
02/07/2007 23:58:00,17.76628374
03/07/2007 23:58:00,17.6515615
04/07/2007 23:58:00,17.61145235
05/07/2007 23:58:00,17.61589109
06/07/2007 23:58:00,17.62339857
09/07/2007 23:58:00,17.65358948
10/07/2007 23:58:00,17.54596642
11/07/2007 23:58:00,17.78277746
12/07/2007 23:58:00,17.8636401
13/07/2007 23:58:00,17.74051165
16/07/2007 23:58:00,17.78476224
17/07/2007 23:58:00,17.83033868
18/07/2007 23:58:00,17.85910351
19/07/2007 23:58:00,17.7881039
20/07/2007 23:58:00,17.76071172
23/07/2007 23:58:00,17.75310278
24/07/2007 23:58:00,17.85834799
25/07/2007 23:58:00,17.70774627
26/07/2007 23:58:00,17.66909986
27/07/2007 23:58:00,17.41985642
30/07/2007 23:58:00,17.46869295
31/07/2007 23:58:00,17.57428093
01/08/2007 23:58:00,17.41716977
02/08/2007 23:58:00,17.35647573
03/08/2007 23:58:00,17.47076961
06/08/2007 23:58:00,17.60590508
07/08/2007 23:58:00,17.55308925
08/08/2007 23:58:00,17.45271522
09/08/2007 23:58:00,17.59420376
10/08/2007 23:58:00,17.39280155
13/08/2007 23:58:00,17.33172958
14/08/2007 23:58:00,17.33910503
15/08/2007 23:58:00,17.32883945
16/08/2007 23:58:00,17.02983831
17/08/2007 23:58:00,16.97945146
20/08/2007 23:58:00,17.02357237
21/08/2007 23:58:00,16.88723947
22/08/2007 23:58:00,16.98387025
23/08/2007 23:58:00,16.99312355
24/08/2007 23:58:00,17.10432618
27/08/2007 23:58:00,17.20511506
28/08/2007 23:58:00,17.25006307
29/08/2007 23:58:00,17.16156104
30/08/2007 23:58:00,17.25355665
31/08/2007 23:58:00,17.02542783
03/09/2007 23:58:00,17.07450807
04/09/2007 23:58:00,17.02487953
05/09/2007 23:58:00,16.8359856
06/09/2007 23:58:00,16.73886121
07/09/2007 23:58:00,16.85397938
11/09/2007 23:58:00,16.91566033
12/09/2007 23:58:00,16.95877358
13/09/2007 23:58:00,16.87659397
14/09/2007 23:58:00,16.67011468
17/09/2007 23:58:00,16.58397333
18/09/2007 23:58:00,16.56179212
19/09/2007 23:58:00,16.66652775
20/09/2007 23:58:00,16.45004555
21/09/2007 23:58:00,16.57428629
24/09/2007 23:58:00,16.46319563
25/09/2007 23:58:00,16.60595372
26/09/2007 23:58:00,16.64552708
27/09/2007 23:58:00,16.67073066
28/09/2007 23:58:00,16.90155881
01/10/2007 23:58:00,16.8721023
02/10/2007 23:58:00,16.76964126
03/10/2007 23:58:00,16.66242879
04/10/2007 23:58:00,16.51339053
05/10/2007 23:58:00,16.7062364
08/10/2007 23:58:00,16.57694067
09/10/2007 23:58:00,16.52109672
10/10/2007 23:58:00,16.7314427
11/10/2007 23:58:00,16.84309903
12/10/2007 23:58:00,16.65175876
15/10/2007 23:58:00,16.77540712
16/10/2007 23:58:00,16.63338973
17/10/2007 23:58:00,16.84419399
18/10/2007 23:58:00,16.90167904
19/10/2007 23:58:00,16.80224851
22/10/2007 23:58:00,16.61303809
23/10/2007 23:58:00,16.74597435
24/10/2007 23:58:00,16.77602115
25/10/2007 23:58:00,16.92739803
26/10/2007 23:58:00,16.94816403
29/10/2007 23:58:00,17.00858744
30/10/2007 23:58:00,17.04609475
31/10/2007 23:58:00,17.09386008
01/11/2007 23:58:00,17.07376478
02/11/2007 23:58:00,17.08140833
05/11/2007 23:58:00,16.95870034
06/11/2007 23:58:00,16.9710477
07/11/2007 23:58:00,16.96245867
08/11/2007 23:58:00,17.00489575
09/11/2007 23:58:00,16.84935045
12/11/2007 23:58:00,16.62588367
13/11/2007 23:58:00,16.67853336
14/11/2007 23:58:00,16.78566835
15/11/2007 23:58:00,16.67332772
16/11/2007 23:58:00,16.54349633
19/11/2007 23:58:00,16.55182595
20/11/2007 23:58:00,16.63381454
21/11/2007 23:58:00,16.48123255
22/11/2007 23:58:00,16.17140743
23/11/2007 23:58:00,16.33124354
27/11/2007 23:58:00,16.43194016
28/11/2007 23:58:00,16.643988
29/11/2007 23:58:00,16.61962951
30/11/2007 23:58:00,16.66173957
03/12/2007 23:58:00,16.59760428
04/12/2007 23:58:00,16.34762358
05/12/2007 23:58:00,16.43706425
06/12/2007 23:58:00,16.45172057
07/12/2007 23:58:00,16.49830212
10/12/2007 23:58:00,16.5158255
11/12/2007 23:58:00,16.49095539
12/12/2007 23:58:00,16.48860722
13/12/2007 23:58:00,16.33043897
14/12/2007 23:58:00,16.03072112
17/12/2007 23:58:00,16.04507077
18/12/2007 23:58:00,16.11985418
19/12/2007 23:58:00,16.12363194
20/12/2007 23:58:00,16.1601735
21/12/2007 23:58:00,16.22487779
24/12/2007 23:58:00,16.23190782
25/12/2007 23:58:00,16.22487779
27/12/2007 23:58:00,16.19376156
28/12/2007 23:58:00,16.06360759
31/12/2007 23:58:00,16.09553424
01/01/2008 23:58:00,16.11886526
02/01/2008 23:58:00,16.25252816
03/01/2008 23:58:00,16.18465951
04/01/2008 23:58:00,16.15362356
07/01/2008 23:58:00,16.07353653
08/01/2008 23:58:00,16.13070459
09/01/2008 23:58:00,15.77099412
10/01/2008 23:58:00,15.83525099
11/01/2008 23:58:00,15.78766699
14/01/2008 23:58:00,15.83949256
15/01/2008 23:58:00,15.7714283
16/01/2008 23:58:00,15.5947922
17/01/2008 23:58:00,15.69460539
18/01/2008 23:58:00,15.61988055
21/01/2008 23:58:00,15.31145743
22/01/2008 23:58:00,15.33390524
23/01/2008 23:58:00,15.3037642
24/01/2008 23:58:00,15.46550891
25/01/2008 23:58:00,15.26309645
28/01/2008 23:58:00,15.50404383
29/01/2008 23:58:00,15.58983718
30/01/2008 23:58:00,15.71993586
31/01/2008 23:58:00,15.7665931
01/02/2008 23:58:00,15.95944402
04/02/2008 23:58:00,16.11357257
05/02/2008 23:58:00,16.02721886
06/02/2008 23:58:00,15.80554868
07/02/2008 23:58:00,15.63599611
08/02/2008 23:58:00,15.6698372
11/02/2008 23:58:00,15.76877042
12/02/2008 23:58:00,15.99700847
13/02/2008 23:58:00,15.89556408
14/02/2008 23:58:00,15.95034654
15/02/2008 23:58:00,15.99523168
18/02/2008 23:58:00,16.02037099
19/02/2008 23:58:00,16.1465538
20/02/2008 23:58:00,16.16155885
21/02/2008 23:58:00,16.23881184
22/02/2008 23:58:00,16.22032835
25/02/2008 23:58:00,16.2307348
26/02/2008 23:58:00,16.36726128
27/02/2008 23:58:00,16.57410105
28/02/2008 23:58:00,16.51636442
29/02/2008 23:58:00,16.22555577
03/03/2008 23:58:00,16.4288626
04/03/2008 23:58:00,16.47234704
05/03/2008 23:58:00,16.60151219
06/03/2008 23:58:00,16.69404246
07/03/2008 23:58:00,16.60572791
10/03/2008 23:58:00,16.66074295
11/03/2008 23:58:00,16.76053392
12/03/2008 23:58:00,16.82688644
13/03/2008 23:58:00,16.95356402
14/03/2008 23:58:00,16.86374314
17/03/2008 23:58:00,17.01749201
18/03/2008 23:58:00,17.07808766
19/03/2008 23:58:00,16.91662417
20/03/2008 23:58:00,16.71647343
21/03/2008 23:58:00,16.67911818
24/03/2008 23:58:00,16.67911818
25/03/2008 23:58:00,16.89530057
26/03/2008 23:58:00,17.05641881
27/03/2008 23:58:00,17.05884858
28/03/2008 23:58:00,16.840964
31/03/2008 23:58:00,16.98705375
02/04/2008 23:58:00,16.87877879
03/04/2008 23:58:00,16.89141083
04/04/2008 23:58:00,16.97586125
07/04/2008 23:58:00,17.14156737
08/04/2008 23:58:00,17.11676446
09/04/2008 23:58:00,17.22710137
10/04/2008 23:58:00,17.29910228
11/04/2008 23:58:00,17.39786541
14/04/2008 23:58:00,17.48947177
15/04/2008 23:58:00,17.49034714
16/04/2008 23:58:00,17.61565654
17/04/2008 23:58:00,17.66671063
18/04/2008 23:58:00,17.54834673
21/04/2008 23:58:00,17.83915755
22/04/2008 23:58:00,17.99810193
23/04/2008 23:58:00,17.81691377
24/04/2008 23:58:00,17.54382102
25/04/2008 23:58:00,17.2910103
28/04/2008 23:58:00,17.33544056
29/04/2008 23:58:00,17.14382915
30/04/2008 23:58:00,17.29667196
02/05/2008 23:58:00,17.24968038
05/05/2008 23:58:00,17.3451476
06/05/2008 23:58:00,17.34530223
07/05/2008 23:58:00,17.4277639
08/05/2008 23:58:00,17.48647591
09/05/2008 23:58:00,17.39780693
12/05/2008 23:58:00,17.57383516
13/05/2008 23:58:00,17.8818214
14/05/2008 23:58:00,17.95355323
15/05/2008 23:58:00,18.01632836
16/05/2008 23:58:00,18.22350273
19/05/2008 23:58:00,18.19044736
20/05/2008 23:58:00,18.41443355
21/05/2008 23:58:00,18.46540438
22/05/2008 23:58:00,18.4955561
23/05/2008 23:58:00,18.42913349
26/05/2008 23:58:00,18.38829574
27/05/2008 23:58:00,18.4046257
28/05/2008 23:58:00,18.24199238
29/05/2008 23:58:00,18.27118186
30/05/2008 23:58:00,18.34181443
02/06/2008 23:58:00,18.2403803
03/06/2008 23:58:00,18.09776751
04/06/2008 23:58:00,18.20408477
05/06/2008 23:58:00,18.44764378
06/06/2008 23:58:00,18.45901202
09/06/2008 23:58:00,18.34776231
10/06/2008 23:58:00,18.07706879
11/06/2008 23:58:00,18.09849574
12/06/2008 23:58:00,18.05278685
13/06/2008 23:58:00,18.03866198
16/06/2008 23:58:00,18.12462958
17/06/2008 23:58:00,18.2024291
18/06/2008 23:58:00,18.19656798
19/06/2008 23:58:00,18.16540177
20/06/2008 23:58:00,18.31251029
23/06/2008 23:58:00,18.14662808
24/06/2008 23:58:00,18.26350109
25/06/2008 23:58:00,18.27518267
26/06/2008 23:58:00,18.46087237
27/06/2008 23:58:00,18.52181047
30/06/2008 23:58:00,18.59411572
02/07/2008 23:58:00,18.90053002
03/07/2008 23:58:00,18.94771436
04/07/2008 23:58:00,18.83579603
07/07/2008 23:58:00,18.90431933
08/07/2008 23:58:00,19.05038484
09/07/2008 23:58:00,19.31264833
10/07/2008 23:58:00,19.10021701
11/07/2008 23:58:00,19.01362807
14/07/2008 23:58:00,19.05648569
15/07/2008 23:58:00,19.12474489
16/07/2008 23:58:00,19.14519256
17/07/2008 23:58:00,19.10533819
18/07/2008 23:58:00,19.13542073
21/07/2008 23:58:00,19.11404879
22/07/2008 23:58:00,19.02453166
23/07/2008 23:58:00,18.53026785
24/07/2008 23:58:00,18.47520998
25/07/2008 23:58:00,18.66743192
28/07/2008 23:58:00,18.84076081
29/07/2008 23:58:00,18.81072461
30/07/2008 23:58:00,18.76509853
31/07/2008 23:58:00,18.86207043
01/08/2008 23:58:00,18.80290444
02/08/2008 23:58:00,18.80290444
03/08/2008 23:58:00,18.80290444
04/08/2008 23:58:00,18.90256953
05/08/2008 23:58:00,18.72632088
06/08/2008 23:58:00,18.65088509
07/08/2008 23:58:00,18.57604153
08/08/2008 23:58:00,17.94981381
09/08/2008 23:58:00,17.94981381
10/08/2008 23:58:00,17.94981381
11/08/2008 23:58:00,17.69895428
12/08/2008 23:58:00,17.898348
13/08/2008 23:58:00,18.05697796
14/08/2008 23:58:00,18.08997282
15/08/2008 23:58:00,17.76479847
16/08/2008 23:58:00,17.76479847
17/08/2008 23:58:00,17.76479847
18/08/2008 23:58:00,18.25382838
19/08/2008 23:58:00,18.29293884
20/08/2008 23:58:00,18.24893087
21/08/2008 23:58:00,18.36384384
22/08/2008 23:58:00,18.19501072
23/08/2008 23:58:00,18.19501072
24/08/2008 23:58:00,18.19501072
25/08/2008 23:58:00,18.347215
26/08/2008 23:58:00,18.12240623
27/08/2008 23:58:00,18.16645843
28/08/2008 23:58:00,18.1753829
29/08/2008 23:58:00,18.17556838
01/09/2008 23:58:00,18.35002479
02/09/2008 23:58:00,18.28423872
03/09/2008 23:58:00,18.06296279
04/09/2008 23:58:00,17.85518885
05/09/2008 23:58:00,17.68699652
08/09/2008 23:58:00,17.41269179
09/09/2008 23:58:00,17.75320085
10/09/2008 23:58:00,17.64735825
11/09/2008 23:58:00,17.58280055
12/09/2008 23:58:00,18.01382271
15/09/2008 23:58:00,18.04117611
16/09/2008 23:58:00,18.2804115
17/09/2008 23:58:00,17.90064475
18/09/2008 23:58:00,18.36695191
19/09/2008 23:58:00,18.15707909
22/09/2008 23:58:00,18.47070826
23/09/2008 23:58:00,18.57705229
24/09/2008 23:58:00,18.45321835
25/09/2008 23:58:00,18.47243324
26/09/2008 23:58:00,18.49047558
29/09/2008 23:58:00,18.08362483
30/09/2008 23:58:00,17.54753897
01/10/2008 23:58:00,17.54596828
02/10/2008 23:58:00,16.85152892
03/10/2008 23:58:00,17.04328545
06/10/2008 23:58:00,16.27210826
07/10/2008 23:58:00,16.67179071
08/10/2008 23:58:00,16.96684473
09/10/2008 23:58:00,17.06029942
10/10/2008 23:58:00,17.17371231
13/10/2008 23:58:00,17.24007013
14/10/2008 23:58:00,17.46334321
15/10/2008 23:58:00,17.40498342
16/10/2008 23:58:00,17.27611641
17/10/2008 23:58:00,18.00258095
20/10/2008 23:58:00,17.89299595
21/10/2008 23:58:00,17.75425719
22/10/2008 23:58:00,17.88146335
23/10/2008 23:58:00,17.8119832
24/10/2008 23:58:00,17.40172069
27/10/2008 23:58:00,16.80694954
28/10/2008 23:58:00,16.62136573
29/10/2008 23:58:00,17.68694584
30/10/2008 23:58:00,17.60044157
31/10/2008 23:58:00,17.2677382
03/11/2008 23:58:00,16.78918474
04/11/2008 23:58:00,16.97200641
05/11/2008 23:58:00,16.79193609
06/11/2008 23:58:00,16.34792144
07/11/2008 23:58:00,16.4203582
10/11/2008 23:58:00,16.12685386
11/11/2008 23:58:00,15.87147438
12/11/2008 23:58:00,16.16060571
13/11/2008 23:58:00,16.2084818
14/11/2008 23:58:00,16.72426174
17/11/2008 23:58:00,16.38873952
18/11/2008 23:58:00,16.47133079
19/11/2008 23:58:00,16.30821777
20/11/2008 23:58:00,16.55313944
21/11/2008 23:58:00,16.26978393
24/11/2008 23:58:00,16.99395923
25/11/2008 23:58:00,17.04293105
26/11/2008 23:58:00,16.45434796
27/11/2008 23:58:00,16.54923153
28/11/2008 23:58:00,16.79690121
01/12/2008 23:58:00,16.81621662
02/12/2008 23:58:00,16.72822556
03/12/2008 23:58:00,16.53168792
04/12/2008 23:58:00,16.63345049
05/12/2008 23:58:00,16.28861528
08/12/2008 23:58:00,16.54702505
09/12/2008 23:58:00,16.32454059
10/12/2008 23:58:00,16.42562451
11/12/2008 23:58:00,16.49003208
12/12/2008 23:58:00,16.45615809
15/12/2008 23:58:00,16.52066509
16/12/2008 23:58:00,16.77188266
17/12/2008 23:58:00,17.30106178
18/12/2008 23:58:00,17.02818134
19/12/2008 23:58:00,16.73235594
22/12/2008 23:58:00,17.14464524
23/12/2008 23:58:00,17.24651521
24/12/2008 23:58:00,17.04862183
25/12/2008 23:58:00,17.26531154
26/12/2008 23:58:00,17.26531154
29/12/2008 23:58:00,16.85930937
30/12/2008 23:58:00,17.12619272
31/12/2008 23:58:00,16.99010223
01/01/2009 23:58:00,16.99010223
02/01/2009 23:58:00,16.86770154
05/01/2009 23:58:00,16.2097939
06/01/2009 23:58:00,16.0846926
07/01/2009 23:58:00,16.20689621
08/01/2009 23:58:00,15.95835918
09/01/2009 23:58:00,15.48745793
12/01/2009 23:58:00,15.00928554
13/01/2009 23:58:00,15.22382454
14/01/2009 23:58:00,14.98998594
15/01/2009 23:58:00,14.88424674
16/01/2009 23:58:00,15.06441605
19/01/2009 23:58:00,14.8910905
20/01/2009 23:58:00,14.7068194
21/01/2009 23:58:00,14.69859683
22/01/2009 23:58:00,14.68655523
23/01/2009 23:58:00,14.69893207
26/01/2009 23:58:00,15.10502359
27/01/2009 23:58:00,15.24147163
28/01/2009 23:58:00,15.31257828
29/01/2009 23:58:00,15.05081276
30/01/2009 23:58:00,14.57413678
02/02/2009 23:58:00,14.54499495
03/02/2009 23:58:00,14.80257553
04/02/2009 23:58:00,14.54232275
05/02/2009 23:58:00,14.71796724
06/02/2009 23:58:00,14.72785283
09/02/2009 23:58:00,15.01175282
10/02/2009 23:58:00,14.84495755
11/02/2009 23:58:00,14.66481583
12/02/2009 23:58:00,14.58792192
13/02/2009 23:58:00,14.67172162
16/02/2009 23:58:00,14.44480661
17/02/2009 23:58:00,14.47260567
18/02/2009 23:58:00,14.67456805
19/02/2009 23:58:00,14.77421659
20/02/2009 23:58:00,14.65853803
23/02/2009 23:58:00,14.74121665
24/02/2009 23:58:00,14.84505916
25/02/2009 23:58:00,14.83540061
26/02/2009 23:58:00,14.96303325
27/02/2009 23:58:00,14.98520668
02/03/2009 23:58:00,15.11081093
03/03/2009 23:58:00,15.18154403
04/03/2009 23:58:00,15.1712334
05/03/2009 23:58:00,15.21187641
06/03/2009 23:58:00,15.28365622
09/03/2009 23:58:00,15.23953811
10/03/2009 23:58:00,15.36470411
11/03/2009 23:58:00,15.2782844
12/03/2009 23:58:00,15.51525167
13/03/2009 23:58:00,15.55229981
16/03/2009 23:58:00,15.60026739
17/03/2009 23:58:00,15.57840024
18/03/2009 23:58:00,15.70557034
19/03/2009 23:58:00,16.08503813
20/03/2009 23:58:00,16.01798449
23/03/2009 23:58:00,15.95635334
24/03/2009 23:58:00,15.95435044
25/03/2009 23:58:00,16.01328137
26/03/2009 23:58:00,16.14119443
27/03/2009 23:58:00,15.98349058
30/03/2009 23:58:00,15.89800328
31/03/2009 23:58:00,15.94724398
01/04/2009 23:58:00,15.84817462
02/04/2009 23:58:00,16.06837856
03/04/2009 23:58:00,16.04790411
06/04/2009 23:58:00,16.08559693
07/04/2009 23:58:00,15.93809943
08/04/2009 23:58:00,15.99655055
09/04/2009 23:58:00,15.89321571
10/04/2009 23:58:00,15.84748988
14/04/2009 23:58:00,15.94261886
15/04/2009 23:58:00,15.65265399
16/04/2009 23:58:00,15.67185328
17/04/2009 23:58:00,15.3726072
20/04/2009 23:58:00,15.25680458
21/04/2009 23:58:00,15.45345512
22/04/2009 23:58:00,15.45434984
23/04/2009 23:58:00,15.35215993
24/04/2009 23:58:00,15.61160553
27/04/2009 23:58:00,15.68864513
28/04/2009 23:58:00,15.66384043
29/04/2009 23:58:00,15.96280642
30/04/2009 23:58:00,15.56188301
01/05/2009 23:58:00,15.56314851
04/05/2009 23:58:00,15.89096357
05/05/2009 23:58:00,15.9211545
06/05/2009 23:58:00,15.8730361
07/05/2009 23:58:00,16.03167867
08/05/2009 23:58:00,16.07469869
11/05/2009 23:58:00,16.19349531
12/05/2009 23:58:00,16.24295334
13/05/2009 23:58:00,16.19506884
14/05/2009 23:58:00,16.27682532
15/05/2009 23:58:00,16.04389851
18/05/2009 23:58:00,15.46973524
19/05/2009 23:58:00,15.59120335
20/05/2009 23:58:00,15.68567506
21/05/2009 23:58:00,15.70492764
22/05/2009 23:58:00,15.86305494
25/05/2009 23:58:00,15.92656208
26/05/2009 23:58:00,15.98768754
27/05/2009 23:58:00,15.8633007
28/05/2009 23:58:00,15.83833317
29/05/2009 23:58:00,15.90336522
02/06/2009 23:58:00,16.05521524
03/06/2009 23:58:00,15.84905015
04/06/2009 23:58:00,15.92552533
05/06/2009 23:58:00,15.62545733
08/06/2009 23:58:00,15.64819087
09/06/2009 23:58:00,15.8237893
10/06/2009 23:58:00,15.76923074
11/06/2009 23:58:00,15.97578205
12/06/2009 23:58:00,15.86964509
15/06/2009 23:58:00,15.64324012
16/06/2009 23:58:00,15.69275818
17/06/2009 23:58:00,15.78419436
18/06/2009 23:58:00,15.9091059
19/06/2009 23:58:00,16.03599983
22/06/2009 23:58:00,15.84687576
23/06/2009 23:58:00,16.15962723
24/06/2009 23:58:00,16.08697096
25/06/2009 23:58:00,16.08188258
26/06/2009 23:58:00,16.06018042
29/06/2009 23:58:00,16.07342452
30/06/2009 23:58:00,15.96719747
01/07/2009 23:58:00,16.22376648
02/07/2009 23:58:00,15.98603738
03/07/2009 23:58:00,15.96518114
06/07/2009 23:58:00,16.10017903
07/07/2009 23:58:00,16.00339286
08/07/2009 23:58:00,16.09816375
09/07/2009 23:58:00,16.24345307
10/07/2009 23:58:00,16.16532115
13/07/2009 23:58:00,16.38051238
14/07/2009 23:58:00,16.20988921
15/07/2009 23:58:00,16.21252278
16/07/2009 23:58:00,16.20074152
17/07/2009 23:58:00,16.22552113
20/07/2009 23:58:00,16.21087666
21/07/2009 23:58:00,16.26492636
22/07/2009 23:58:00,16.3108986
23/07/2009 23:58:00,16.34940983
24/07/2009 23:58:00,16.29095576
27/07/2009 23:58:00,16.2830538
28/07/2009 23:58:00,16.27489409
29/07/2009 23:58:00,16.15813525
30/07/2009 23:58:00,16.18662777
31/07/2009 23:58:00,16.19931951
03/08/2009 23:58:00,16.38879295
04/08/2009 23:58:00,16.31776123
05/08/2009 23:58:00,16.34202464
06/08/2009 23:58:00,16.30393064
07/08/2009 23:58:00,16.17633143
10/08/2009 23:58:00,16.08950777
11/08/2009 23:58:00,16.12288803
12/08/2009 23:58:00,16.32365357
13/08/2009 23:58:00,16.36326446
14/08/2009 23:58:00,16.30534032
17/08/2009 23:58:00,16.26134105
18/08/2009 23:58:00,16.37155306
19/08/2009 23:58:00,16.47239964
20/08/2009 23:58:00,16.41267992
21/08/2009 23:58:00,16.43523678
24/08/2009 23:58:00,16.47909842
25/08/2009 23:58:00,16.58986302
26/08/2009 23:58:00,16.48549981
27/08/2009 23:58:00,16.57310406
28/08/2009 23:58:00,16.5766009
31/08/2009 23:58:00,16.62177318
01/09/2009 23:58:00,16.50647611
02/09/2009 23:58:00,16.47193579
03/09/2009 23:58:00,16.47425937
04/09/2009 23:58:00,16.44589668
07/09/2009 23:58:00,16.45368879
08/09/2009 23:58:00,16.59246558
09/09/2009 23:58:00,16.67527236
10/09/2009 23:58:00,16.68177756
11/09/2009 23:58:00,16.5353466
14/09/2009 23:58:00,16.66358266
15/09/2009 23:58:00,16.66987633
16/09/2009 23:58:00,16.66009181
17/09/2009 23:58:00,16.66377458
18/09/2009 23:58:00,16.61869469
21/09/2009 23:58:00,16.58373057
22/09/2009 23:58:00,16.75546554
23/09/2009 23:58:00,16.78075214
24/09/2009 23:58:00,16.75925273
25/09/2009 23:58:00,16.82330227
28/09/2009 23:58:00,16.69382167
29/09/2009 23:58:00,16.76186486
30/09/2009 23:58:00,16.6550543
01/10/2009 23:58:00,16.33688069
02/10/2009 23:58:00,16.31040006
05/10/2009 23:58:00,16.32338223
06/10/2009 23:58:00,16.2335631
07/10/2009 23:58:00,16.0716008
08/10/2009 23:58:00,16.08309816
09/10/2009 23:58:00,16.0227621
12/10/2009 23:58:00,16.09517159
13/10/2009 23:58:00,16.0587764
14/10/2009 23:58:00,16.02632853
15/10/2009 23:58:00,16.03056087
16/10/2009 23:58:00,16.0958781
19/10/2009 23:58:00,16.08105257
20/10/2009 23:58:00,16.1250739
21/10/2009 23:58:00,16.26415212
22/10/2009 23:58:00,16.3138711
23/10/2009 23:58:00,16.32259863
26/10/2009 23:58:00,16.23025659
27/10/2009 23:58:00,16.21515172
28/10/2009 23:58:00,16.19345078
29/10/2009 23:58:00,16.30989411
30/10/2009 23:58:00,16.09536863
02/11/2009 23:58:00,16.15185468
03/11/2009 23:58:00,16.16434596
04/11/2009 23:58:00,16.16189515
05/11/2009 23:58:00,16.25276971
06/11/2009 23:58:00,16.14451995
09/11/2009 23:58:00,16.25521445
10/11/2009 23:58:00,16.19170794
11/11/2009 23:58:00,16.23622398
12/11/2009 23:58:00,16.17723523
13/11/2009 23:58:00,16.06459434
16/11/2009 23:58:00,16.07929514
17/11/2009 23:58:00,16.02815227
18/11/2009 23:58:00,16.20101888
19/11/2009 23:58:00,16.26826001
20/11/2009 23:58:00,16.22450719
23/11/2009 23:58:00,16.29640044
24/11/2009 23:58:00,16.27016169
25/11/2009 23:58:00,16.34051913
26/11/2009 23:58:00,16.36325357
27/11/2009 23:58:00,16.29767367
30/11/2009 23:58:00,16.37286308
01/12/2009 23:58:00,16.49409492
02/12/2009 23:58:00,16.46589205
03/12/2009 23:58:00,16.54081248
04/12/2009 23:58:00,16.30763748
07/12/2009 23:58:00,16.30341722
08/12/2009 23:58:00,16.28804016
09/12/2009 23:58:00,16.16902949
10/12/2009 23:58:00,16.19312838
11/12/2009 23:58:00,16.05451331
14/12/2009 23:58:00,16.13748732
15/12/2009 23:58:00,16.02565825
16/12/2009 23:58:00,16.0327617
17/12/2009 23:58:00,15.96756577
18/12/2009 23:58:00,15.88375334
21/12/2009 23:58:00,15.95161827
22/12/2009 23:58:00,15.84332016
23/12/2009 23:58:00,16.02893734
28/12/2009 23:58:00,15.95452337
29/12/2009 23:58:00,15.88970021
30/12/2009 23:58:00,15.76164325
04/01/2010 23:58:00,15.88960207
05/01/2010 23:58:00,15.94027573
06/01/2010 23:58:00,15.88547983
07/01/2010 23:58:00,15.75231001
08/01/2010 23:58:00,15.74036928
11/01/2010 23:58:00,16.02133416
12/01/2010 23:58:00,16.05702188
13/01/2010 23:58:00,16.02762401
14/01/2010 23:58:00,16.01511383
15/01/2010 23:58:00,16.08816267
18/01/2010 23:58:00,16.06180029
19/01/2010 23:58:00,15.94158525
20/01/2010 23:58:00,15.77492707
21/01/2010 23:58:00,15.78554548
22/01/2010 23:58:00,15.81030212
25/01/2010 23:58:00,15.89718785
26/01/2010 23:58:00,15.69008559
27/01/2010 23:58:00,15.83088378
28/01/2010 23:58:00,15.7085237
29/01/2010 23:58:00,15.65988381
01/02/2010 23:58:00,15.81738631
02/02/2010 23:58:00,15.79740923
03/02/2010 23:58:00,15.60746696
04/02/2010 23:58:00,15.45174878
05/02/2010 23:58:00,15.36686621
08/02/2010 23:58:00,15.52136632
09/02/2010 23:58:00,15.56502469
10/02/2010 23:58:00,15.51103676
11/02/2010 23:58:00,15.45430276
12/02/2010 23:58:00,15.36627361
15/02/2010 23:58:00,15.35794745
16/02/2010 23:58:00,15.39440195
17/02/2010 23:58:00,15.27033722
18/02/2010 23:58:00,15.20614294
19/02/2010 23:58:00,15.19878838
22/02/2010 23:58:00,15.23362606
23/02/2010 23:58:00,15.22073815
24/02/2010 23:58:00,15.28968737
25/02/2010 23:58:00,15.17734186
26/02/2010 23:58:00,15.31020663
01/03/2010 23:58:00,15.15700644
02/03/2010 23:58:00,15.26633459
03/03/2010 23:58:00,15.35686547
04/03/2010 23:58:00,15.19042063
05/03/2010 23:58:00,15.16212954
08/03/2010 23:58:00,15.15859737
09/03/2010 23:58:00,15.14849153
10/03/2010 23:58:00,15.1700816
11/03/2010 23:58:00,15.21593552
12/03/2010 23:58:00,15.35175589
15/03/2010 23:58:00,15.27510446
16/03/2010 23:58:00,15.31841646
17/03/2010 23:58:00,15.32733026
18/03/2010 23:58:00,15.19025461
19/03/2010 23:58:00,15.04772007
22/03/2010 23:58:00,15.14808268
23/03/2010 23:58:00,15.13333318
24/03/2010 23:58:00,14.97163926
25/03/2010 23:58:00,14.99274882
26/03/2010 23:58:00,14.88042216
29/03/2010 23:58:00,14.88619328
30/03/2010 23:58:00,14.84098919
31/03/2010 23:58:00,14.82560038
01/04/2010 23:58:00,14.79221217
02/04/2010 23:58:00,14.86119827
05/04/2010 23:58:00,14.71261282
06/04/2010 23:58:00,14.53151095
07/04/2010 23:58:00,14.53783428
08/04/2010 23:58:00,14.43312359
09/04/2010 23:58:00,14.42159969
12/04/2010 23:58:00,14.63559511
13/04/2010 23:58:00,14.65658352
14/04/2010 23:58:00,14.63422664
15/04/2010 23:58:00,14.53083947
16/04/2010 23:58:00,14.44241631
19/04/2010 23:58:00,14.51642185
20/04/2010 23:58:00,14.44187766
21/04/2010 23:58:00,14.4207346
22/04/2010 23:58:00,14.3211624
23/04/2010 23:58:00,14.3990373
26/04/2010 23:58:00,14.37528421
27/04/2010 23:58:00,14.27241182
28/04/2010 23:58:00,14.16340393
29/04/2010 23:58:00,14.28571393
30/04/2010 23:58:00,14.30881142
03/05/2010 23:58:00,14.21846463
04/05/2010 23:58:00,14.05096798
05/05/2010 23:58:00,13.84943153
06/05/2010 23:58:00,13.79163843
07/05/2010 23:58:00,13.80150693
10/05/2010 23:58:00,13.85593991
11/05/2010 23:58:00,13.74495878
12/05/2010 23:58:00,13.63939785
13/05/2010 23:58:00,13.6363635
14/05/2010 23:58:00,13.4320824
17/05/2010 23:58:00,13.3823223
18/05/2010 23:58:00,13.45421243
19/05/2010 23:58:00,13.59770789
20/05/2010 23:58:00,13.79900766
21/05/2010 23:58:00,14.10304173
25/05/2010 23:58:00,14.00176938
26/05/2010 23:58:00,13.85212601
27/05/2010 23:58:00,13.95251592
28/05/2010 23:58:00,13.77894157
31/05/2010 23:58:00,13.60789023
01/06/2010 23:58:00,13.86996956
02/06/2010 23:58:00,13.68581104
03/06/2010 23:58:00,13.55606083
04/06/2010 23:58:00,13.38742355
07/06/2010 23:58:00,13.24257738
08/06/2010 23:58:00,13.35405497
09/06/2010 23:58:00,13.41260738
10/06/2010 23:58:00,13.46214729
11/06/2010 23:58:00,13.38352735
14/06/2010 23:58:00,13.51272632
15/06/2010 23:58:00,13.54428156
16/06/2010 23:58:00,13.55155153
17/06/2010 23:58:00,13.49001895
18/06/2010 23:58:00,13.45360972
21/06/2010 23:58:00,13.40418018
22/06/2010 23:58:00,13.43531948
23/06/2010 23:58:00,13.40128344
24/06/2010 23:58:00,13.5385876
25/06/2010 23:58:00,13.34818048
28/06/2010 23:58:00,13.03253868
29/06/2010 23:58:00,12.91462579
30/06/2010 23:58:00,13.11141875
01/07/2010 23:58:00,13.37386852
02/07/2010 23:58:00,13.68284933
05/07/2010 23:58:00,13.7918005
06/07/2010 23:58:00,13.95836408
07/07/2010 23:58:00,13.99278738
08/07/2010 23:58:00,14.00186081
09/07/2010 23:58:00,13.93314937
12/07/2010 23:58:00,13.8600917
13/07/2010 23:58:00,13.90228536
14/07/2010 23:58:00,14.02305047
15/07/2010 23:58:00,14.09027445
16/07/2010 23:58:00,14.18116624
19/07/2010 23:58:00,14.03214981
20/07/2010 23:58:00,14.30994269
21/07/2010 23:58:00,14.18882222
22/07/2010 23:58:00,14.26535228
23/07/2010 23:58:00,14.17558457
26/07/2010 23:58:00,14.38931855
27/07/2010 23:58:00,14.28991508
28/07/2010 23:58:00,14.30979492
29/07/2010 23:58:00,14.328008
30/07/2010 23:58:00,14.30290282
02/08/2010 23:58:00,14.35494916
03/08/2010 23:58:00,14.45429736
04/08/2010 23:58:00,14.28482666
05/08/2010 23:58:00,14.2809298
06/08/2010 23:58:00,14.43875453
09/08/2010 23:58:00,14.46446478
10/08/2010 23:58:00,14.35568367
11/08/2010 23:58:00,14.21293455
12/08/2010 23:58:00,14.24736882
13/08/2010 23:58:00,14.09174726
16/08/2010 23:58:00,14.20447262
17/08/2010 23:58:00,14.24580464
18/08/2010 23:58:00,14.1936074
19/08/2010 23:58:00,14.1210515
20/08/2010 23:58:00,14.02841281
23/08/2010 23:58:00,13.97532848
24/08/2010 23:58:00,14.05121708
25/08/2010 23:58:00,14.02081862
26/08/2010 23:58:00,14.03780364
27/08/2010 23:58:00,14.12238589
30/08/2010 23:58:00,14.07682108
31/08/2010 23:58:00,14.05751147
01/09/2010 23:58:00,14.0711244
02/09/2010 23:58:00,14.03741259
03/09/2010 23:58:00,14.03794986
06/09/2010 23:58:00,14.04505199
07/09/2010 23:58:00,13.88566465
08/09/2010 23:58:00,13.78002714
09/09/2010 23:58:00,13.7103183
10/09/2010 23:58:00,13.7339375
13/09/2010 23:58:00,13.9406565
14/09/2010 23:58:00,14.1437556
15/09/2010 23:58:00,14.123802
16/09/2010 23:58:00,14.149934
17/09/2010 23:58:00,14.0212302
20/09/2010 23:58:00,13.952877
21/09/2010 23:58:00,14.0199522
22/09/2010 23:58:00,14.27149908
23/09/2010 23:58:00,14.194035
24/09/2010 23:58:00,14.2791012
27/09/2010 23:58:00,14.1996772
28/09/2010 23:58:00,14.2975185
29/09/2010 23:58:00,14.2221456
30/09/2010 23:58:00,14.14786124
01/10/2010 23:58:00,14.2571945
04/10/2010 23:58:00,14.1817725
05/10/2010 23:58:00,14.297244
06/10/2010 23:58:00,14.3657271
07/10/2010 23:58:00,14.35395
08/10/2010 23:58:00,14.3455633
11/10/2010 23:58:00,14.39482
12/10/2010 23:58:00,14.36015
13/10/2010 23:58:00,14.4313398
14/10/2010 23:58:00,14.42257504
15/10/2010 23:58:00,14.3640864
18/10/2010 23:58:00,14.3503913
19/10/2010 23:58:00,14.2113114
20/10/2010 23:58:00,14.275274
21/10/2010 23:58:00,14.225328
22/10/2010 23:58:00,14.3244455
25/10/2010 23:58:00,14.454705
26/10/2010 23:58:00,14.351856
27/10/2010 23:58:00,14.2863604
28/10/2010 23:58:00,14.415663
29/10/2010 23:58:00,14.3784355
01/11/2010 23:58:00,14.3422164
02/11/2010 23:58:00,14.419808
03/11/2010 23:58:00,14.4064725
04/11/2010 23:58:00,14.52737091
05/11/2010 23:58:00,14.334667
08/11/2010 23:58:00,14.341239
09/11/2010 23:58:00,14.2428789
10/11/2010 23:58:00,14.1596592
11/11/2010 23:58:00,14.061684
12/11/2010 23:58:00,14.1763184
15/11/2010 23:58:00,14.2646842
16/11/2010 23:58:00,14.1788144
17/11/2010 23:58:00,14.18781924
18/11/2010 23:58:00,14.2552095
19/11/2010 23:58:00,14.3121264
22/11/2010 23:58:00,14.307552
23/11/2010 23:58:00,14.1010056
24/11/2010 23:58:00,14.0871654
25/11/2010 23:58:00,14.11705746
26/11/2010 23:58:00,13.9817748
29/11/2010 23:58:00,13.897094
30/11/2010 23:58:00,13.8490866
01/12/2010 23:58:00,13.7942454
02/12/2010 23:58:00,13.836858
03/12/2010 23:58:00,13.8665748
06/12/2010 23:58:00,13.7580143
07/12/2010 23:58:00,13.742935
08/12/2010 23:58:00,13.8141
09/12/2010 23:58:00,13.787102
10/12/2010 23:58:00,13.8238512
13/12/2010 23:58:00,13.96701
14/12/2010 23:58:00,13.9845249
15/12/2010 23:58:00,13.9962775
16/12/2010 23:58:00,13.87184
17/12/2010 23:58:00,13.811385
20/12/2010 23:58:00,13.7970584
21/12/2010 23:58:00,13.80249
22/12/2010 23:58:00,13.693568
23/12/2010 23:58:00,13.7257266
24/12/2010 23:58:00,13.7104961
27/12/2010 23:58:00,13.785717
28/12/2010 23:58:00,13.7137955
29/12/2010 23:58:00,13.727552
30/12/2010 23:58:00,13.8270217
03/01/2011 23:58:00,13.9178739
04/01/2011 23:58:00,13.949981
05/01/2011 23:58:00,13.9034313
06/01/2011 23:58:00,13.795713
07/01/2011 23:58:00,13.6664535
10/01/2011 23:58:00,13.7112591
11/01/2011 23:58:00,13.69896848
12/01/2011 23:58:00,13.7590767
13/01/2011 23:58:00,14.056744
14/01/2011 23:58:00,14.1075925
17/01/2011 23:58:00,14.1395648
18/01/2011 23:58:00,14.205554
19/01/2011 23:58:00,14.297586
20/01/2011 23:58:00,14.37017198
21/01/2011 23:58:00,14.4017415
24/01/2011 23:58:00,14.4944595
25/01/2011 23:58:00,14.540016
26/01/2011 23:58:00,14.537637
27/01/2011 23:58:00,14.61147928
28/01/2011 23:58:00,14.59298568
31/01/2011 23:58:00,14.684854
01/02/2011 23:58:00,14.6610726
02/02/2011 23:58:00,14.664897
03/02/2011 23:58:00,14.54503
04/02/2011 23:58:00,14.4558254
07/02/2011 23:58:00,14.3836595
08/02/2011 23:58:00,14.4710265
09/02/2011 23:58:00,14.5423845
10/02/2011 23:58:00,14.5399995
11/02/2011 23:58:00,14.410198
14/02/2011 23:58:00,14.3292395
15/02/2011 23:58:00,14.3600043
16/02/2011 23:58:00,14.4054083
17/02/2011 23:58:00,14.4396219
18/02/2011 23:58:00,14.4782286
21/02/2011 23:58:00,14.47437632
22/02/2011 23:58:00,14.541009
23/02/2011 23:58:00,14.5957495
24/02/2011 23:58:00,14.79359
25/02/2011 23:58:00,14.7419975
28/02/2011 23:58:00,14.777015
01/03/2011 23:58:00,14.7060332
02/03/2011 23:58:00,14.7801304
03/03/2011 23:58:00,14.8583565
04/03/2011 23:58:00,14.8838256
07/03/2011 23:58:00,14.9606196
08/03/2011 23:58:00,14.900514
09/03/2011 23:58:00,14.8753024
10/03/2011 23:58:00,14.8533697
11/03/2011 23:58:00,14.9184648
14/03/2011 23:58:00,15.025886
15/03/2011 23:58:00,15.0960848
16/03/2011 23:58:00,14.982656
17/03/2011 23:58:00,15.101661
18/03/2011 23:58:00,15.2609745
21/03/2011 23:58:00,15.3093699
22/03/2011 23:58:00,15.429297
23/03/2011 23:58:00,15.3774425
24/03/2011 23:58:00,15.448994
25/03/2011 23:58:00,15.37260428
28/03/2011 23:58:00,15.340593
29/03/2011 23:58:00,15.262555
30/03/2011 23:58:00,15.3097059
31/03/2011 23:58:00,15.2805765
01/04/2011 23:58:00,15.2215275
03/04/2011 23:58:00,15.25544256
04/04/2011 23:58:00,15.25071016
05/04/2011 23:58:00,15.317611
06/04/2011 23:58:00,15.3853435
07/04/2011 23:58:00,15.293439
08/04/2011 23:58:00,15.4573004
09/04/2011 23:58:00,15.4573004
11/04/2011 23:58:00,15.5569474
12/04/2011 23:58:00,15.53694268
13/04/2011 23:58:00,15.6420588
14/04/2011 23:58:00,15.64212
15/04/2011 23:58:00,15.5941425
17/04/2011 23:58:00,15.60224793
18/04/2011 23:58:00,15.390702
19/04/2011 23:58:00,15.5554907
20/04/2011 23:58:00,15.703448
21/04/2011 23:58:00,15.7755918
24/04/2011 23:58:00,15.77844324
26/04/2011 23:58:00,15.9249819
27/04/2011 23:58:00,15.9685526
28/04/2011 23:58:00,16.047232
29/04/2011 23:58:00,16.022035
30/04/2011 23:58:00,16.0575992
02/05/2011 23:58:00,16.060704
03/05/2011 23:58:00,16.0662057
04/05/2011 23:58:00,16.0119296
05/05/2011 23:58:00,15.875652
06/05/2011 23:58:00,15.70272
07/05/2011 23:58:00,15.742496
09/05/2011 23:58:00,15.5412318
10/05/2011 23:58:00,15.6576639
11/05/2011 23:58:00,15.5793726
12/05/2011 23:58:00,15.4468579
13/05/2011 23:58:00,15.380288
15/05/2011 23:58:00,15.40019998
16/05/2011 23:58:00,15.5624544
17/05/2011 23:58:00,15.4672364
18/05/2011 23:58:00,15.5368272
19/05/2011 23:58:00,15.5320035
20/05/2011 23:58:00,15.4349802
21/05/2011 23:58:00,15.48074151
23/05/2011 23:58:00,15.330231
24/05/2011 23:58:00,15.4429136
25/05/2011 23:58:00,15.4365467
26/05/2011 23:58:00,15.387195
27/05/2011 23:58:00,15.6133248
28/05/2011 23:58:00,15.63166492
30/05/2011 23:58:00,15.5716682
31/05/2011 23:58:00,15.6465296
01/06/2011 23:58:00,15.6158688
02/06/2011 23:58:00,15.605574
03/06/2011 23:58:00,15.8163936
05/06/2011 23:58:00,15.83865528
06/06/2011 23:58:00,15.7671699
07/06/2011 23:58:00,15.7308243
08/06/2011 23:58:00,15.595272
09/06/2011 23:58:00,15.552466
10/06/2011 23:58:00,15.3610147
11/06/2011 23:58:00,15.36458665
13/06/2011 23:58:00,15.408064
14/06/2011 23:58:00,15.51235347
15/06/2011 23:58:00,15.2067652
16/06/2011 23:58:00,14.971712
17/06/2011 23:58:00,15.1477306
18/06/2011 23:58:00,15.10796013
20/06/2011 23:58:00,15.0776661
21/06/2011 23:58:00,15.1772208
22/06/2011 23:58:00,15.3085275
23/06/2011 23:58:00,15.0045675
24/06/2011 23:58:00,15.12406584
25/06/2011 23:58:00,15.12406584
27/06/2011 23:58:00,15.1899535
28/06/2011 23:58:00,15.3173496
29/06/2011 23:58:00,15.2716644
30/06/2011 23:58:00,15.29004784
01/07/2011 23:58:00,15.2154105
02/07/2011 23:58:00,15.26775945
04/07/2011 23:58:00,15.3586592
05/07/2011 23:58:00,15.3278946
06/07/2011 23:58:00,15.0797361
07/07/2011 23:58:00,15.1160867
08/07/2011 23:58:00,14.967641
10/07/2011 23:58:00,15.02269725
11/07/2011 23:58:00,14.686946
12/07/2011 23:58:00,14.5702288
13/07/2011 23:58:00,14.719173
14/07/2011 23:58:00,14.721264
15/07/2011 23:58:00,14.7178395
16/07/2011 23:58:00,14.76018804
18/07/2011 23:58:00,14.630265
19/07/2011 23:58:00,14.7596635
20/07/2011 23:58:00,14.832891
21/07/2011 23:58:00,14.987576
22/07/2011 23:58:00,14.9972823
24/07/2011 23:58:00,15.00168033
25/07/2011 23:58:00,14.9329131
26/07/2011 23:58:00,15.0743505
27/07/2011 23:58:00,14.9318939
28/07/2011 23:58:00,14.8256487
29/07/2011 23:58:00,14.927528
30/07/2011 23:58:00,14.9759764
01/08/2011 23:58:00,14.78269587
02/08/2011 23:58:00,14.84758072
03/08/2011 23:58:00,15.02077761
04/08/2011 23:58:00,14.87156436
05/08/2011 23:58:00,14.92829676
06/08/2011 23:58:00,14.92829676
08/08/2011 23:58:00,15.09040596
09/08/2011 23:58:00,15.08785734
10/08/2011 23:58:00,14.9386272
11/08/2011 23:58:00,14.98564198
15/08/2011 23:58:00,15.32267875
16/08/2011 23:58:00,15.26428943
17/08/2011 23:58:00,15.36134124
18/08/2011 23:58:00,15.3562745
19/08/2011 23:58:00,15.3669212
20/08/2011 23:58:00,15.38477796
22/08/2011 23:58:00,15.3650968
23/08/2011 23:58:00,15.417567
24/08/2011 23:58:00,15.5199102
25/08/2011 23:58:00,15.5440184
26/08/2011 23:58:00,15.709036
27/08/2011 23:58:00,15.72709628
29/08/2011 23:58:00,15.7343445
30/08/2011 23:58:00,15.693104
31/08/2011 23:58:00,15.5671516
01/09/2011 23:58:00,15.407755
02/09/2011 23:58:00,15.3000512
03/09/2011 23:58:00,15.30942336
05/09/2011 23:58:00,15.24507552
06/09/2011 23:58:00,15.156368
07/09/2011 23:58:00,15.2502896
08/09/2011 23:58:00,15.1144945
09/09/2011 23:58:00,14.8166907
11/09/2011 23:58:00,14.86559053
12/09/2011 23:58:00,15.0096132
13/09/2011 23:58:00,15.1478082
14/09/2011 23:58:00,15.1178972
15/09/2011 23:58:00,15.401875
16/09/2011 23:58:00,15.2269477
19/09/2011 23:58:00,15.13821283
20/09/2011 23:58:00,15.3110778
21/09/2011 23:58:00,15.3939351
22/09/2011 23:58:00,15.41479734
23/09/2011 23:58:00,15.47791224
24/09/2011 23:58:00,15.49222171
26/09/2011 23:58:00,15.505178
27/09/2011 23:58:00,15.4195671
28/09/2011 23:58:00,15.3387
29/09/2011 23:58:00,15.3215188
30/09/2011 23:58:00,15.1284915
03/10/2011 23:58:00,15.099232
04/10/2011 23:58:00,15.14341645
05/10/2011 23:58:00,15.164741
06/10/2011 23:58:00,15.2063232
07/10/2011 23:58:00,15.3274176
09/10/2011 23:58:00,15.30644258
10/10/2011 23:58:00,15.45956523
11/10/2011 23:58:00,15.51784808
12/10/2011 23:58:00,15.6580474
13/10/2011 23:58:00,15.628872
14/10/2011 23:58:00,15.632977
15/10/2011 23:58:00,15.64673786
17/10/2011 23:58:00,15.523305
18/10/2011 23:58:00,15.4938584
19/10/2011 23:58:00,15.5621453
20/10/2011 23:58:00,15.73083
21/10/2011 23:58:00,15.912946
22/10/2011 23:58:00,15.95232814
24/10/2011 23:58:00,15.96501
25/10/2011 23:58:00,15.8932206
26/10/2011 23:58:00,15.765584
27/10/2011 23:58:00,16.2887985
28/10/2011 23:58:00,15.928164
31/10/2011 23:58:00,15.62549319
01/11/2011 23:58:00,15.5014926
02/11/2011 23:58:00,15.50125388
03/11/2011 23:58:00,15.52663488
04/11/2011 23:58:00,15.4197395
05/11/2011 23:58:00,15.43328493
07/11/2011 23:58:00,15.4203448
08/11/2011 23:58:00,15.5947806
09/11/2011 23:58:00,15.5560405
10/11/2011 23:58:00,15.607504
11/11/2011 23:58:00,15.7822512
13/11/2011 23:58:00,15.8454511
14/11/2011 23:58:00,15.69869824
15/11/2011 23:58:00,15.71135428
16/11/2011 23:58:00,15.66012858
17/11/2011 23:58:00,15.76229224
18/11/2011 23:58:00,15.84430812
19/11/2011 23:58:00,15.84430812
21/11/2011 23:58:00,16.11663622
22/11/2011 23:58:00,16.23246707
23/11/2011 23:58:00,16.0092383
24/11/2011 23:58:00,15.9260717
25/11/2011 23:58:00,15.8459752
26/11/2011 23:58:00,15.8459752
27/11/2011 23:58:00,15.8459752
28/11/2011 23:58:00,15.88313054
29/11/2011 23:58:00,15.8875083
30/11/2011 23:58:00,15.9778451
01/12/2011 23:58:00,15.864525
02/12/2011 23:58:00,15.6667345
04/12/2011 23:58:00,15.68299967
05/12/2011 23:58:00,15.827968
06/12/2011 23:58:00,15.731712
07/12/2011 23:58:00,15.887124
08/12/2011 23:58:00,15.864662
09/12/2011 23:58:00,15.9727798
10/12/2011 23:58:00,15.96600776
12/12/2011 23:58:00,15.940314
13/12/2011 23:58:00,15.959736
14/12/2011 23:58:00,16.0265269
15/12/2011 23:58:00,15.931074
16/12/2011 23:58:00,15.75
18/12/2011 23:58:00,15.77572129
19/12/2011 23:58:00,15.909603
20/12/2011 23:58:00,15.9684945
21/12/2011 23:58:00,15.84311927
22/12/2011 23:58:00,15.9257579
23/12/2011 23:58:00,15.9890514
24/12/2011 23:58:00,16.01119522
26/12/2011 23:58:00,16.01045077
27/12/2011 23:58:00,16.0743275
28/12/2011 23:58:00,15.897645
29/12/2011 23:58:00,15.8894
30/12/2011 23:58:00,15.923495
31/12/2011 23:58:00,15.928904
02/01/2012 23:58:00,15.91051896
03/01/2012 23:58:00,16.006246
04/01/2012 23:58:00,15.75987
05/01/2012 23:58:00,15.5109124
06/01/2012 23:58:00,15.3584373
07/01/2012 23:58:00,15.37682889
09/01/2012 23:58:00,15.3091026
10/01/2012 23:58:00,15.112608
11/01/2012 23:58:00,15.06132
12/01/2012 23:58:00,15.1720905
13/01/2012 23:58:00,15.012398
14/01/2012 23:58:00,15.01277837
16/01/2012 23:58:00,15.0127222
17/01/2012 23:58:00,14.8794505
18/01/2012 23:58:00,14.8521712
19/01/2012 23:58:00,14.95860311
20/01/2012 23:58:00,14.938014
21/01/2012 23:58:00,14.94485811
23/01/2012 23:58:00,14.9759232
24/01/2012 23:58:00,14.9475
25/01/2012 23:58:00,14.921
26/01/2012 23:58:00,14.9580544
27/01/2012 23:58:00,14.922852
28/01/2012 23:58:00,14.9917274
30/01/2012 23:58:00,15.0081586
31/01/2012 23:58:00,14.87376
01/02/2012 23:58:00,14.8113121
02/02/2012 23:58:00,14.80829
03/02/2012 23:58:00,14.6573504
04/02/2012 23:58:00,14.68542152
06/02/2012 23:58:00,14.80861017
07/02/2012 23:58:00,14.94805536
08/02/2012 23:58:00,14.940992
09/02/2012 23:58:00,15.1037376
10/02/2012 23:58:00,14.94359487
11/02/2012 23:58:00,14.94359487
12/02/2012 23:58:00,14.94359487
13/02/2012 23:58:00,14.86559736
14/02/2012 23:58:00,14.8962444
15/02/2012 23:58:00,14.79327811
16/02/2012 23:58:00,14.84206828
17/02/2012 23:58:00,14.88515876
18/02/2012 23:58:00,14.88515876
19/02/2012 23:58:00,14.88515876
20/02/2012 23:58:00,14.88398032
21/02/2012 23:58:00,14.97578625
22/02/2012 23:58:00,14.94701442
23/02/2012 23:58:00,15.0617324
24/02/2012 23:58:00,15.14053152
25/02/2012 23:58:00,15.14053152
27/02/2012 23:58:00,15.13384629
28/02/2012 23:58:00,15.19096212
29/02/2012 23:58:00,15.00275848
01/03/2012 23:58:00,15.04081256
02/03/2012 23:58:00,15.02425638
03/03/2012 23:58:00,15.02425638
04/03/2012 23:58:00,15.02425638
05/03/2012 23:58:00,15.13278711
06/03/2012 23:58:00,15.15121146
07/03/2012 23:58:00,15.15730866
08/03/2012 23:58:00,15.24822996
09/03/2012 23:58:00,14.9657024
12/03/2012 23:58:00,15.09633216
13/03/2012 23:58:00,14.9196003
14/03/2012 23:58:00,14.85711252
15/03/2012 23:58:00,15.00206462
16/03/2012 23:58:00,15.06245985
17/03/2012 23:58:00,15.06245985
19/03/2012 23:58:00,15.16483776
20/03/2012 23:58:00,15.21667212
21/03/2012 23:58:00,15.28813716
22/03/2012 23:58:00,15.417792
23/03/2012 23:58:00,15.51874272
24/03/2012 23:58:00,15.51874272
26/03/2012 23:58:00,15.59875156
27/03/2012 23:58:00,15.43702558
28/03/2012 23:58:00,15.44159249
29/03/2012 23:58:00,15.58233166
30/03/2012 23:58:00,15.46234596
31/03/2012 23:58:00,15.46234596
02/04/2012 23:58:00,15.45929388
03/04/2012 23:58:00,15.17349
04/04/2012 23:58:00,15.3502878
05/04/2012 23:58:00,15.23896413
06/04/2012 23:58:00,15.21942
07/04/2012 23:58:00,15.23896413
08/04/2012 23:58:00,15.23896413
09/04/2012 23:58:00,15.337462
10/04/2012 23:58:00,15.3801324
11/04/2012 23:58:00,15.41100296
12/04/2012 23:58:00,15.43653324
13/04/2012 23:58:00,15.39331695
14/04/2012 23:58:00,15.39331695
16/04/2012 23:58:00,15.5004
17/04/2012 23:58:00,15.43216512
18/04/2012 23:58:00,15.49652324
19/04/2012 23:58:00,15.6414
20/04/2012 23:58:00,15.71620512
22/04/2012 23:58:00,15.71620512
23/04/2012 23:58:00,15.7494
24/04/2012 23:58:00,15.85509973
25/04/2012 23:58:00,15.86752676
26/04/2012 23:58:00,15.77382703
27/04/2012 23:58:00,15.8296994
29/04/2012 23:58:00,15.8296994
30/04/2012 23:58:00,15.70682824
01/05/2012 23:58:00,15.6245232
02/05/2012 23:58:00,15.75818248
03/05/2012 23:58:00,15.92145888
04/05/2012 23:58:00,15.879996
06/05/2012 23:58:00,15.879996
07/05/2012 23:58:00,15.66933957
08/05/2012 23:58:00,15.64112628
09/05/2012 23:58:00,15.72454324
10/05/2012 23:58:00,15.57969768
11/05/2012 23:58:00,15.61325592
12/05/2012 23:58:00,15.61325592
13/05/2012 23:58:00,15.58376052
14/05/2012 23:58:00,15.55986846
15/05/2012 23:58:00,15.3995044
16/05/2012 23:58:00,15.6298828
17/05/2012 23:58:00,15.54462252
18/05/2012 23:58:00,15.64136574
19/05/2012 23:58:00,15.64136574
21/05/2012 23:58:00,15.8535668
22/05/2012 23:58:00,15.7468084
23/05/2012 23:58:00,15.78834621
24/05/2012 23:58:00,15.5851356
25/05/2012 23:58:00,15.46594344
27/05/2012 23:58:00,15.46594344
28/05/2012 23:58:00,15.46594344
29/05/2012 23:58:00,15.54306228
30/05/2012 23:58:00,15.52286396
31/05/2012 23:58:00,15.44612432
01/06/2012 23:58:00,15.46233458
03/06/2012 23:58:00,15.46233458
04/06/2012 23:58:00,15.56140672
05/06/2012 23:58:00,15.4979649
06/06/2012 23:58:00,15.58936638
07/06/2012 23:58:00,15.44746684
08/06/2012 23:58:00,15.51870254
10/06/2012 23:58:00,15.51870254
11/06/2012 23:58:00,15.56929554
12/06/2012 23:58:00,15.63683152
13/06/2012 23:58:00,15.67669768
14/06/2012 23:58:00,15.7964138
15/06/2012 23:58:00,15.65984924
16/06/2012 23:58:00,15.65984924
18/06/2012 23:58:00,15.74116674
19/06/2012 23:58:00,15.89650524
20/06/2012 23:58:00,15.94996236
21/06/2012 23:58:00,15.80791542
22/06/2012 23:58:00,16.05072918
23/06/2012 23:58:00,16.05072918
24/06/2012 23:58:00,16.05072918
25/06/2012 23:58:00,15.93886672
26/06/2012 23:58:00,15.97592192
27/06/2012 23:58:00,15.93691011
28/06/2012 23:58:00,15.87276908
29/06/2012 23:58:00,15.78061296
30/06/2012 23:58:00,15.78061296
02/07/2012 23:58:00,15.6283936
03/07/2012 23:58:00,15.37461672
04/07/2012 23:58:00,15.22442188
05/07/2012 23:58:00,15.14201156
06/07/2012 23:58:00,15.00036225
07/07/2012 23:58:00,15.00036225
09/07/2012 23:58:00,15.14071259
10/07/2012 23:58:00,14.99685488
11/07/2012 23:58:00,15.04578136
12/07/2012 23:58:00,15.02841288
13/07/2012 23:58:00,14.79738506
14/07/2012 23:58:00,14.79738506
16/07/2012 23:58:00,14.77268128
17/07/2012 23:58:00,14.81364828
18/07/2012 23:58:00,14.85817806
19/07/2012 23:58:00,14.77107282
20/07/2012 23:58:00,14.60837744
21/07/2012 23:58:00,14.60837744
23/07/2012 23:58:00,14.61249893
24/07/2012 23:58:00,14.61388968
25/07/2012 23:58:00,14.75046028
26/07/2012 23:58:00,14.78111232
27/07/2012 23:58:00,14.78381232
29/07/2012 23:58:00,14.78381232
30/07/2012 23:58:00,14.85715266
31/07/2012 23:58:00,14.93202784
01/08/2012 23:58:00,14.68182492
02/08/2012 23:58:00,14.713313
03/08/2012 23:58:00,14.92318212
04/08/2012 23:58:00,14.92318212
06/08/2012 23:58:00,15.04593318
07/08/2012 23:58:00,14.959701
08/08/2012 23:58:00,15.09641738
09/08/2012 23:58:00,14.93783504
10/08/2012 23:58:00,14.9692824
11/08/2012 23:58:00,14.9692824
13/08/2012 23:58:00,15.02592714
14/08/2012 23:58:00,15.24977792
15/08/2012 23:58:00,15.21249376
16/08/2012 23:58:00,15.31664102
17/08/2012 23:58:00,15.3029088
18/08/2012 23:58:00,15.28674768
19/08/2012 23:58:00,15.2806176
20/08/2012 23:58:00,15.21810658
22/08/2012 23:58:00,15.45036106
23/08/2012 23:58:00,15.44903164
24/08/2012 23:58:00,15.49948144
25/08/2012 23:58:00,15.49948144
27/08/2012 23:58:00,15.55254464
28/08/2012 23:58:00,15.6747008
29/08/2012 23:58:00,15.55997802
30/08/2012 23:58:00,15.53912552
31/08/2012 23:58:00,15.5422641
01/09/2012 23:58:00,15.58001634
02/09/2012 23:58:00,15.58001634
03/09/2012 23:58:00,15.56616424
04/09/2012 23:58:00,15.54471232
05/09/2012 23:58:00,15.67296508
06/09/2012 23:58:00,15.68665072
07/09/2012 23:58:00,15.80636974
08/09/2012 23:58:00,15.83570948
10/09/2012 23:58:00,15.78818802
11/09/2012 23:58:00,15.82556124
12/09/2012 23:58:00,15.83972728
13/09/2012 23:58:00,15.93045828
14/09/2012 23:58:00,15.82406614
15/09/2012 23:58:00,15.79474522
17/09/2012 23:58:00,15.7217288
18/09/2012 23:58:00,15.60417966
19/09/2012 23:58:00,15.63226902
20/09/2012 23:58:00,15.56987568
21/09/2012 23:58:00,15.3110781
22/09/2012 23:58:00,15.32548476
24/09/2012 23:58:00,15.28436248
25/09/2012 23:58:00,15.23477616
26/09/2012 23:58:00,15.22730664
27/09/2012 23:58:00,15.11682144
28/09/2012 23:58:00,14.94382896
29/09/2012 23:58:00,14.96074032
01/10/2012 23:58:00,14.91142284
02/10/2012 23:58:00,14.94076572
03/10/2012 23:58:00,14.82970555
04/10/2012 23:58:00,14.77068162
05/10/2012 23:58:00,14.78962736
07/10/2012 23:58:00,14.78962736
08/10/2012 23:58:00,14.9149773
09/10/2012 23:58:00,14.78634464
10/10/2012 23:58:00,14.9103873
11/10/2012 23:58:00,14.87871
12/10/2012 23:58:00,14.9004765
13/10/2012 23:58:00,14.96648232
14/10/2012 23:58:00,14.94377703
15/10/2012 23:58:00,14.97246159
16/10/2012 23:58:00,15.10755968
17/10/2012 23:58:00,15.13240764
18/10/2012 23:58:00,15.22288224
19/10/2012 23:58:00,15.29214552
20/10/2012 23:58:00,15.30668178
21/10/2012 23:58:00,15.27814764
22/10/2012 23:58:00,15.2437268
23/10/2012 23:58:00,15.21938376
24/10/2012 23:58:00,15.21234963
25/10/2012 23:58:00,15.16104524
26/10/2012 23:58:00,15.16961292
27/10/2012 23:58:00,15.16961292
29/10/2012 23:58:00,15.33976548
30/10/2012 23:58:00,15.40554858
31/10/2012 23:58:00,15.32758818
01/11/2012 23:58:00,15.30076254
02/11/2012 23:58:00,15.22443552
03/11/2012 23:58:00,15.22443552
04/11/2012 23:58:00,15.21313584
05/11/2012 23:58:00,15.42056412
06/11/2012 23:58:00,15.40900088
07/11/2012 23:58:00,15.30172134
08/11/2012 23:58:00,15.3126486
09/11/2012 23:58:00,15.30538344
10/11/2012 23:58:00,15.30538344
12/11/2012 23:58:00,15.37462048
13/11/2012 23:58:00,15.35870586
14/11/2012 23:58:00,15.34538803
15/11/2012 23:58:00,15.39912794
16/11/2012 23:58:00,15.4828604
17/11/2012 23:58:00,15.48229902
19/11/2012 23:58:00,15.49111888
20/11/2012 23:58:00,15.54645168
21/11/2012 23:58:00,15.609341
22/11/2012 23:58:00,15.63545768
23/11/2012 23:58:00,15.83784738
24/11/2012 23:58:00,15.85448028
26/11/2012 23:58:00,15.9842228
27/11/2012 23:58:00,15.9052588
28/11/2012 23:58:00,15.96336574
29/11/2012 23:58:00,15.73740924
30/11/2012 23:58:00,15.63335754
01/12/2012 23:58:00,15.63335754
03/12/2012 23:58:00,15.79454352
04/12/2012 23:58:00,15.77097358
05/12/2012 23:58:00,15.6878557
06/12/2012 23:58:00,15.45064086
07/12/2012 23:58:00,15.4754624
08/12/2012 23:58:00,15.48959028
10/12/2012 23:58:00,15.52308632
11/12/2012 23:58:00,15.51181962
12/12/2012 23:58:00,15.66694074
13/12/2012 23:58:00,15.86960578
14/12/2012 23:58:00,16.0102158
15/12/2012 23:58:00,15.9911625
17/12/2012 23:58:00,16.13463616
18/12/2012 23:58:00,16.22019904
19/12/2012 23:58:00,16.09929672
20/12/2012 23:58:00,16.28601664
21/12/2012 23:58:00,16.297168
24/12/2012 23:58:00,16.34922792
25/12/2012 23:58:00,16.36432992
26/12/2012 23:58:00,16.38943306
27/12/2012 23:58:00,16.41172482
28/12/2012 23:58:00,16.259655
29/12/2012 23:58:00,16.26054594
31/12/2012 23:58:00,16.32687177
01/01/2013 23:58:00,16.1874219
02/01/2013 23:58:00,16.20548664
03/01/2013 23:58:00,16.07255016
04/01/2013 23:58:00,16.22061624
05/01/2013 23:58:00,16.2049664
07/01/2013 23:58:00,16.43674206
08/01/2013 23:58:00,16.31823888
09/01/2013 23:58:00,16.22840216
10/01/2013 23:58:00,16.54144002
11/01/2013 23:58:00,16.69413768
12/01/2013 23:58:00,16.69413768
14/01/2013 23:58:00,16.61709542
15/01/2013 23:58:00,16.71976995
16/01/2013 23:58:00,16.78320032
17/01/2013 23:58:00,16.78157544
18/01/2013 23:58:00,16.4518887
19/01/2013 23:58:00,16.4518887
21/01/2013 23:58:00,16.439566
22/01/2013 23:58:00,16.44049632
23/01/2013 23:58:00,16.30916852
24/01/2013 23:58:00,16.43513004
25/01/2013 23:58:00,16.53166476
26/01/2013 23:58:00,16.55103024
28/01/2013 23:58:00,16.48452732
29/01/2013 23:58:00,16.54509966
30/01/2013 23:58:00,16.47489124
31/01/2013 23:58:00,16.50986538
01/02/2013 23:58:00,16.57781829
03/02/2013 23:58:00,16.60333653
04/02/2013 23:58:00,16.43514135
05/02/2013 23:58:00,16.44041286
06/02/2013 23:58:00,16.35836728
07/02/2013 23:58:00,16.19210868
08/02/2013 23:58:00,16.26342212
09/02/2013 23:58:00,16.26342212
11/02/2013 23:58:00,16.42859226
12/02/2013 23:58:00,16.44679464
13/02/2013 23:58:00,16.49360246
14/02/2013 23:58:00,16.41749182
15/02/2013 23:58:00,16.51864698
16/02/2013 23:58:00,16.51864698
18/02/2013 23:58:00,16.47119556
19/02/2013 23:58:00,16.54733813
20/02/2013 23:58:00,16.37341244
21/02/2013 23:58:00,16.36327656
22/02/2013 23:58:00,16.2873273
23/02/2013 23:58:00,16.2873273
25/02/2013 23:58:00,16.03663099
26/02/2013 23:58:00,16.14040008
27/02/2013 23:58:00,16.1951006
28/02/2013 23:58:00,16.24529529
01/03/2013 23:58:00,16.3705836
02/03/2013 23:58:00,16.37826932
04/03/2013 23:58:00,16.37072436
05/03/2013 23:58:00,16.41938364
06/03/2013 23:58:00,16.25249665
07/03/2013 23:58:00,16.40940966
08/03/2013 23:58:00,16.18932313
09/03/2013 23:58:00,16.18932313
11/03/2013 23:58:00,16.18148328
12/03/2013 23:58:00,16.0882953
13/03/2013 23:58:00,15.99685638
14/03/2013 23:58:00,16.06783386
15/03/2013 23:58:00,16.05779652
16/03/2013 23:58:00,16.07346319
18/03/2013 23:58:00,15.85149995
19/03/2013 23:58:00,15.78194304
20/03/2013 23:58:00,15.873461
21/03/2013 23:58:00,15.81552364
22/03/2013 23:58:00,15.91543441
23/03/2013 23:58:00,15.93010702
25/03/2013 23:58:00,15.76126296
26/03/2013 23:58:00,15.8250693
27/03/2013 23:58:00,15.72302692
28/03/2013 23:58:00,15.73573498
29/03/2013 23:58:00,15.7351922
30/03/2013 23:58:00,15.7351922
01/04/2013 23:58:00,15.750945
02/04/2013 23:58:00,15.76906425
03/04/2013 23:58:00,15.77922148
04/04/2013 23:58:00,16.02967781
05/04/2013 23:58:00,16.12249457
07/04/2013 23:58:00,16.10934185
08/04/2013 23:58:00,16.10061138
09/04/2013 23:58:00,16.21184912
10/04/2013 23:58:00,16.21489185
11/04/2013 23:58:00,16.17754612
12/04/2013 23:58:00,16.27703667
13/04/2013 23:58:00,16.30102239
14/04/2013 23:58:00,16.30102239
15/04/2013 23:58:00,16.22436078
16/04/2013 23:58:00,16.29475764
17/04/2013 23:58:00,16.14368448
18/04/2013 23:58:00,16.08967009
19/04/2013 23:58:00,16.11949504
21/04/2013 23:58:00,16.13729293
22/04/2013 23:58:00,16.21757928
23/04/2013 23:58:00,16.22041362
24/04/2013 23:58:00,16.1842086
25/04/2013 23:58:00,16.22582086
26/04/2013 23:58:00,16.29667556
27/04/2013 23:58:00,16.29667556
28/04/2013 23:58:00,16.3119
29/04/2013 23:58:00,16.42999944
30/04/2013 23:58:00,16.33683866
01/05/2013 23:58:00,16.3415439
02/05/2013 23:58:00,16.25754912
03/05/2013 23:58:00,16.37548108
04/05/2013 23:58:00,16.37548108
05/05/2013 23:58:00,16.3523468
06/05/2013 23:58:00,16.41171035
07/05/2013 23:58:00,16.38021536
08/05/2013 23:58:00,16.46619832
09/05/2013 23:58:00,16.33841264
10/05/2013 23:58:00,16.4409
11/05/2013 23:58:00,16.41788274
13/05/2013 23:58:00,16.42482396
14/05/2013 23:58:00,16.33035198
15/05/2013 23:58:00,16.22305248
16/05/2013 23:58:00,16.24825036
17/05/2013 23:58:00,16.19141112
18/05/2013 23:58:00,16.19141112
19/05/2013 23:58:00,16.29185616
20/05/2013 23:58:00,16.31582556
21/05/2013 23:58:00,16.42403936
22/05/2013 23:58:00,16.40260869
23/05/2013 23:58:00,16.50795164
24/05/2013 23:58:00,16.59711181
25/05/2013 23:58:00,16.59711181
27/05/2013 23:58:00,16.52780925
28/05/2013 23:58:00,16.6332166
29/05/2013 23:58:00,16.71825408
30/05/2013 23:58:00,16.86942516
31/05/2013 23:58:00,16.71562431
01/06/2013 23:58:00,16.6970097
02/06/2013 23:58:00,16.66187996
03/06/2013 23:58:00,16.77599472
04/06/2013 23:58:00,16.75869972
05/06/2013 23:58:00,16.6425282
06/06/2013 23:58:00,16.5938541
07/06/2013 23:58:00,16.70487066
08/06/2013 23:58:00,16.70487066
09/06/2013 23:58:00,16.70487066
10/06/2013 23:58:00,17.0141048
11/06/2013 23:58:00,17.16273526
12/06/2013 23:58:00,17.1488934
13/06/2013 23:58:00,17.3095031
14/06/2013 23:58:00,17.19305196
15/06/2013 23:58:00,17.19305196
16/06/2013 23:58:00,17.19937674
17/06/2013 23:58:00,17.39836232
18/06/2013 23:58:00,17.51077718
19/06/2013 23:58:00,17.24694375
20/06/2013 23:58:00,17.40219552
21/06/2013 23:58:00,17.104584
22/06/2013 23:58:00,17.09763264
23/06/2013 23:58:00,17.12726664
24/06/2013 23:58:00,17.29707168
25/06/2013 23:58:00,17.3694267
26/06/2013 23:58:00,17.71848192
27/06/2013 23:58:00,17.57309036
28/06/2013 23:58:00,17.3429001
29/06/2013 23:58:00,17.3429001
30/06/2013 23:58:00,17.37444888
01/07/2013 23:58:00,17.42566166
02/07/2013 23:58:00,17.37848832
03/07/2013 23:58:00,17.6080356
04/07/2013 23:58:00,17.477227
05/07/2013 23:58:00,17.33097494
06/07/2013 23:58:00,17.3502463
07/07/2013 23:58:00,17.3502463
08/07/2013 23:58:00,17.51637744
09/07/2013 23:58:00,17.26108685
10/07/2013 23:58:00,17.75319872
11/07/2013 23:58:00,17.68545947
12/07/2013 23:58:00,17.64541944
13/07/2013 23:58:00,17.64541944
14/07/2013 23:58:00,17.6448206
15/07/2013 23:58:00,17.61106368
16/07/2013 23:58:00,17.56436539
17/07/2013 23:58:00,17.50740376
18/07/2013 23:58:00,17.67587682
19/07/2013 23:58:00,17.5981678
20/07/2013 23:58:00,17.5981678
22/07/2013 23:58:00,17.7840204
23/07/2013 23:58:00,17.88317908
24/07/2013 23:58:00,17.7381
25/07/2013 23:58:00,17.7883134
26/07/2013 23:58:00,17.83301828
27/07/2013 23:58:00,17.83301828
28/07/2013 23:58:00,17.8349388
29/07/2013 23:58:00,17.93172984
30/07/2013 23:58:00,18.31780192
31/07/2013 23:58:00,18.2181024
01/08/2013 23:58:00,18.06161071
02/08/2013 23:58:00,18.31037
03/08/2013 23:58:00,18.30679374
04/08/2013 23:58:00,18.34345254
05/08/2013 23:58:00,18.33128224
06/08/2013 23:58:00,18.35828949
07/08/2013 23:58:00,18.33703083
08/08/2013 23:58:00,18.28156744
09/08/2013 23:58:00,18.25863168
12/08/2013 23:58:00,18.4496631
13/08/2013 23:58:00,18.384611
14/08/2013 23:58:00,18.2858715
15/08/2013 23:58:00,18.3577842
16/08/2013 23:58:00,18.45177308
17/08/2013 23:58:00,18.45177308
18/08/2013 23:58:00,18.7001325
19/08/2013 23:58:00,19.07838
20/08/2013 23:58:00,19.096704
21/08/2013 23:58:00,19.3914744
22/08/2013 23:58:00,19.3513404
23/08/2013 23:58:00,19.0478772
24/08/2013 23:58:00,19.0478772
25/08/2013 23:58:00,19.2709746
26/08/2013 23:58:00,19.38819708
27/08/2013 23:58:00,19.97444178
28/08/2013 23:58:00,20.186142
29/08/2013 23:58:00,20.055264
30/08/2013 23:58:00,19.5353003
31/08/2013 23:58:00,19.56880628
02/09/2013 23:58:00,19.8166545
03/09/2013 23:58:00,20.3250264
04/09/2013 23:58:00,19.6377891
05/09/2013 23:58:00,19.2508554
06/09/2013 23:58:00,19.16431488
07/09/2013 23:58:00,19.21063386
08/09/2013 23:58:00,19.1082102
09/09/2013 23:58:00,18.9444638
10/09/2013 23:58:00,18.8747816
11/09/2013 23:58:00,18.7244136
12/09/2013 23:58:00,18.8518784
13/09/2013 23:58:00,18.82621711
14/09/2013 23:58:00,18.83889171
15/09/2013 23:58:00,18.8142183
16/09/2013 23:58:00,18.9040901
17/09/2013 23:58:00,18.8257446
18/09/2013 23:58:00,19.1782712
19/09/2013 23:58:00,18.824913
20/09/2013 23:58:00,18.80654616
21/09/2013 23:58:00,18.83517104
22/09/2013 23:58:00,18.9840896
23/09/2013 23:58:00,18.901154
24/09/2013 23:58:00,18.8611584
25/09/2013 23:58:00,18.9131685
26/09/2013 23:58:00,18.6251756
27/09/2013 23:58:00,18.91242048
28/09/2013 23:58:00,19.03374704
29/09/2013 23:58:00,18.9906417
30/09/2013 23:58:00,18.949224
01/10/2013 23:58:00,19.0046394
02/10/2013 23:58:00,18.9406605
03/10/2013 23:58:00,19.0378296
04/10/2013 23:58:00,18.77731104
05/10/2013 23:58:00,18.79328232
06/10/2013 23:58:00,18.7534314
07/10/2013 23:58:00,18.904424
08/10/2013 23:58:00,18.9452026
09/10/2013 23:58:00,18.7117413
10/10/2013 23:58:00,18.6881613
11/10/2013 23:58:00,18.5263536
12/10/2013 23:58:00,18.54246083
14/10/2013 23:58:00,18.6202368
15/10/2013 23:58:00,18.7796259
16/10/2013 23:58:00,18.6887885
17/10/2013 23:58:00,18.75159
18/10/2013 23:58:00,18.85119138
19/10/2013 23:58:00,18.85119138
20/10/2013 23:58:00,18.8606952
21/10/2013 23:58:00,18.6897522
22/10/2013 23:58:00,19.0166282
23/10/2013 23:58:00,19.0970384
24/10/2013 23:58:00,19.0169315
25/10/2013 23:58:00,19.05443832
26/10/2013 23:58:00,19.05443832
27/10/2013 23:58:00,19.0255104
28/10/2013 23:58:00,19.0767114
29/10/2013 23:58:00,18.9960385
30/10/2013 23:58:00,18.972408
31/10/2013 23:58:00,19.0324758
01/11/2013 23:58:00,18.7204776
02/11/2013 23:58:00,18.7204776
03/11/2013 23:58:00,18.842868
04/11/2013 23:58:00,18.8413002
05/11/2013 23:58:00,18.8388312
06/11/2013 23:58:00,19.0302361
07/11/2013 23:58:00,18.935448
08/11/2013 23:58:00,18.7419
09/11/2013 23:58:00,19.0017
10/11/2013 23:58:00,18.9772974
11/11/2013 23:58:00,19.0744704
12/11/2013 23:58:00,19.2660312
13/11/2013 23:58:00,19.1168279
14/11/2013 23:58:00,19.0078208
15/11/2013 23:58:00,19.06318656
16/11/2013 23:58:00,18.98932288
17/11/2013 23:58:00,18.9428097
18/11/2013 23:58:00,18.85282
19/11/2013 23:58:00,18.9305069
20/11/2013 23:58:00,18.9497544
21/11/2013 23:58:00,19.0343182
22/11/2013 23:58:00,19.07560386
23/11/2013 23:58:00,19.07560386
24/11/2013 23:58:00,18.8636992
25/11/2013 23:58:00,18.98778637
26/11/2013 23:58:00,19.0390572
27/11/2013 23:58:00,19.0847064
28/11/2013 23:58:00,19.10711582
29/11/2013 23:58:00,19.10068688
30/11/2013 23:58:00,19.10068688
01/12/2013 23:58:00,19.1058894
02/12/2013 23:58:00,18.9820628
03/12/2013 23:58:00,18.97830816
04/12/2013 23:58:00,18.731503
05/12/2013 23:58:00,18.8237744
06/12/2013 23:58:00,18.86023884
07/12/2013 23:58:00,18.86023884
08/12/2013 23:58:00,18.7712155
09/12/2013 23:58:00,18.7583079
10/12/2013 23:58:00,18.8159888
11/12/2013 23:58:00,19.0596414
12/12/2013 23:58:00,19.1645496
13/12/2013 23:58:00,19.14581956
14/12/2013 23:58:00,19.16447596
15/12/2013 23:58:00,19.16447596
16/12/2013 23:58:00,19.0443028
17/12/2013 23:58:00,18.994338
18/12/2013 23:58:00,18.9154282
19/12/2013 23:58:00,18.9997074
20/12/2013 23:58:00,18.87748843
21/12/2013 23:58:00,18.87748843
22/12/2013 23:58:00,18.8900516
23/12/2013 23:58:00,18.9063432
24/12/2013 23:58:00,18.92514452
25/12/2013 23:58:00,18.9318381
26/12/2013 23:58:00,18.9686661
27/12/2013 23:58:00,19.01714698
28/12/2013 23:58:00,19.01714698
29/12/2013 23:58:00,18.9616749
30/12/2013 23:58:00,19.0202086
31/12/2013 23:58:00,18.98093736
01/01/2014 23:58:00,18.9100536
02/01/2014 23:58:00,18.9338854
03/01/2014 23:58:00,18.76123293
04/01/2014 23:58:00,18.76123293
05/01/2014 23:58:00,18.7455429
06/01/2014 23:58:00,18.8412978
07/01/2014 23:58:00,18.7580928
08/01/2014 23:58:00,18.7024684
09/01/2014 23:58:00,18.4895184
10/01/2014 23:58:00,18.552668
11/01/2014 23:58:00,18.552668
12/01/2014 23:58:00,18.4676352
13/01/2014 23:58:00,18.5571783
14/01/2014 23:58:00,18.533205
15/01/2014 23:58:00,18.4810774
16/01/2014 23:58:00,18.4388982
17/01/2014 23:58:00,18.34017014
18/01/2014 23:58:00,18.34017014
19/01/2014 23:58:00,18.356672
20/01/2014 23:58:00,18.37263906
21/01/2014 23:58:00,18.5085799
22/01/2014 23:58:00,18.4904682
23/01/2014 23:58:00,18.7315737
24/01/2014 23:58:00,18.88413312
25/01/2014 23:58:00,18.88287936
26/01/2014 23:58:00,18.9118404
27/01/2014 23:58:00,18.969634
28/01/2014 23:58:00,18.7595374
29/01/2014 23:58:00,18.81411224
30/01/2014 23:58:00,18.693
31/01/2014 23:58:00,18.75576472
01/02/2014 23:58:00,18.75576472
02/02/2014 23:58:00,18.699375
03/02/2014 23:58:00,18.9131821
04/02/2014 23:58:00,18.7669878
05/02/2014 23:58:00,18.8581792
06/02/2014 23:58:00,18.930366
07/02/2014 23:58:00,18.95603544
08/02/2014 23:58:00,18.95603544
09/02/2014 23:58:00,18.8927452
10/02/2014 23:58:00,19.03977072
11/02/2014 23:58:00,18.8844132
12/02/2014 23:58:00,18.6538824
13/02/2014 23:58:00,18.9029225
14/02/2014 23:58:00,18.82838664
15/02/2014 23:58:00,18.82838664
16/02/2014 23:58:00,18.8191971
17/02/2014 23:58:00,18.8379173
18/02/2014 23:58:00,19.0766965
19/02/2014 23:58:00,18.9127202
20/02/2014 23:58:00,18.8434077
21/02/2014 23:58:00,18.89091732
22/02/2014 23:58:00,18.89091732
23/02/2014 23:58:00,18.8311968
24/02/2014 23:58:00,18.8500516
25/02/2014 23:58:00,18.8692021
26/02/2014 23:58:00,18.7960245
27/02/2014 23:58:00,18.909898
28/02/2014 23:58:00,18.90651012
01/03/2014 23:58:00,18.90651012
02/03/2014 23:58:00,18.8699368
03/03/2014 23:58:00,18.7728532
04/03/2014 23:58:00,18.742416
05/03/2014 23:58:00,18.82881764
06/03/2014 23:58:00,18.721536
07/03/2014 23:58:00,18.78698202
08/03/2014 23:58:00,18.80774854
09/03/2014 23:58:00,18.834348
10/03/2014 23:58:00,18.7410339
11/03/2014 23:58:00,18.7478256
12/03/2014 23:58:00,18.7074368
13/03/2014 23:58:00,18.8639178
14/03/2014 23:58:00,18.85632776
15/03/2014 23:58:00,18.87713508
16/03/2014 23:58:00,18.7891576
17/03/2014 23:58:00,18.8210736
18/03/2014 23:58:00,18.88603848
19/03/2014 23:58:00,18.7354205
20/03/2014 23:58:00,18.8046978
21/03/2014 23:58:00,18.69658672
22/03/2014 23:58:00,18.69658672
23/03/2014 23:58:00,18.7313094
24/03/2014 23:58:00,18.7053448
25/03/2014 23:58:00,18.5893118
26/03/2014 23:58:00,18.505216
27/03/2014 23:58:00,18.47619936
28/03/2014 23:58:00,18.42480144
29/03/2014 23:58:00,18.44456283
30/03/2014 23:58:00,18.3924224
31/03/2014 23:58:00,18.49806608
01/04/2014 23:58:00,18.4487058
02/04/2014 23:58:00,18.42941664
03/04/2014 23:58:00,18.5077233
04/04/2014 23:58:00,18.42412026
05/04/2014 23:58:00,18.44334522
06/04/2014 23:58:00,18.3180933
07/04/2014 23:58:00,18.46337436
08/04/2014 23:58:00,18.565647
09/04/2014 23:58:00,18.67405176
10/04/2014 23:58:00,18.745461
11/04/2014 23:58:00,18.6776992
12/04/2014 23:58:00,18.69454764
13/04/2014 23:58:00,18.6800572
14/04/2014 23:58:00,18.60397992
15/04/2014 23:58:00,18.59358816
16/04/2014 23:58:00,18.6070075
17/04/2014 23:58:00,18.62115456
18/04/2014 23:58:00,18.63140352
19/04/2014 23:58:00,18.63140352
20/04/2014 23:58:00,18.5532675
21/04/2014 23:58:00,18.58317312
22/04/2014 23:58:00,18.8009616
23/04/2014 23:58:00,18.87497024
24/04/2014 23:58:00,18.98409107
25/04/2014 23:58:00,18.80748208
26/04/2014 23:58:00,18.80469064
27/04/2014 23:58:00,18.8147016
28/04/2014 23:58:00,18.83874795
29/04/2014 23:58:00,18.74105942
30/04/2014 23:58:00,18.82786952
01/05/2014 23:58:00,18.87919264
02/05/2014 23:58:00,18.81826238
03/05/2014 23:58:00,18.7813626
04/05/2014 23:58:00,18.768254
05/05/2014 23:58:00,18.7609321
06/05/2014 23:58:00,18.79650542
07/05/2014 23:58:00,18.7803062
08/05/2014 23:58:00,18.65307592
09/05/2014 23:58:00,18.60017076
10/05/2014 23:58:00,18.59237622
11/05/2014 23:58:00,18.5588865
12/05/2014 23:58:00,18.455115
13/05/2014 23:58:00,18.3078108
14/05/2014 23:58:00,18.34955778
15/05/2014 23:58:00,18.3546846
16/05/2014 23:58:00,18.0880128
17/05/2014 23:58:00,18.07014144
18/05/2014 23:58:00,18.0821568
19/05/2014 23:58:00,18.02287104
20/05/2014 23:58:00,18.00724254
21/05/2014 23:58:00,18.10994304
22/05/2014 23:58:00,18.02014038
23/05/2014 23:58:00,18.07738056
25/05/2014 23:58:00,18.0640482
26/05/2014 23:58:00,18.16014564
27/05/2014 23:58:00,18.2618296
28/05/2014 23:58:00,18.1690572
29/05/2014 23:58:00,18.20706265
30/05/2014 23:58:00,18.3749146
31/05/2014 23:58:00,18.40627005
01/06/2014 23:58:00,18.44302923
02/06/2014 23:58:00,18.27200016
03/06/2014 23:58:00,18.359873
04/06/2014 23:58:00,18.30468786
05/06/2014 23:58:00,18.3221688
06/06/2014 23:58:00,18.371664
07/06/2014 23:58:00,18.371664
08/06/2014 23:58:00,18.371664
09/06/2014 23:58:00,18.292182
10/06/2014 23:58:00,18.26744424
11/06/2014 23:58:00,18.274564
12/06/2014 23:58:00,18.2666328
13/06/2014 23:58:00,18.37538934
14/06/2014 23:58:00,18.37538934
15/06/2014 23:58:00,18.36762795
16/06/2014 23:58:00,18.55227562
17/06/2014 23:58:00,18.4607816
18/06/2014 23:58:00,18.4537774
19/06/2014 23:58:00,18.5912272
20/06/2014 23:58:00,18.57325992
21/06/2014 23:58:00,18.57325992
22/06/2014 23:58:00,18.5411585
23/06/2014 23:58:00,18.6113382
24/06/2014 23:58:00,18.6197765
25/06/2014 23:58:00,18.64941276
26/06/2014 23:58:00,18.65630767
27/06/2014 23:58:00,18.63699596
28/06/2014 23:58:00,18.62861462
30/06/2014 23:58:00,18.72272381
01/07/2014 23:58:00,18.68611612
02/07/2014 23:58:00,18.54830745
03/07/2014 23:58:00,18.51065937
04/07/2014 23:58:00,18.47495766
05/07/2014 23:58:00,18.47495766
06/07/2014 23:58:00,18.47828669
07/07/2014 23:58:00,18.56229872
08/07/2014 23:58:00,18.52725732
09/07/2014 23:58:00,18.53872434
10/07/2014 23:58:00,18.56137732
11/07/2014 23:58:00,18.4818798
12/07/2014 23:58:00,18.46564328
13/07/2014 23:58:00,18.49568728
14/07/2014 23:58:00,18.50552276
15/07/2014 23:58:00,18.41895284
16/07/2014 23:58:00,18.27827672
17/07/2014 23:58:00,18.28327996
18/07/2014 23:58:00,18.25639786
19/07/2014 23:58:00,18.25639786
20/07/2014 23:58:00,18.29859246
21/07/2014 23:58:00,18.29367822
22/07/2014 23:58:00,18.20308322
23/07/2014 23:58:00,18.27035772
24/07/2014 23:58:00,18.33779354
25/07/2014 23:58:00,18.32277083
26/07/2014 23:58:00,18.32277083
27/07/2014 23:58:00,18.34318885
28/07/2014 23:58:00,18.3566845
29/07/2014 23:58:00,18.27799323
30/07/2014 23:58:00,18.30636
31/07/2014 23:58:00,18.2794412
01/08/2014 23:58:00,18.50440256
02/08/2014 23:58:00,18.50440256
03/08/2014 23:58:00,18.4909368
04/08/2014 23:58:00,18.45019826
05/08/2014 23:58:00,18.32347788
06/08/2014 23:58:00,18.51185272
07/08/2014 23:58:00,18.38854664
08/08/2014 23:58:00,18.41659974
09/08/2014 23:58:00,18.36930663
10/08/2014 23:58:00,18.4147656
11/08/2014 23:58:00,18.3922304
12/08/2014 23:58:00,18.4204858
13/08/2014 23:58:00,18.37343776
14/08/2014 23:58:00,18.2453632
15/08/2014 23:58:00,18.29631938
16/08/2014 23:58:00,18.3526176
17/08/2014 23:58:00,18.28173386
18/08/2014 23:58:00,18.30361214
19/08/2014 23:58:00,18.2004
20/08/2014 23:58:00,18.18
21/08/2014 23:58:00,18.27866172
22/08/2014 23:58:00,18.1630852
23/08/2014 23:58:00,18.1630852
24/08/2014 23:58:00,18.12620277
25/08/2014 23:58:00,18.13498472
26/08/2014 23:58:00,18.0817722
27/08/2014 23:58:00,18.1434672
28/08/2014 23:58:00,18.1205717
29/08/2014 23:58:00,18.04013556
30/08/2014 23:58:00,18.03626
31/08/2014 23:58:00,18.02137653
01/09/2014 23:58:00,18.0540109
02/09/2014 23:58:00,18.03774906
03/09/2014 23:58:00,18.04147407
04/09/2014 23:58:00,17.7191987
05/09/2014 23:58:00,17.7359556
06/09/2014 23:58:00,17.6810337
07/09/2014 23:58:00,17.68283973
08/09/2014 23:58:00,17.606808
09/09/2014 23:58:00,17.70734158
10/09/2014 23:58:00,17.77672217
11/09/2014 23:58:00,17.79865445
12/09/2014 23:58:00,17.73590112
13/09/2014 23:58:00,17.73590112
14/09/2014 23:58:00,17.85721035
15/09/2014 23:58:00,17.88766146
16/09/2014 23:58:00,17.90196066
17/09/2014 23:58:00,17.68524688
18/09/2014 23:58:00,17.75893653
19/09/2014 23:58:00,17.72343625
20/09/2014 23:58:00,17.72343625
21/09/2014 23:58:00,17.7044109
22/09/2014 23:58:00,17.78048964
23/09/2014 23:58:00,17.7866464
24/09/2014 23:58:00,17.66044178
25/09/2014 23:58:00,17.7976656
26/09/2014 23:58:00,17.52337356
27/09/2014 23:58:00,17.58879122
28/09/2014 23:58:00,17.52337356
29/09/2014 23:58:00,17.7381421
30/09/2014 23:58:00,17.70478671
01/10/2014 23:58:00,17.65566826
02/10/2014 23:58:00,17.66509828
03/10/2014 23:58:00,17.4697605
04/10/2014 23:58:00,17.41956166
05/10/2014 23:58:00,17.45238485
06/10/2014 23:58:00,17.65094454
07/10/2014 23:58:00,17.60417262
08/10/2014 23:58:00,17.7126111
09/10/2014 23:58:00,17.56900392
10/10/2014 23:58:00,17.54940642
11/10/2014 23:58:00,17.51754186
12/10/2014 23:58:00,17.56104924
13/10/2014 23:58:00,17.62132658
14/10/2014 23:58:00,17.56023979
15/10/2014 23:58:00,17.80676222
16/10/2014 23:58:00,17.90869179
17/10/2014 23:58:00,17.71589534
18/10/2014 23:58:00,17.70730522
19/10/2014 23:58:00,17.71589534
20/10/2014 23:58:00,17.71142356
21/10/2014 23:58:00,17.57066391
22/10/2014 23:58:00,17.426942
23/10/2014 23:58:00,17.47059932
24/10/2014 23:58:00,17.51341342
25/10/2014 23:58:00,17.51341342
26/10/2014 23:58:00,17.4804852
27/10/2014 23:58:00,17.59130004
28/10/2014 23:58:00,17.61217447
29/10/2014 23:58:00,17.4901682
30/10/2014 23:58:00,17.5206916
31/10/2014 23:58:00,17.42291046
03/11/2014 23:58:00,17.35285728
04/11/2014 23:58:00,17.42621156
05/11/2014 23:58:00,17.3112496
06/11/2014 23:58:00,17.19098308
07/11/2014 23:58:00,17.26608397
09/11/2014 23:58:00,17.21438436
10/11/2014 23:58:00,17.2727016
11/11/2014 23:58:00,17.2995966
12/11/2014 23:58:00,17.18304
13/11/2014 23:58:00,17.33473392
14/11/2014 23:58:00,17.44670284
15/11/2014 23:58:00,17.44670284
16/11/2014 23:58:00,17.4201684
17/11/2014 23:58:00,17.36855362
18/11/2014 23:58:00,17.43101474
19/11/2014 23:58:00,17.43492762
20/11/2014 23:58:00,17.47157445
21/11/2014 23:58:00,17.2267168
22/11/2014 23:58:00,17.2267168
23/11/2014 23:58:00,17.17137359
24/11/2014 23:58:00,17.32564383
25/11/2014 23:58:00,17.3949736
26/11/2014 23:58:00,17.48415036
27/11/2014 23:58:00,17.41100097
28/11/2014 23:58:00,17.45291774
01/12/2014 23:58:00,17.40614904
02/12/2014 23:58:00,17.27036388
03/12/2014 23:58:00,17.1866896
04/12/2014 23:58:00,17.2745268
05/12/2014 23:58:00,17.13820302
06/12/2014 23:58:00,17.13820302
08/12/2014 23:58:00,17.12296782
09/12/2014 23:58:00,17.26937303
10/12/2014 23:58:00,17.37098652
11/12/2014 23:58:00,17.37811441
12/12/2014 23:58:00,17.358354
13/12/2014 23:58:00,17.33561622
14/12/2014 23:58:00,17.33561622
15/12/2014 23:58:00,17.52406656
16/12/2014 23:58:00,17.75600435
17/12/2014 23:58:00,17.48078878
18/12/2014 23:58:00,17.27749656
19/12/2014 23:58:00,17.27598922
22/12/2014 23:58:00,17.26999468
23/12/2014 23:58:00,17.21508187
24/12/2014 23:58:00,17.310102
25/12/2014 23:58:00,17.34349491
26/12/2014 23:58:00,17.34095439
29/12/2014 23:58:00,17.2845045
30/12/2014 23:58:00,17.14501656
31/12/2014 23:58:00,16.99802132
01/01/2015 23:58:00,16.99802132
02/01/2015 23:58:00,16.92876334
05/01/2015 23:58:00,16.79977112
06/01/2015 23:58:00,16.7724168
07/01/2015 23:58:00,16.62244983
08/01/2015 23:58:00,16.45536344
09/01/2015 23:58:00,16.43243888
12/01/2015 23:58:00,16.35243528
13/01/2015 23:58:00,16.24126411
14/01/2015 23:58:00,16.26208896
15/01/2015 23:58:00,16.0357872
16/01/2015 23:58:00,15.88827429
19/01/2015 23:58:00,15.8563755
20/01/2015 23:58:00,15.74674864
21/01/2015 23:58:00,15.86959446
22/01/2015 23:58:00,15.52146404
23/01/2015 23:58:00,15.35702134
24/01/2015 23:58:00,15.3032256
25/01/2015 23:58:00,15.14443011
26/01/2015 23:58:00,15.43832922
27/01/2015 23:58:00,15.62583544
28/01/2015 23:58:00,15.53100565
29/01/2015 23:58:00,15.76848532
30/01/2015 23:58:00,15.78602928
31/01/2015 23:58:00,15.77300655
01/02/2015 23:58:00,15.69542625
02/02/2015 23:58:00,15.91409568
03/02/2015 23:58:00,16.02148842
04/02/2015 23:58:00,15.8955456
05/02/2015 23:58:00,16.02526947
06/02/2015 23:58:00,15.8687243
08/02/2015 23:58:00,15.85034411
09/02/2015 23:58:00,15.8773215
10/02/2015 23:58:00,15.88598844
11/02/2015 23:58:00,15.84253272
12/02/2015 23:58:00,15.9658777
13/02/2015 23:58:00,15.9040355
14/02/2015 23:58:00,15.8910836
15/02/2015 23:58:00,15.90890539
16/02/2015 23:58:00,15.84934582
17/02/2015 23:58:00,15.89694528
18/02/2015 23:58:00,15.89528918
19/02/2015 23:58:00,15.88377915
20/02/2015 23:58:00,15.84382813
21/02/2015 23:58:00,15.81190158
22/02/2015 23:58:00,15.825555
23/02/2015 23:58:00,15.81568069
24/02/2015 23:58:00,15.85572374
25/02/2015 23:58:00,15.88258836
26/02/2015 23:58:00,15.60894104
27/02/2015 23:58:00,15.55331428
28/02/2015 23:58:00,15.52854676
01/03/2015 23:58:00,15.49464971
02/03/2015 23:58:00,15.55448328
03/03/2015 23:58:00,15.5027004
04/03/2015 23:58:00,15.48466165
05/03/2015 23:58:00,15.485864
06/03/2015 23:58:00,15.22853952
08/03/2015 23:58:00,15.231726
09/03/2015 23:58:00,15.28030413
10/03/2015 23:58:00,15.09313771
11/03/2015 23:58:00,14.8842309
12/03/2015 23:58:00,14.9633748
13/03/2015 23:58:00,14.89161284
14/03/2015 23:58:00,14.89161284
16/03/2015 23:58:00,14.94880512
17/03/2015 23:58:00,14.92577592
18/03/2015 23:58:00,15.26386471
19/03/2015 23:58:00,15.03715878
20/03/2015 23:58:00,15.20573901
21/03/2015 23:58:00,15.16969098
23/03/2015 23:58:00,15.40517034
24/03/2015 23:58:00,15.40197218
25/03/2015 23:58:00,15.48995138
26/03/2015 23:58:00,15.43205898
27/03/2015 23:58:00,15.37806485
29/03/2015 23:58:00,15.35915452
30/03/2015 23:58:00,15.35096022
31/03/2015 23:58:00,15.15219614
01/04/2015 23:58:00,15.14561178
02/04/2015 23:58:00,15.2456596
03/04/2015 23:58:00,15.282275
06/04/2015 23:58:00,15.282275
07/04/2015 23:58:00,15.26757427
08/04/2015 23:58:00,15.23583364
09/04/2015 23:58:00,15.08248056
10/04/2015 23:58:00,14.97133567
11/04/2015 23:58:00,14.96256352
13/04/2015 23:58:00,14.98943775
14/04/2015 23:58:00,15.0301368
15/04/2015 23:58:00,15.0503397
16/04/2015 23:58:00,15.19071598
17/04/2015 23:58:00,15.28300748
19/04/2015 23:58:00,15.28676006
20/04/2015 23:58:00,15.27919565
21/04/2015 23:58:00,15.20893064
22/04/2015 23:58:00,15.24348635
23/04/2015 23:58:00,15.47810159
24/04/2015 23:58:00,15.67122445
26/04/2015 23:58:00,15.63685075
27/04/2015 23:58:00,15.5501192
28/04/2015 23:58:00,15.76203198
29/04/2015 23:58:00,15.98611516
30/04/2015 23:58:00,16.08974067
01/05/2015 23:58:00,16.13039539
04/05/2015 23:58:00,15.99681915
05/05/2015 23:58:00,15.98295808
06/05/2015 23:58:00,16.2383928
07/05/2015 23:58:00,16.1967255
08/05/2015 23:58:00,16.05531912
10/05/2015 23:58:00,16.02592942
11/05/2015 23:58:00,16.0088412
12/05/2015 23:58:00,16.11952944
13/05/2015 23:58:00,16.26973776
14/05/2015 23:58:00,16.23435024
15/05/2015 23:58:00,16.36507967
16/05/2015 23:58:00,16.33363933
17/05/2015 23:58:00,16.34315518
18/05/2015 23:58:00,16.2062847
19/05/2015 23:58:00,15.9819696
20/05/2015 23:58:00,15.87634625
21/05/2015 23:58:00,15.8937748
22/05/2015 23:58:00,15.68474481
25/05/2015 23:58:00,15.65372304
26/05/2015 23:58:00,15.59798856
27/05/2015 23:58:00,15.65679488
28/05/2015 23:58:00,15.71562975
29/05/2015 23:58:00,15.76127544
01/06/2015 23:58:00,15.6251604
02/06/2015 23:58:00,15.97215918
03/06/2015 23:58:00,16.27867308
04/06/2015 23:58:00,16.19481304
05/06/2015 23:58:00,15.91945854
08/06/2015 23:58:00,16.12579056
09/06/2015 23:58:00,16.14974322
10/06/2015 23:58:00,16.12647323
11/06/2015 23:58:00,16.09446852
12/06/2015 23:58:00,16.1383656
15/06/2015 23:58:00,16.0578364
16/06/2015 23:58:00,16.07694918
17/06/2015 23:58:00,16.21452002
18/06/2015 23:58:00,16.114914
19/06/2015 23:58:00,16.02030144
22/06/2015 23:58:00,16.04948904
23/06/2015 23:58:00,15.862476
24/06/2015 23:58:00,15.91846728
25/06/2015 23:58:00,15.98635381
26/06/2015 23:58:00,15.897225
29/06/2015 23:58:00,15.88256976
30/06/2015 23:58:00,15.7976637
01/07/2015 23:58:00,15.66336212
02/07/2015 23:58:00,15.6726684
03/07/2015 23:58:00,15.7006386
06/07/2015 23:58:00,15.5801862
07/07/2015 23:58:00,15.58858756
08/07/2015 23:58:00,15.67947416
09/07/2015 23:58:00,15.65977896
10/07/2015 23:58:00,15.91338888
13/07/2015 23:58:00,15.783229
14/07/2015 23:58:00,15.79173912
15/07/2015 23:58:00,15.66946508
16/07/2015 23:58:00,15.62355502
17/07/2015 23:58:00,15.544527
19/07/2015 23:58:00,15.56972525
20/07/2015 23:58:00,15.5995775
21/07/2015 23:58:00,15.71708177
22/07/2015 23:58:00,15.70017904
23/07/2015 23:58:00,15.8374964
24/07/2015 23:58:00,15.907056
27/07/2015 23:58:00,16.09791756
28/07/2015 23:58:00,15.99486145
29/07/2015 23:58:00,15.85831592
30/07/2015 23:58:00,15.90062282
31/07/2015 23:58:00,15.93102
03/08/2015 23:58:00,15.902752
04/08/2015 23:58:00,15.7569111
05/08/2015 23:58:00,15.74756208
06/08/2015 23:58:00,15.77328017
07/08/2015 23:58:00,15.82886847
10/08/2015 23:58:00,15.92694262
11/08/2015 23:58:00,16.06606176
12/08/2015 23:58:00,16.36239549
13/08/2015 23:58:00,16.51697314
14/08/2015 23:58:00,16.32217808
17/08/2015 23:58:00,16.35355127
18/08/2015 23:58:00,16.29212724
19/08/2015 23:58:00,16.29862916
20/08/2015 23:58:00,16.59567272
21/08/2015 23:58:00,16.84059156
24/08/2015 23:58:00,17.40255543
25/08/2015 23:58:00,17.2733498
26/08/2015 23:58:00,16.84626168
27/08/2015 23:58:00,16.70993335
28/08/2015 23:58:00,16.69846178
31/08/2015 23:58:00,16.7779245
01/09/2015 23:58:00,16.871442
02/09/2015 23:58:00,16.72007822
03/09/2015 23:58:00,16.616084
04/09/2015 23:58:00,16.75751496
07/09/2015 23:58:00,16.82834373
08/09/2015 23:58:00,16.79208522
09/09/2015 23:58:00,16.87634577
10/09/2015 23:58:00,16.95246278
11/09/2015 23:58:00,16.95987804
14/09/2015 23:58:00,16.95342975
15/09/2015 23:58:00,16.9190567
16/09/2015 23:58:00,16.8832898
17/09/2015 23:58:00,17.01914158
18/09/2015 23:58:00,16.83011994
21/09/2015 23:58:00,16.62407832
22/09/2015 23:58:00,16.5359425
23/09/2015 23:58:00,16.71450606
24/09/2015 23:58:00,16.72146471
25/09/2015 23:58:00,16.76438094
27/09/2015 23:58:00,16.7702925
28/09/2015 23:58:00,16.826727
29/09/2015 23:58:00,16.783232
30/09/2015 23:58:00,16.55146493
01/10/2015 23:58:00,16.6111967
02/10/2015 23:58:00,16.54708526
05/10/2015 23:58:00,16.4891436
06/10/2015 23:58:00,16.60757952
07/10/2015 23:58:00,16.51139014
08/10/2015 23:58:00,16.60297275
09/10/2015 23:58:00,16.65029032
11/10/2015 23:58:00,16.6719002
12/10/2015 23:58:00,16.65026964
13/10/2015 23:58:00,16.77696045
14/10/2015 23:58:00,16.82053362
15/10/2015 23:58:00,16.64819232
16/10/2015 23:58:00,16.58068155
19/10/2015 23:58:00,16.60537266
20/10/2015 23:58:00,16.64756316
21/10/2015 23:58:00,16.67809764
22/10/2015 23:58:00,16.2625
23/10/2015 23:58:00,16.10640355
26/10/2015 23:58:00,16.15515692
27/10/2015 23:58:00,16.13791734
28/10/2015 23:58:00,15.9734687
29/10/2015 23:58:00,16.20589772
30/10/2015 23:58:00,16.23142395
02/11/2015 23:58:00,16.26793161
03/11/2015 23:58:00,16.18484638
04/11/2015 23:58:00,16.0014283
05/11/2015 23:58:00,16.0757674
06/11/2015 23:58:00,15.92614906
09/11/2015 23:58:00,16.0088178
10/11/2015 23:58:00,15.952513
11/11/2015 23:58:00,15.99649482
12/11/2015 23:58:00,16.06551552
13/11/2015 23:58:00,15.98500251
16/11/2015 23:58:00,15.84691056
17/11/2015 23:58:00,15.80727669
18/11/2015 23:58:00,15.83619525
19/11/2015 23:58:00,15.9449888
20/11/2015 23:58:00,15.7892525
23/11/2015 23:58:00,15.84873109
24/11/2015 23:58:00,15.829125
25/11/2015 23:58:00,15.85268542
26/11/2015 23:58:00,15.8774109
27/11/2015 23:58:00,15.914841
30/11/2015 23:58:00,15.74443884
01/12/2015 23:58:00,15.78980438
02/12/2015 23:58:00,15.84123157
03/12/2015 23:58:00,16.299932
04/12/2015 23:58:00,16.1625618
07/12/2015 23:58:00,16.13715792
08/12/2015 23:58:00,16.20299252
09/12/2015 23:58:00,16.3913945
10/12/2015 23:58:00,16.15686912
11/12/2015 23:58:00,16.30384903
14/12/2015 23:58:00,16.33715418
15/12/2015 23:58:00,16.25943609
16/12/2015 23:58:00,16.0224336
17/12/2015 23:58:00,15.92955771
18/12/2015 23:58:00,15.9558308
21/12/2015 23:58:00,16.02450689
22/12/2015 23:58:00,16.01821983
23/12/2015 23:58:00,15.94245246
24/12/2015 23:58:00,15.937698
25/12/2015 23:58:00,15.964074
28/12/2015 23:58:00,16.00641202
29/12/2015 23:58:00,15.9196276
30/12/2015 23:58:00,16.0169841
31/12/2015 23:58:00,15.87506719
01/01/2016 23:58:00,15.87506719
03/01/2016 23:58:00,15.8171265
04/01/2016 23:58:00,15.90631683
05/01/2016 23:58:00,15.79479332
06/01/2016 23:58:00,15.88298096
07/01/2016 23:58:00,16.11725364
08/01/2016 23:58:00,16.1177976
10/01/2016 23:58:00,16.1387226
11/01/2016 23:58:00,15.98556869
12/01/2016 23:58:00,16.0032488
13/01/2016 23:58:00,16.0412124
14/01/2016 23:58:00,16.0923864
15/01/2016 23:58:00,16.28983146
16/01/2016 23:58:00,16.27319869
18/01/2016 23:58:00,16.23980624
19/01/2016 23:58:00,16.28644311
20/01/2016 23:58:00,16.2669906
21/01/2016 23:58:00,16.2264544
22/01/2016 23:58:00,16.07948587
23/01/2016 23:58:00,16.07948587
25/01/2016 23:58:00,16.20161497
26/01/2016 23:58:00,16.2146502
27/01/2016 23:58:00,16.34521728
28/01/2016 23:58:00,16.39270882
29/01/2016 23:58:00,16.1951394
01/02/2016 23:58:00,16.32154808
02/02/2016 23:58:00,16.4084211
03/02/2016 23:58:00,16.66996507
04/02/2016 23:58:00,16.77884376
05/02/2016 23:58:00,16.77624886
06/02/2016 23:58:00,16.8216762
08/02/2016 23:58:00,16.95909312
09/02/2016 23:58:00,17.04924872
10/02/2016 23:58:00,17.0818788
11/02/2016 23:58:00,17.27804442
12/02/2016 23:58:00,17.11493208
15/02/2016 23:58:00,17.01517164
16/02/2016 23:58:00,17.08265616
17/02/2016 23:58:00,17.01175772
18/02/2016 23:58:00,17.02973742
19/02/2016 23:58:00,16.997424
20/02/2016 23:58:00,16.997424
22/02/2016 23:58:00,16.86783252
23/02/2016 23:58:00,16.89966302
24/02/2016 23:58:00,16.7931456
25/02/2016 23:58:00,16.9447011
26/02/2016 23:58:00,16.8189183
29/02/2016 23:58:00,16.57083438
01/03/2016 23:58:00,16.46431038
02/03/2016 23:58:00,16.41706456
03/03/2016 23:58:00,16.45876359
04/03/2016 23:58:00,16.5015915
07/03/2016 23:58:00,16.5167821
08/03/2016 23:58:00,16.56443344
09/03/2016 23:58:00,16.50491245
10/03/2016 23:58:00,16.8339809
11/03/2016 23:58:00,16.69345524
14/03/2016 23:58:00,16.66519766
15/03/2016 23:58:00,16.71446226
16/03/2016 23:58:00,16.7001487
17/03/2016 23:58:00,16.81220268
18/03/2016 23:58:00,16.71148552
19/03/2016 23:58:00,16.71148552
21/03/2016 23:58:00,16.6991808
22/03/2016 23:58:00,16.76711096
23/03/2016 23:58:00,16.7255
24/03/2016 23:58:00,16.70533976
25/03/2016 23:58:00,16.74347675
28/03/2016 23:58:00,16.76756327
29/03/2016 23:58:00,16.7711936
30/03/2016 23:58:00,16.80902336
31/03/2016 23:58:00,16.85415368
01/04/2016 23:58:00,16.9113363
02/04/2016 23:58:00,16.9113363
03/04/2016 23:58:00,16.8914289
04/04/2016 23:58:00,16.85333372
05/04/2016 23:58:00,16.91211792
06/04/2016 23:58:00,16.94928175
07/04/2016 23:58:00,16.95785926
08/04/2016 23:58:00,16.96738912
09/04/2016 23:58:00,16.96738912
10/04/2016 23:58:00,16.98003248
11/04/2016 23:58:00,16.9026242
12/04/2016 23:58:00,16.8824727
13/04/2016 23:58:00,16.75831275
14/04/2016 23:58:00,16.75320817
15/04/2016 23:58:00,16.80388783
18/04/2016 23:58:00,16.73971663
19/04/2016 23:58:00,16.77204594
20/04/2016 23:58:00,16.68274596
21/04/2016 23:58:00,16.73707968
22/04/2016 23:58:00,16.71057363
25/04/2016 23:58:00,16.7456232
26/04/2016 23:58:00,16.7559637
27/04/2016 23:58:00,16.814357
28/04/2016 23:58:00,16.85066994
29/04/2016 23:58:00,16.9731199
30/04/2016 23:58:00,16.9731199
02/05/2016 23:58:00,17.02482521
03/05/2016 23:58:00,17.04181463
04/05/2016 23:58:00,16.9661154
05/05/2016 23:58:00,16.8303254
06/05/2016 23:58:00,16.87891524
09/05/2016 23:58:00,16.89776046
10/05/2016 23:58:00,16.88849778
11/05/2016 23:58:00,16.92543447
12/05/2016 23:58:00,16.87198276
13/05/2016 23:58:00,16.817322
16/05/2016 23:58:00,16.84172952
17/05/2016 23:58:00,16.8373624
18/05/2016 23:58:00,16.7315708
19/05/2016 23:58:00,16.75386433
20/05/2016 23:58:00,16.75798665
22/05/2016 23:58:00,16.72629784
23/05/2016 23:58:00,16.72642952
24/05/2016 23:58:00,16.68408962
25/05/2016 23:58:00,16.64158704
26/05/2016 23:58:00,16.59588798
27/05/2016 23:58:00,16.53012912
29/05/2016 23:58:00,16.49527664
30/05/2016 23:58:00,16.6087042
31/05/2016 23:58:00,16.56033992
01/06/2016 23:58:00,16.68321518
02/06/2016 23:58:00,16.61237604
03/06/2016 23:58:00,16.85317744
06/06/2016 23:58:00,16.80579558
07/06/2016 23:58:00,16.79156213
08/06/2016 23:58:00,16.8050817
09/06/2016 23:58:00,16.71261381
10/06/2016 23:58:00,16.67265225
13/06/2016 23:58:00,16.76004574
14/06/2016 23:58:00,16.64817924
15/06/2016 23:58:00,16.62538451
16/06/2016 23:58:00,16.6719439
17/06/2016 23:58:00,16.66388902
19/06/2016 23:58:00,16.72693106
20/06/2016 23:58:00,16.7066431
21/06/2016 23:58:00,16.7223441
22/06/2016 23:58:00,16.84943202
23/06/2016 23:58:00,16.89522492
24/06/2016 23:58:00,16.62782869
27/06/2016 23:58:00,16.49733169
28/06/2016 23:58:00,16.55295096
29/06/2016 23:58:00,16.52433576
30/06/2016 23:58:00,16.53977003
01/07/2016 23:58:00,16.5536448
02/07/2016 23:58:00,16.5536448
04/07/2016 23:58:00,16.58669553
05/07/2016 23:58:00,16.46677772
06/07/2016 23:58:00,16.51391901
07/07/2016 23:58:00,16.50099159
08/07/2016 23:58:00,16.43928416
09/07/2016 23:58:00,16.43928416
11/07/2016 23:58:00,16.5122984
12/07/2016 23:58:00,16.436646
13/07/2016 23:58:00,16.53172032
14/07/2016 23:58:00,16.52101684
15/07/2016 23:58:00,16.51874598
16/07/2016 23:58:00,16.51874598
18/07/2016 23:58:00,16.60078914
19/07/2016 23:58:00,16.5461172
20/07/2016 23:58:00,16.52503056
21/07/2016 23:58:00,16.56622026
22/07/2016 23:58:00,16.52865936
25/07/2016 23:58:00,16.62948755
26/07/2016 23:58:00,16.5249504
27/07/2016 23:58:00,16.6047988
28/07/2016 23:58:00,16.60902509
29/07/2016 23:58:00,16.64800392
30/07/2016 23:58:00,16.64800392
01/08/2016 23:58:00,16.70510526
02/08/2016 23:58:00,16.76768048
03/08/2016 23:58:00,16.6906676
04/08/2016 23:58:00,16.66747176
05/08/2016 23:58:00,16.61718605
08/08/2016 23:58:00,16.60231664
09/08/2016 23:58:00,16.62028521
10/08/2016 23:58:00,16.72104288
11/08/2016 23:58:00,16.6636432
12/08/2016 23:58:00,16.73796119
14/08/2016 23:58:00,16.72556899
15/08/2016 23:58:00,16.7476515
16/08/2016 23:58:00,16.88959217
17/08/2016 23:58:00,16.87022182
18/08/2016 23:58:00,16.9415428
19/08/2016 23:58:00,17.0137272
21/08/2016 23:58:00,16.89666302
22/08/2016 23:58:00,17.04082958
23/08/2016 23:58:00,16.9939595
24/08/2016 23:58:00,16.9552136
25/08/2016 23:58:00,16.96182289
26/08/2016 23:58:00,16.85676319
27/08/2016 23:58:00,16.85676319
28/08/2016 23:58:00,16.83930965
29/08/2016 23:58:00,16.846299
30/08/2016 23:58:00,16.79440405
31/08/2016 23:58:00,16.75773968
01/09/2016 23:58:00,16.77706574
02/09/2016 23:58:00,16.73907644
03/09/2016 23:58:00,16.67448921
04/09/2016 23:58:00,16.67448921
05/09/2016 23:58:00,16.6342734
06/09/2016 23:58:00,16.72612524
07/09/2016 23:58:00,16.7761024
08/09/2016 23:58:00,16.8071985
09/09/2016 23:58:00,16.83874048
10/09/2016 23:58:00,16.8584976
11/09/2016 23:58:00,16.83874048
12/09/2016 23:58:00,16.84689027
13/09/2016 23:58:00,16.89277962
14/09/2016 23:58:00,16.85241476
15/09/2016 23:58:00,16.88304326
16/09/2016 23:58:00,16.79919264
17/09/2016 23:58:00,16.79919264
18/09/2016 23:58:00,16.78845654
19/09/2016 23:58:00,16.80106833
20/09/2016 23:58:00,16.754466
21/09/2016 23:58:00,16.76507254
22/09/2016 23:58:00,16.75269268
23/09/2016 23:58:00,16.815737
24/09/2016 23:58:00,16.80418317
25/09/2016 23:58:00,16.80418317
26/09/2016 23:58:00,16.81414486
27/09/2016 23:58:00,16.72991934
28/09/2016 23:58:00,16.70392569
29/09/2016 23:58:00,16.80226981
30/09/2016 23:58:00,16.82732728
01/10/2016 23:58:00,16.81630055
02/10/2016 23:58:00,16.81630055
03/10/2016 23:58:00,16.71920616
04/10/2016 23:58:00,16.72173048
05/10/2016 23:58:00,16.71272562
06/10/2016 23:58:00,16.57774618
07/10/2016 23:58:00,16.515312
09/10/2016 23:58:00,16.50462892
10/10/2016 23:58:00,16.44907859
11/10/2016 23:58:00,16.45190108
12/10/2016 23:58:00,16.34637998
13/10/2016 23:58:00,16.37059032
14/10/2016 23:58:00,16.2218707
15/10/2016 23:58:00,16.210722
16/10/2016 23:58:00,16.210722
17/10/2016 23:58:00,16.28451302
18/10/2016 23:58:00,16.24456067
19/10/2016 23:58:00,16.23196067
20/10/2016 23:58:00,16.20767842
21/10/2016 23:58:00,16.14999012
22/10/2016 23:58:00,16.13831232
23/10/2016 23:58:00,16.13831232
24/10/2016 23:58:00,16.1036523
25/10/2016 23:58:00,16.17389442
26/10/2016 23:58:00,16.20248448
27/10/2016 23:58:00,16.17451763
28/10/2016 23:58:00,16.27409583
29/10/2016 23:58:00,16.26661341
30/10/2016 23:58:00,16.26661341
31/10/2016 23:58:00,16.20904967
01/11/2016 23:58:00,16.33756607
02/11/2016 23:58:00,16.44663047
03/11/2016 23:58:00,16.4370624
04/11/2016 23:58:00,16.53136576
05/11/2016 23:58:00,16.52067966
06/11/2016 23:58:00,16.52067966
07/11/2016 23:58:00,16.3700955
08/11/2016 23:58:00,16.16595865
09/11/2016 23:58:00,16.11011172
10/11/2016 23:58:00,16.22221957
11/11/2016 23:58:00,16.19838166
12/11/2016 23:58:00,16.19838166
13/11/2016 23:58:00,16.18556421
14/11/2016 23:58:00,16.12514696
15/11/2016 23:58:00,16.08540764
16/11/2016 23:58:00,16.08028428
17/11/2016 23:58:00,15.96807772
18/11/2016 23:58:00,15.99164082
19/11/2016 23:58:00,15.99164082
20/11/2016 23:58:00,15.9797297
21/11/2016 23:58:00,16.06952533
22/11/2016 23:58:00,16.11025609
23/11/2016 23:58:00,16.052754
24/11/2016 23:58:00,16.06719826
25/11/2016 23:58:00,16.07473593
26/11/2016 23:58:00,16.07473593
27/11/2016 23:58:00,16.06455816
28/11/2016 23:58:00,16.11191361
29/11/2016 23:58:00,16.14277632
30/11/2016 23:58:00,16.05850844
01/12/2016 23:58:00,16.07317173
02/12/2016 23:58:00,16.07111398
04/12/2016 23:58:00,16.05887538
05/12/2016 23:58:00,16.24818625
06/12/2016 23:58:00,16.1246082
07/12/2016 23:58:00,16.10668809
08/12/2016 23:58:00,15.89298668
09/12/2016 23:58:00,15.81400183
10/12/2016 23:58:00,15.81400183
11/12/2016 23:58:00,15.8134158
12/12/2016 23:58:00,15.9072771
13/12/2016 23:58:00,15.86412983
14/12/2016 23:58:00,15.7708628
15/12/2016 23:58:00,15.6138483
16/12/2016 23:58:00,15.691392
17/12/2016 23:58:00,15.6902355
18/12/2016 23:58:00,15.6902355
19/12/2016 23:58:00,15.61003002
20/12/2016 23:58:00,15.58100356
21/12/2016 23:58:00,15.63716902
22/12/2016 23:58:00,15.62784006
23/12/2016 23:58:00,15.61355751
24/12/2016 23:58:00,15.60447554
25/12/2016 23:58:00,15.60447554
26/12/2016 23:58:00,15.5909486
27/12/2016 23:58:00,15.66254592
28/12/2016 23:58:00,15.63053985
29/12/2016 23:58:00,15.82770967
30/12/2016 23:58:00,15.74196096
31/12/2016 23:58:00,15.73261844
01/01/2017 23:58:00,15.73261844
02/01/2017 23:58:00,15.69668788
03/01/2017 23:58:00,15.70478479
04/01/2017 23:58:00,15.77862676
05/01/2017 23:58:00,15.917255
06/01/2017 23:58:00,15.91411528
07/01/2017 23:58:00,15.90978765
08/01/2017 23:58:00,15.91265995
09/01/2017 23:58:00,16.03139574
10/01/2017 23:58:00,16.01578874
11/01/2017 23:58:00,16.0428816
12/01/2017 23:58:00,16.08128718
13/01/2017 23:58:00,16.13245872
14/01/2017 23:58:00,16.1193197
15/01/2017 23:58:00,16.08251448
16/01/2017 23:58:00,16.01789275
17/01/2017 23:58:00,16.11323034
18/01/2017 23:58:00,16.08859018
19/01/2017 23:58:00,16.11833581
20/01/2017 23:58:00,16.18384768
21/01/2017 23:58:00,16.174778
22/01/2017 23:58:00,16.14586952
23/01/2017 23:58:00,16.24454969
24/01/2017 23:58:00,16.22655922
25/01/2017 23:58:00,16.21631861
26/01/2017 23:58:00,16.17312068
27/01/2017 23:58:00,16.15805616
28/01/2017 23:58:00,16.15805616
29/01/2017 23:58:00,16.1686329
30/01/2017 23:58:00,16.11698244
31/01/2017 23:58:00,16.17878348
01/02/2017 23:58:00,15.96664421
02/02/2017 23:58:00,15.98701515
03/02/2017 23:58:00,16.00223317
04/02/2017 23:58:00,16.00223317
05/02/2017 23:58:00,15.99552571
06/02/2017 23:58:00,15.98576187
07/02/2017 23:58:00,16.00346982
08/02/2017 23:58:00,15.92678911
09/02/2017 23:58:00,15.80261722
10/02/2017 23:58:00,15.78768828
11/02/2017 23:58:00,15.78768828
12/02/2017 23:58:00,15.76642351
13/02/2017 23:58:00,15.75054685
14/02/2017 23:58:00,15.66095182
15/02/2017 23:58:00,15.67594782
16/02/2017 23:58:00,15.83611654
17/02/2017 23:58:00,15.71319171
18/02/2017 23:58:00,15.71319171
19/02/2017 23:58:00,15.73014266
20/02/2017 23:58:00,15.69458705
21/02/2017 23:58:00,15.61492201
22/02/2017 23:58:00,15.60709133
23/02/2017 23:58:00,15.60644251
24/02/2017 23:58:00,15.576785
25/02/2017 23:58:00,15.5592725
26/02/2017 23:58:00,15.5632706
27/02/2017 23:58:00,15.61287812
28/02/2017 23:58:00,15.56897034
01/03/2017 23:58:00,15.54582216
02/03/2017 23:58:00,15.50739474
03/03/2017 23:58:00,15.5911074
04/03/2017 23:58:00,15.62688519
05/03/2017 23:58:00,15.54809305
06/03/2017 23:58:00,15.54020821
07/03/2017 23:58:00,15.4829372
08/03/2017 23:58:00,15.48881235
09/03/2017 23:58:00,15.48921334
10/03/2017 23:58:00,15.6321252
12/03/2017 23:58:00,15.55948455
13/03/2017 23:58:00,15.45865876
14/03/2017 23:58:00,15.34796183
15/03/2017 23:58:00,15.48446938
16/03/2017 23:58:00,15.43938627
17/03/2017 23:58:00,15.43539036
18/03/2017 23:58:00,15.4262484
19/03/2017 23:58:00,15.41119074
20/03/2017 23:58:00,15.36032903
21/03/2017 23:58:00,15.49808185
22/03/2017 23:58:00,15.45686155
23/03/2017 23:58:00,15.47236504
24/03/2017 23:58:00,15.51191616
25/03/2017 23:58:00,15.49685683
26/03/2017 23:58:00,15.50535794
27/03/2017 23:58:00,15.49697125
28/03/2017 23:58:00,15.4564629
29/03/2017 23:58:00,15.2828976
30/03/2017 23:58:00,15.1906634
31/03/2017 23:58:00,15.16198287
02/04/2017 23:58:00,15.20195378
03/04/2017 23:58:00,15.19885192
04/04/2017 23:58:00,15.269837
05/04/2017 23:58:00,15.310416
06/04/2017 23:58:00,15.1814664
07/04/2017 23:58:00,15.0491831
08/04/2017 23:58:00,15.04718145
09/04/2017 23:58:00,15.0760386
10/04/2017 23:58:00,15.1557525
11/04/2017 23:58:00,15.1738314
12/04/2017 23:58:00,15.221355
13/04/2017 23:58:00,15.1064355
14/04/2017 23:58:00,15.11264414
15/04/2017 23:58:00,15.10730274
16/04/2017 23:58:00,15.12277163
17/04/2017 23:58:00,15.09666143
18/04/2017 23:58:00,15.2908217
19/04/2017 23:58:00,15.24692419
20/04/2017 23:58:00,15.2358358
21/04/2017 23:58:00,15.27061589
23/04/2017 23:58:00,15.1904
24/04/2017 23:58:00,15.427844
25/04/2017 23:58:00,15.5089935
26/04/2017 23:58:00,15.384006
27/04/2017 23:58:00,15.3244332
28/04/2017 23:58:00,15.43306264
29/04/2017 23:58:00,15.43306264
30/04/2017 23:58:00,15.41749391
01/05/2017 23:58:00,15.4057672
02/05/2017 23:58:00,15.3793628
03/05/2017 23:58:00,15.3545373
04/05/2017 23:58:00,15.4848627
05/05/2017 23:58:00,15.53552664
07/05/2017 23:58:00,15.51414478
08/05/2017 23:58:00,15.45367905
09/05/2017 23:58:00,15.44896
10/05/2017 23:58:00,15.3829105
11/05/2017 23:58:00,15.3646628
12/05/2017 23:58:00,15.43205664
14/05/2017 23:58:00,15.39073683
15/05/2017 23:58:00,15.43451106
16/05/2017 23:58:00,15.564123
17/05/2017 23:58:00,15.6644124
18/05/2017 23:58:00,15.75524405
19/05/2017 23:58:00,15.8457611
20/05/2017 23:58:00,15.8457611
21/05/2017 23:58:00,15.78859353
22/05/2017 23:58:00,15.87607922
23/05/2017 23:58:00,15.91633956
24/05/2017 23:58:00,15.96984066
25/05/2017 23:58:00,15.87235931
26/05/2017 23:58:00,15.80775021
27/05/2017 23:58:00,15.80057294
28/05/2017 23:58:00,15.8037986
29/05/2017 23:58:00,15.70719901
30/05/2017 23:58:00,15.76952314
31/05/2017 23:58:00,15.85089957
01/06/2017 23:58:00,15.79696242
02/06/2017 23:58:00,15.89718256
03/06/2017 23:58:00,15.88678135
04/06/2017 23:58:00,15.87647655
05/06/2017 23:58:00,15.86980416
06/06/2017 23:58:00,15.88351848
07/06/2017 23:58:00,15.84496925
08/06/2017 23:58:00,15.71983989
09/06/2017 23:58:00,15.7543695
10/06/2017 23:58:00,15.7788027
11/06/2017 23:58:00,15.76528353
12/06/2017 23:58:00,15.80459986
13/06/2017 23:58:00,15.780459
14/06/2017 23:58:00,15.6930297
15/06/2017 23:58:00,15.6758136
16/06/2017 23:58:00,15.6916116
17/06/2017 23:58:00,15.6376818
18/06/2017 23:58:00,15.7149558
19/06/2017 23:58:00,15.62147622
20/06/2017 23:58:00,15.6041202
21/06/2017 23:58:00,15.65650132
22/06/2017 23:58:00,15.72274122
23/06/2017 23:58:00,15.76782606
24/06/2017 23:58:00,15.76782606
25/06/2017 23:58:00,15.76782606
26/06/2017 23:58:00,15.7239509
27/06/2017 23:58:00,16.00989337
28/06/2017 23:58:00,16.11894333
29/06/2017 23:58:00,16.2014578
30/06/2017 23:58:00,16.17004938
01/07/2017 23:58:00,16.15880674
02/07/2017 23:58:00,16.14588538
03/07/2017 23:58:00,16.10498139
04/07/2017 23:58:00,16.02641661
05/07/2017 23:58:00,16.0034758
06/07/2017 23:58:00,16.07931365
07/07/2017 23:58:00,16.034138
08/07/2017 23:58:00,16.0931129
09/07/2017 23:58:00,16.06440697
10/07/2017 23:58:00,16.05508006
11/07/2017 23:58:00,16.17398689
12/07/2017 23:58:00,16.08674445
13/07/2017 23:58:00,16.07037155
14/07/2017 23:58:00,16.18065504
16/07/2017 23:58:00,16.09831597
17/07/2017 23:58:00,16.1577661
18/07/2017 23:58:00,16.26306327
19/07/2017 23:58:00,16.20013529
20/07/2017 23:58:00,16.35205825
21/07/2017 23:58:00,16.41059598
22/07/2017 23:58:00,16.42146522
23/07/2017 23:58:00,16.42339905
24/07/2017 23:58:00,16.39443462
25/07/2017 23:58:00,16.42367348
26/07/2017 23:58:00,16.5037721
27/07/2017 23:58:00,16.42173225
28/07/2017 23:58:00,16.50588676
29/07/2017 23:58:00,16.49897655
30/07/2017 23:58:00,16.49705284
31/07/2017 23:58:00,16.62187102
01/08/2017 23:58:00,16.59749833
02/08/2017 23:58:00,16.5153721
03/08/2017 23:58:00,16.57141152
04/08/2017 23:58:00,16.426344
06/08/2017 23:58:00,16.36957051
07/08/2017 23:58:00,16.48667652
08/08/2017 23:58:00,16.38374885
09/08/2017 23:58:00,16.42872205
10/08/2017 23:58:00,16.47913049
11/08/2017 23:58:00,16.56619523
12/08/2017 23:58:00,16.54186934
13/08/2017 23:58:00,16.50534317
14/08/2017 23:58:00,16.4972873
15/08/2017 23:58:00,16.47896109
16/08/2017 23:58:00,16.4507522
17/08/2017 23:58:00,16.36303438
18/08/2017 23:58:00,16.4161412
19/08/2017 23:58:00,16.40214888
20/08/2017 23:58:00,16.38292611
21/08/2017 23:58:00,16.50580002
22/08/2017 23:58:00,16.41217207
23/08/2017 23:58:00,16.46912655
24/08/2017 23:58:00,16.46019675
25/08/2017 23:58:00,16.58380174
26/08/2017 23:58:00,16.57291463
27/08/2017 23:58:00,16.49356021
28/08/2017 23:58:00,16.57501171
29/08/2017 23:58:00,16.64872549
30/08/2017 23:58:00,16.53912722
31/08/2017 23:58:00,16.54487355
01/09/2017 23:58:00,16.516644
02/09/2017 23:58:00,16.50575652
03/09/2017 23:58:00,16.53520365
04/09/2017 23:58:00,16.53415171
05/09/2017 23:58:00,16.615361
06/09/2017 23:58:00,16.59535229
07/09/2017 23:58:00,16.71016113
08/09/2017 23:58:00,16.6715692
09/09/2017 23:58:00,16.70069513
10/09/2017 23:58:00,16.66809032
11/09/2017 23:58:00,16.625203
12/09/2017 23:58:00,16.62909748
13/09/2017 23:58:00,16.55323651
14/09/2017 23:58:00,16.59240765
15/09/2017 23:58:00,16.63088232
17/09/2017 23:58:00,16.64816872
18/09/2017 23:58:00,16.67206256
19/09/2017 23:58:00,16.74338148
20/09/2017 23:58:00,16.57105218
21/09/2017 23:58:00,16.81814091
22/09/2017 23:58:00,16.82155632
24/09/2017 23:58:00,16.86906436
25/09/2017 23:58:00,16.80706855
26/09/2017 23:58:00,16.7197975
27/09/2017 23:58:00,16.7154275
28/09/2017 23:58:00,16.706016
29/09/2017 23:58:00,16.77176949
01/10/2017 23:58:00,16.7666665
02/10/2017 23:58:00,16.76274938
03/10/2017 23:58:00,16.73118294
04/10/2017 23:58:00,16.67880214
05/10/2017 23:58:00,16.6689802
06/10/2017 23:58:00,16.75630232
07/10/2017 23:58:00,16.75630232
08/10/2017 23:58:00,16.73883963
09/10/2017 23:58:00,16.78146148
10/10/2017 23:58:00,16.78923091
11/10/2017 23:58:00,16.84972741
12/10/2017 23:58:00,16.7363358
13/10/2017 23:58:00,16.6713861
14/10/2017 23:58:00,16.65523769
15/10/2017 23:58:00,16.66235172
16/10/2017 23:58:00,16.62392441
17/10/2017 23:58:00,16.65356226
18/10/2017 23:58:00,16.70164727
19/10/2017 23:58:00,16.70254976
20/10/2017 23:58:00,16.63739239
21/10/2017 23:58:00,16.6445142
22/10/2017 23:58:00,16.66274335
23/10/2017 23:58:00,16.60861276
24/10/2017 23:58:00,16.62000271
25/10/2017 23:58:00,16.6470216
26/10/2017 23:58:00,16.331526
27/10/2017 23:58:00,16.40327359
29/10/2017 23:58:00,16.31241643
30/10/2017 23:58:00,16.41225986
31/10/2017 23:58:00,16.34795457
01/11/2017 23:58:00,16.28596062
02/11/2017 23:58:00,16.33088159
03/11/2017 23:58:00,16.29769591
04/11/2017 23:58:00,16.32279175
05/11/2017 23:58:00,16.33184883
06/11/2017 23:58:00,16.31889088
07/11/2017 23:58:00,16.31132599
08/11/2017 23:58:00,16.25683472
09/11/2017 23:58:00,16.28163048
10/11/2017 23:58:00,16.35897751
11/11/2017 23:58:00,16.35897751
12/11/2017 23:58:00,16.34350644
13/11/2017 23:58:00,16.38512097
14/11/2017 23:58:00,16.59080064
15/11/2017 23:58:00,16.56538554
16/11/2017 23:58:00,16.5287787
17/11/2017 23:58:00,16.52568368
18/11/2017 23:58:00,16.52568368
19/11/2017 23:58:00,16.4651004
20/11/2017 23:58:00,16.396704
21/11/2017 23:58:00,16.34186644
22/11/2017 23:58:00,16.4334444
23/11/2017 23:58:00,16.43158253
24/11/2017 23:58:00,16.62031427
25/11/2017 23:58:00,16.57709235
26/11/2017 23:58:00,16.57967415
27/11/2017 23:58:00,16.51118687
28/11/2017 23:58:00,16.4308242
29/11/2017 23:58:00,16.41868837
30/11/2017 23:58:00,16.50668644
01/12/2017 23:58:00,16.55532606
02/12/2017 23:58:00,16.55532606
03/12/2017 23:58:00,16.43947356
04/12/2017 23:58:00,16.47009731
05/12/2017 23:58:00,16.42516801
06/12/2017 23:58:00,16.42750537
07/12/2017 23:58:00,16.38344281
08/12/2017 23:58:00,16.36389213
09/12/2017 23:58:00,16.35357645
10/12/2017 23:58:00,16.33681347
11/12/2017 23:58:00,16.338465
12/12/2017 23:58:00,16.351806
13/12/2017 23:58:00,16.4131776
14/12/2017 23:58:00,16.3219935
15/12/2017 23:58:00,16.26108667
17/12/2017 23:58:00,16.25450178
18/12/2017 23:58:00,16.36781549
19/12/2017 23:58:00,16.39426417
20/12/2017 23:58:00,16.40766215
21/12/2017 23:58:00,16.36600009
22/12/2017 23:58:00,16.35212085
23/12/2017 23:58:00,16.33991118
24/12/2017 23:58:00,16.31238783
25/12/2017 23:58:00,16.34060044
26/12/2017 23:58:00,16.35600369
27/12/2017 23:58:00,16.3903586
28/12/2017 23:58:00,16.40563758
29/12/2017 23:58:00,16.40954931
30/12/2017 23:58:00,16.40070152
31/12/2017 23:58:00,16.40261674
01/01/2018 23:58:00,16.40758644
02/01/2018 23:58:00,16.559887
03/01/2018 23:58:00,16.46106159
04/01/2018 23:58:00,16.48496774
05/01/2018 23:58:00,16.43871348
07/01/2018 23:58:00,16.4046145
08/01/2018 23:58:00,16.30843304
09/01/2018 23:58:00,16.31756876
10/01/2018 23:58:00,16.4169248
11/01/2018 23:58:00,16.50189815
12/01/2018 23:58:00,16.72059267
13/01/2018 23:58:00,16.70597072
14/01/2018 23:58:00,16.63983868
15/01/2018 23:58:00,16.77150243
16/01/2018 23:58:00,16.83562044
17/01/2018 23:58:00,16.71129975
18/01/2018 23:58:00,16.76716102
19/01/2018 23:58:00,16.72226423
20/01/2018 23:58:00,16.72226423
21/01/2018 23:58:00,16.71379706
22/01/2018 23:58:00,16.75383382
23/01/2018 23:58:00,16.79570673
24/01/2018 23:58:00,16.86848842
25/01/2018 23:58:00,16.82716383
26/01/2018 23:58:00,16.9166127
28/01/2018 23:58:00,16.9172484
29/01/2018 23:58:00,16.91377611
30/01/2018 23:58:00,16.99595374
31/01/2018 23:58:00,16.9781822
01/02/2018 23:58:00,17.1875235
02/02/2018 23:58:00,17.18879265
03/02/2018 23:58:00,17.1798141
04/02/2018 23:58:00,17.14069327
05/02/2018 23:58:00,17.13343608
06/02/2018 23:58:00,17.0052442
07/02/2018 23:58:00,16.891662
08/02/2018 23:58:00,16.95300674
09/02/2018 23:58:00,16.84583455
10/02/2018 23:58:00,16.84583455
11/02/2018 23:58:00,16.86445583
12/02/2018 23:58:00,16.96827266
13/02/2018 23:58:00,17.00828647
14/02/2018 23:58:00,17.10497243
15/02/2018 23:58:00,17.11062192
16/02/2018 23:58:00,17.1270114
17/02/2018 23:58:00,17.115423
18/02/2018 23:58:00,17.1682146
19/02/2018 23:58:00,17.1273676
20/02/2018 23:58:00,17.1477114
21/02/2018 23:58:00,17.08231085
22/02/2018 23:58:00,17.1750987
23/02/2018 23:58:00,17.1348534
24/02/2018 23:58:00,17.08547418
25/02/2018 23:58:00,17.09712072
26/02/2018 23:58:00,17.10979924
27/02/2018 23:58:00,17.0096655
28/02/2018 23:58:00,17.0583028
01/03/2018 23:58:00,17.139662
02/03/2018 23:58:00,17.2112444
03/03/2018 23:58:00,17.2112444
04/03/2018 23:58:00,17.18973279
05/03/2018 23:58:00,17.19932898
06/03/2018 23:58:00,17.2646334
07/03/2018 23:58:00,17.2506766
08/03/2018 23:58:00,17.18321469
09/03/2018 23:58:00,17.1436734
11/03/2018 23:58:00,17.15593079
12/03/2018 23:58:00,17.16704401
13/03/2018 23:58:00,17.169074
14/03/2018 23:58:00,17.19082915
15/03/2018 23:58:00,17.11764137
16/03/2018 23:58:00,17.09973265
18/03/2018 23:58:00,17.0964794
19/03/2018 23:58:00,17.2213353
20/03/2018 23:58:00,17.09610739
21/03/2018 23:58:00,17.18642758
22/03/2018 23:58:00,17.1866016
23/03/2018 23:58:00,17.19922314
24/03/2018 23:58:00,17.20231885
25/03/2018 23:58:00,17.21402155
26/03/2018 23:58:00,17.3020308
27/03/2018 23:58:00,17.27777792
28/03/2018 23:58:00,17.21046416
29/03/2018 23:58:00,17.1412577
30/03/2018 23:58:00,17.19144116
31/03/2018 23:58:00,17.19144116
01/04/2018 23:58:00,17.21063892
02/04/2018 23:58:00,17.1669956
03/04/2018 23:58:00,17.08364505
04/04/2018 23:58:00,17.0910852
05/04/2018 23:58:00,17.04171051
06/04/2018 23:58:00,17.0758737
07/04/2018 23:58:00,17.07442681
08/04/2018 23:58:00,17.00368091
09/04/2018 23:58:00,17.1159495
10/04/2018 23:58:00,17.21234628
11/04/2018 23:58:00,17.2746981
12/04/2018 23:58:00,17.24257615
13/04/2018 23:58:00,17.22728534
15/04/2018 23:58:00,17.21685404
16/04/2018 23:58:00,17.44214279
17/04/2018 23:58:00,17.47152025
18/04/2018 23:58:00,17.532256
19/04/2018 23:58:00,17.50058756
20/04/2018 23:58:00,17.44023527
21/04/2018 23:58:00,17.45375892
22/04/2018 23:58:00,17.42567195
23/04/2018 23:58:00,17.4254737
24/04/2018 23:58:00,17.4556179
25/04/2018 23:58:00,17.49502539
26/04/2018 23:58:00,17.358543
27/04/2018 23:58:00,17.3239288
29/04/2018 23:58:00,17.2633137
30/04/2018 23:58:00,17.201247
01/05/2018 23:58:00,17.35905101
02/05/2018 23:58:00,17.1671136
03/05/2018 23:58:00,17.091624
04/05/2018 23:58:00,17.1347607
05/05/2018 23:58:00,17.14622019
06/05/2018 23:58:00,17.08611727
07/05/2018 23:58:00,17.18107042
08/05/2018 23:58:00,17.1156915
09/05/2018 23:58:00,17.2234902
10/05/2018 23:58:00,17.2761004
11/05/2018 23:58:00,17.3448521
12/05/2018 23:58:00,17.3448521
13/05/2018 23:58:00,17.34215681
14/05/2018 23:58:00,17.44265094
15/05/2018 23:58:00,17.4374466
16/05/2018 23:58:00,17.331479
17/05/2018 23:58:00,17.3123298
18/05/2018 23:58:00,17.2512846
19/05/2018 23:58:00,17.25001575
20/05/2018 23:58:00,17.25273475
21/05/2018 23:58:00,17.420112
22/05/2018 23:58:00,17.4044862
23/05/2018 23:58:00,17.353347
24/05/2018 23:58:00,17.26161408
25/05/2018 23:58:00,17.02862146
26/05/2018 23:58:00,17.02862146
27/05/2018 23:58:00,17.03877972
28/05/2018 23:58:00,16.87294292
29/05/2018 23:58:00,16.8996465
30/05/2018 23:58:00,16.897958
31/05/2018 23:58:00,16.89179315
01/06/2018 23:58:00,16.7110824
02/06/2018 23:58:00,16.73628192
03/06/2018 23:58:00,16.741958
04/06/2018 23:58:00,16.822001
05/06/2018 23:58:00,16.8946038
06/06/2018 23:58:00,16.88796627
07/06/2018 23:58:00,17.047989
08/06/2018 23:58:00,17.0347983
09/06/2018 23:58:00,17.04888227
10/06/2018 23:58:00,17.0212963
11/06/2018 23:58:00,17.0216529
12/06/2018 23:58:00,17.0888724
13/06/2018 23:58:00,17.1232614
14/06/2018 23:58:00,16.8683067
15/06/2018 23:58:00,17.022146
17/06/2018 23:58:00,16.9274375
18/06/2018 23:58:00,16.9242885
19/06/2018 23:58:00,16.865512
20/06/2018 23:58:00,16.915258
21/06/2018 23:58:00,16.8347277
22/06/2018 23:58:00,16.95218966
24/06/2018 23:58:00,16.91486947
25/06/2018 23:58:00,17.1061854
26/06/2018 23:58:00,17.0652713
27/06/2018 23:58:00,17.185368
28/06/2018 23:58:00,17.05057412
29/06/2018 23:58:00,17.1251744
30/06/2018 23:58:00,17.1251744
01/07/2018 23:58:00,17.12038395
02/07/2018 23:58:00,17.12630058
03/07/2018 23:58:00,17.1909808
04/07/2018 23:58:00,17.2339632
05/07/2018 23:58:00,17.3075606
06/07/2018 23:58:00,17.3048292
07/07/2018 23:58:00,17.30357085
08/07/2018 23:58:00,17.3235098
09/07/2018 23:58:00,17.30364279
10/07/2018 23:58:00,17.316637
11/07/2018 23:58:00,17.200616
12/07/2018 23:58:00,17.1302022
13/07/2018 23:58:00,17.1848259
14/07/2018 23:58:00,17.18399789
15/07/2018 23:58:00,17.15317888
16/07/2018 23:58:00,17.2597152
17/07/2018 23:58:00,17.106089
18/07/2018 23:58:00,17.14426883
19/07/2018 23:58:00,17.24066851
20/07/2018 23:58:00,17.2922344
21/07/2018 23:58:00,17.30147076
22/07/2018 23:58:00,17.26649229
23/07/2018 23:58:00,17.387884
24/07/2018 23:58:00,17.347001
25/07/2018 23:58:00,17.4598892
26/07/2018 23:58:00,17.2351802
27/07/2018 23:58:00,17.2718814
29/07/2018 23:58:00,17.27657085
30/07/2018 23:58:00,17.363568
31/07/2018 23:58:00,17.2995518
01/08/2018 23:58:00,17.22773369
02/08/2018 23:58:00,17.17789042
03/08/2018 23:58:00,17.134351
05/08/2018 23:58:00,17.1618726
06/08/2018 23:58:00,17.1068541
07/08/2018 23:58:00,17.11264412
08/08/2018 23:58:00,17.1041663
09/08/2018 23:58:00,17.087739
10/08/2018 23:58:00,16.9114748
12/08/2018 23:58:00,16.9410237
13/08/2018 23:58:00,17.09416105
14/08/2018 23:58:00,17.0223325
15/08/2018 23:58:00,17.1590744
16/08/2018 23:58:00,17.0700192
17/08/2018 23:58:00,17.1295944
19/08/2018 23:58:00,17.08546155
20/08/2018 23:58:00,17.2271748
21/08/2018 23:58:00,17.3805957
22/08/2018 23:58:00,17.3791058
23/08/2018 23:58:00,17.470365
24/08/2018 23:58:00,17.4655241
26/08/2018 23:58:00,17.4649701
27/08/2018 23:58:00,17.5799763
28/08/2018 23:58:00,17.7436316
29/08/2018 23:58:00,17.890593
30/08/2018 23:58:00,17.89766325
31/08/2018 23:58:00,17.6758894
01/09/2018 23:58:00,17.72958135
02/09/2018 23:58:00,17.805546
03/09/2018 23:58:00,17.7923745
04/09/2018 23:58:00,17.9267375
05/09/2018 23:58:00,18.0141962
06/09/2018 23:58:00,17.99839339
07/09/2018 23:58:00,17.936317
08/09/2018 23:58:00,17.93507315
09/09/2018 23:58:00,17.97833015
10/09/2018 23:58:00,18.1300857
11/09/2018 23:58:00,18.2518794
12/09/2018 23:58:00,18.01654334
13/09/2018 23:58:00,18.12427982
14/09/2018 23:58:00,18.036536
16/09/2018 23:58:00,18.0828679
17/09/2018 23:58:00,18.20188271
18/09/2018 23:58:00,18.3370336
19/09/2018 23:58:00,18.144126
20/09/2018 23:58:00,18.1250784
21/09/2018 23:58:00,18.2048631
22/09/2018 23:58:00,18.2099053
23/09/2018 23:58:00,18.2214621
24/09/2018 23:58:00,18.4716
25/09/2018 23:58:00,18.4267199
26/09/2018 23:58:00,18.3271245
27/09/2018 23:58:00,18.1842465
28/09/2018 23:58:00,18.0600657
30/09/2018 23:58:00,18.05737025
01/10/2018 23:58:00,18.28312695
02/10/2018 23:58:00,18.1133504
03/10/2018 23:58:00,18.1382985
04/10/2018 23:58:00,18.2707374
05/10/2018 23:58:00,18.2427087
06/10/2018 23:58:00,18.17372794
07/10/2018 23:58:00,18.14717326
08/10/2018 23:58:00,18.1651176
09/10/2018 23:58:00,18.3803025
10/10/2018 23:58:00,18.41128
11/10/2018 23:58:00,18.4013208
12/10/2018 23:58:00,18.23554676
14/10/2018 23:58:00,18.23407324
15/10/2018 23:58:00,18.3785072
16/10/2018 23:58:00,18.1956619
17/10/2018 23:58:00,18.1968864
18/10/2018 23:58:00,18.1669752
19/10/2018 23:58:00,18.0875376
21/10/2018 23:58:00,18.06871675
22/10/2018 23:58:00,18.12659849
23/10/2018 23:58:00,17.99047341
24/10/2018 23:58:00,17.88630374
25/10/2018 23:58:00,17.84522714
26/10/2018 23:58:00,17.8600212
27/10/2018 23:58:00,17.87101875
28/10/2018 23:58:00,17.88125625
29/10/2018 23:58:00,17.91195204
30/10/2018 23:58:00,17.886639
31/10/2018 23:58:00,17.947161
01/11/2018 23:58:00,17.9074337
02/11/2018 23:58:00,17.7975686
04/11/2018 23:58:00,17.7698647
05/11/2018 23:58:00,17.817913
06/11/2018 23:58:00,17.9435469
07/11/2018 23:58:00,17.7345476
08/11/2018 23:58:00,17.773749
09/11/2018 23:58:00,17.6196311
10/11/2018 23:58:00,17.6196311
11/11/2018 23:58:00,17.6457203
12/11/2018 23:58:00,17.6173532
13/11/2018 23:58:00,17.5897475
14/11/2018 23:58:00,17.56424
15/11/2018 23:58:00,17.4402075
16/11/2018 23:58:00,17.5432455
17/11/2018 23:58:00,17.60171688
18/11/2018 23:58:00,17.33438025
19/11/2018 23:58:00,17.5819725
20/11/2018 23:58:00,17.38026855
21/11/2018 23:58:00,17.3888505
22/11/2018 23:58:00,17.3163241
23/11/2018 23:58:00,17.1735167
24/11/2018 23:58:00,17.17876768
25/11/2018 23:58:00,17.1848239
26/11/2018 23:58:00,17.2011652
27/11/2018 23:58:00,17.1621744
28/11/2018 23:58:00,17.246168
29/11/2018 23:58:00,17.0730656
30/11/2018 23:58:00,16.928736
01/12/2018 23:58:00,16.92533829
02/12/2018 23:58:00,17.0346944
03/12/2018 23:58:00,17.19340605
04/12/2018 23:58:00,17.2026428
05/12/2018 23:58:00,17.2618059
06/12/2018 23:58:00,17.281395
07/12/2018 23:58:00,17.4763719
09/12/2018 23:58:00,17.47657485
10/12/2018 23:58:00,17.7352105
11/12/2018 23:58:00,17.6350408
12/12/2018 23:58:00,17.606043
13/12/2018 23:58:00,17.44888236
14/12/2018 23:58:00,17.445366
16/12/2018 23:58:00,17.4194784
17/12/2018 23:58:00,17.4522102
18/12/2018 23:58:00,17.2536593
19/12/2018 23:58:00,17.25291684
20/12/2018 23:58:00,17.361288
21/12/2018 23:58:00,17.1804474
22/12/2018 23:58:00,17.1804474
23/12/2018 23:58:00,17.2467246
24/12/2018 23:58:00,17.2214432
25/12/2018 23:58:00,17.2116096
26/12/2018 23:58:00,17.139048
27/12/2018 23:58:00,17.1517494
28/12/2018 23:58:00,17.1223305
30/12/2018 23:58:00,17.14080165
31/12/2018 23:58:00,17.155631
01/01/2019 23:58:00,17.1549339
02/01/2019 23:58:00,16.9639008
03/01/2019 23:58:00,17.151794
04/01/2019 23:58:00,16.9715616
05/01/2019 23:58:00,16.975224
06/01/2019 23:58:00,16.99399575
07/01/2019 23:58:00,17.1648828
08/01/2019 23:58:00,17.2336632
09/01/2019 23:58:00,17.42315148
10/01/2019 23:58:00,17.3702464
11/01/2019 23:58:00,17.2269126
12/01/2019 23:58:00,17.2244649
13/01/2019 23:58:00,17.2237612
14/01/2019 23:58:00,17.4030297
15/01/2019 23:58:00,17.31315652
16/01/2019 23:58:00,17.33099025
17/01/2019 23:58:00,17.21701017
18/01/2019 23:58:00,17.1912
20/01/2019 23:58:00,17.1863744
21/01/2019 23:58:00,17.222205
22/01/2019 23:58:00,16.93141854
23/01/2019 23:58:00,16.98240121
24/01/2019 23:58:00,16.8303092
25/01/2019 23:58:00,16.9909277
26/01/2019 23:58:00,16.98241815
27/01/2019 23:58:00,16.9559275
28/01/2019 23:58:00,17.01683723
29/01/2019 23:58:00,17.1830704
30/01/2019 23:58:00,17.1847256
31/01/2019 23:58:00,17.168456
01/02/2019 23:58:00,17.196586
03/02/2019 23:58:00,17.21342904
04/02/2019 23:58:00,17.22375495
05/02/2019 23:58:00,17.2427425
06/02/2019 23:58:00,17.13466515
07/02/2019 23:58:00,17.0890092
08/02/2019 23:58:00,16.940286
09/02/2019 23:58:00,16.9664512
10/02/2019 23:58:00,16.953622
11/02/2019 23:58:00,16.9270972
12/02/2019 23:58:00,16.8634015
13/02/2019 23:58:00,16.8006979
14/02/2019 23:58:00,16.9018002
15/02/2019 23:58:00,16.970594
16/02/2019 23:58:00,16.970594
17/02/2019 23:58:00,16.9263756
18/02/2019 23:58:00,17.0646
19/02/2019 23:58:00,17.078748
20/02/2019 23:58:00,17.007189
21/02/2019 23:58:00,16.9292167
22/02/2019 23:58:00,16.8868881
23/02/2019 23:58:00,16.9011126
24/02/2019 23:58:00,16.90182645
25/02/2019 23:58:00,16.9386143
26/02/2019 23:58:00,16.944019
27/02/2019 23:58:00,17.0628192
28/02/2019 23:58:00,16.9533504
01/03/2019 23:58:00,16.98341616
02/03/2019 23:58:00,16.9829377
03/03/2019 23:58:00,17.0205624
04/03/2019 23:58:00,16.927375
05/03/2019 23:58:00,16.83247045
06/03/2019 23:58:00,16.75742475
07/03/2019 23:58:00,16.62165737
08/03/2019 23:58:00,16.56379962
09/03/2019 23:58:00,16.56379962
10/03/2019 23:58:00,16.5484025
11/03/2019 23:58:00,16.53118098
12/03/2019 23:58:00,16.48342
13/03/2019 23:58:00,16.52861941
14/03/2019 23:58:00,16.43710033
15/03/2019 23:58:00,16.39495481
16/03/2019 23:58:00,16.41702558
17/03/2019 23:58:00,16.38736998
18/03/2019 23:58:00,16.33931816
19/03/2019 23:58:00,16.5058831
20/03/2019 23:58:00,16.52006475
21/03/2019 23:58:00,16.4618626
22/03/2019 23:58:00,16.422042
23/03/2019 23:58:00,16.43243717
24/03/2019 23:58:00,16.3917301
25/03/2019 23:58:00,16.38171371
26/03/2019 23:58:00,16.4543175
27/03/2019 23:58:00,16.3803381
28/03/2019 23:58:00,16.355435
29/03/2019 23:58:00,16.2966096
30/03/2019 23:58:00,16.2966096
31/03/2019 23:58:00,16.2875837
01/04/2019 23:58:00,16.25812768
02/04/2019 23:58:00,16.20492263
03/04/2019 23:58:00,16.265124
04/04/2019 23:58:00,16.28322173
05/04/2019 23:58:00,16.3176417
06/04/2019 23:58:00,16.34197755
07/04/2019 23:58:00,16.3162272
08/04/2019 23:58:00,16.47698725
09/04/2019 23:58:00,16.37764522
10/04/2019 23:58:00,16.37309076
11/04/2019 23:58:00,16.4167235
12/04/2019 23:58:00,16.40328136
13/04/2019 23:58:00,16.41989322
14/04/2019 23:58:00,16.41536335
15/04/2019 23:58:00,16.5624225
16/04/2019 23:58:00,16.5501657
17/04/2019 23:58:00,16.44179091
18/04/2019 23:58:00,16.34893884
19/04/2019 23:58:00,16.3747155
20/04/2019 23:58:00,16.4024082
21/04/2019 23:58:00,16.3738152
22/04/2019 23:58:00,16.55226562
23/04/2019 23:58:00,16.43917028
24/04/2019 23:58:00,16.41994115
25/04/2019 23:58:00,16.4090208
26/04/2019 23:58:00,16.34566152
27/04/2019 23:58:00,16.35513531
28/04/2019 23:58:00,16.34582168
29/04/2019 23:58:00,16.38552757
30/04/2019 23:58:00,16.38182912
01/05/2019 23:58:00,16.3999406
02/05/2019 23:58:00,16.28626999
03/05/2019 23:58:00,16.2959808
04/05/2019 23:58:00,16.31749011
05/05/2019 23:58:00,16.2959808
06/05/2019 23:58:00,16.32503256
07/05/2019 23:58:00,16.4253545
08/05/2019 23:58:00,16.4614513
09/05/2019 23:58:00,16.5759222
10/05/2019 23:58:00,16.484583
11/05/2019 23:58:00,16.50616797
12/05/2019 23:58:00,16.48422937
13/05/2019 23:58:00,16.63383435
14/05/2019 23:58:00,16.53058184
15/05/2019 23:58:00,16.50267246
16/05/2019 23:58:00,16.463084
17/05/2019 23:58:00,16.46530424
18/05/2019 23:58:00,16.48640554
19/05/2019 23:58:00,16.45149352
20/05/2019 23:58:00,16.43858727
21/05/2019 23:58:00,16.3743794
22/05/2019 23:58:00,16.37006637
23/05/2019 23:58:00,16.41399315
24/05/2019 23:58:00,16.3093104
25/05/2019 23:58:00,16.31791706
26/05/2019 23:58:00,16.3002936
27/05/2019 23:58:00,16.3709532
28/05/2019 23:58:00,16.364725
29/05/2019 23:58:00,16.31785995
30/05/2019 23:58:00,16.3669224
31/05/2019 23:58:00,16.3481603
01/06/2019 23:58:00,16.36974409
02/06/2019 23:58:00,16.32172385
03/06/2019 23:58:00,16.40866077
04/06/2019 23:58:00,16.5246736
05/06/2019 23:58:00,16.54359625
06/06/2019 23:58:00,16.5472152
07/06/2019 23:58:00,16.64143512
08/06/2019 23:58:00,16.66504935
09/06/2019 23:58:00,16.6344786
10/06/2019 23:58:00,16.65852583
11/06/2019 23:58:00,16.63471951
12/06/2019 23:58:00,16.642966
13/06/2019 23:58:00,16.664052
14/06/2019 23:58:00,16.55588441
15/06/2019 23:58:00,16.55853764
16/06/2019 23:58:00,16.53491079
17/06/2019 23:58:00,16.64610975
18/06/2019 23:58:00,16.5245379
19/06/2019 23:58:00,16.5857406
20/06/2019 23:58:00,16.6969584
21/06/2019 23:58:00,16.70267265
22/06/2019 23:58:00,16.7298152
23/06/2019 23:58:00,16.66059965
24/06/2019 23:58:00,16.78325082
25/06/2019 23:58:00,16.76383537
26/06/2019 23:58:00,16.760282
27/06/2019 23:58:00,16.66780975
28/06/2019 23:58:00,16.57462692
29/06/2019 23:58:00,16.59702671
30/06/2019 23:58:00,16.57467501
01/07/2019 23:58:00,16.47915687
02/07/2019 23:58:00,16.4665047
03/07/2019 23:58:00,16.51832527
04/07/2019 23:58:00,16.4364214
05/07/2019 23:58:00,16.2435496
06/07/2019 23:58:00,16.2435496
07/07/2019 23:58:00,16.2394432
08/07/2019 23:58:00,16.3305315
09/07/2019 23:58:00,16.27736315
10/07/2019 23:58:00,16.24345808
11/07/2019 23:58:00,16.3029447
12/07/2019 23:58:00,16.31017287
13/07/2019 23:58:00,16.33174906
14/07/2019 23:58:00,16.28686577
15/07/2019 23:58:00,16.34334317
16/07/2019 23:58:00,16.3115802
17/07/2019 23:58:00,16.30640916
18/07/2019 23:58:00,16.3622025
19/07/2019 23:58:00,16.34561678
20/07/2019 23:58:00,16.34157102
21/07/2019 23:58:00,16.3271643
22/07/2019 23:58:00,16.3929948
23/07/2019 23:58:00,16.281818
24/07/2019 23:58:00,16.31451485
25/07/2019 23:58:00,16.29393231
26/07/2019 23:58:00,16.1980636
27/07/2019 23:58:00,16.2258261
28/07/2019 23:58:00,16.1934031
29/07/2019 23:58:00,16.226693
30/07/2019 23:58:00,16.2718959
31/07/2019 23:58:00,16.2352176
01/08/2019 23:58:00,16.19475564
02/08/2019 23:58:00,16.35335041
03/08/2019 23:58:00,16.37485651
04/08/2019 23:58:00,16.32618422
05/08/2019 23:58:00,16.9774176
06/08/2019 23:58:00,16.8558672
07/08/2019 23:58:00,16.84762577
08/08/2019 23:58:00,16.67130081
09/08/2019 23:58:00,16.82821481
10/08/2019 23:58:00,16.85047569
11/08/2019 23:58:00,16.82890185
12/08/2019 23:58:00,16.975197
13/08/2019 23:58:00,16.8082876
14/08/2019 23:58:00,16.88728204
15/08/2019 23:58:00,16.8412904
16/08/2019 23:58:00,16.64004927
17/08/2019 23:58:00,16.69453743
18/08/2019 23:58:00,16.67262948
19/08/2019 23:58:00,16.8482699
20/08/2019 23:58:00,16.8358545
21/08/2019 23:58:00,16.75502161
22/08/2019 23:58:00,16.866053
23/08/2019 23:58:00,16.90320838
24/08/2019 23:58:00,16.860879
25/08/2019 23:58:00,16.85027915
26/08/2019 23:58:00,16.9244064
27/08/2019 23:58:00,16.76418383
28/08/2019 23:58:00,16.91444031
29/08/2019 23:58:00,16.75166274
30/08/2019 23:58:00,16.66142117
31/08/2019 23:58:00,16.68311374
01/09/2019 23:58:00,16.66142117
02/09/2019 23:58:00,16.68225402
03/09/2019 23:58:00,16.796228
04/09/2019 23:58:00,16.77575189
05/09/2019 23:58:00,16.8258156
06/09/2019 23:58:00,16.6790424
07/09/2019 23:58:00,16.68162468
08/09/2019 23:58:00,16.7177442
09/09/2019 23:58:00,16.81629655
10/09/2019 23:58:00,16.76183034
11/09/2019 23:58:00,16.61911762
12/09/2019 23:58:00,16.6265134
13/09/2019 23:58:00,16.59114572
14/09/2019 23:58:00,16.59114572
15/09/2019 23:58:00,16.60250903
16/09/2019 23:58:00,16.65440109
17/09/2019 23:58:00,16.7600612
18/09/2019 23:58:00,16.61646105
19/09/2019 23:58:00,16.67503592
20/09/2019 23:58:00,16.4848561
21/09/2019 23:58:00,16.51276659
22/09/2019 23:58:00,16.47373624
23/09/2019 23:58:00,16.36089235
24/09/2019 23:58:00,16.5110317
25/09/2019 23:58:00,16.4341026
26/09/2019 23:58:00,16.3580855
27/09/2019 23:58:00,16.2302464
28/09/2019 23:58:00,16.2081799
29/09/2019 23:58:00,16.21681596
30/09/2019 23:58:00,16.27387685
01/10/2019 23:58:00,16.369353
02/10/2019 23:58:00,16.40881004
03/10/2019 23:58:00,16.3992282
04/10/2019 23:58:00,16.35928927
05/10/2019 23:58:00,16.36816434
06/10/2019 23:58:00,16.35897315
07/10/2019 23:58:00,16.4791648
08/10/2019 23:58:00,16.4089203
09/10/2019 23:58:00,16.5007087
10/10/2019 23:58:00,16.3977996
11/10/2019 23:58:00,16.4690158
12/10/2019 23:58:00,16.4928365
13/10/2019 23:58:00,16.44230441
14/10/2019 23:58:00,16.55410805
15/10/2019 23:58:00,16.63266914
16/10/2019 23:58:00,16.66317365
17/10/2019 23:58:00,16.69413087
18/10/2019 23:58:00,16.67057656
19/10/2019 23:58:00,16.69028635
20/10/2019 23:58:00,16.61170796
21/10/2019 23:58:00,16.65300431
22/10/2019 23:58:00,16.59661663
23/10/2019 23:58:00,16.53610874
24/10/2019 23:58:00,16.59789154
25/10/2019 23:58:00,16.49280799
26/10/2019 23:58:00,16.49280799
27/10/2019 23:58:00,16.50317751
28/10/2019 23:58:00,16.50065053
29/10/2019 23:58:00,16.54481297
30/10/2019 23:58:00,16.62061893
31/10/2019 23:58:00,16.62995298
01/11/2019 23:58:00,16.58553452
02/11/2019 23:58:00,16.54203994
03/11/2019 23:58:00,16.55357572
04/11/2019 23:58:00,16.5992604
05/11/2019 23:58:00,16.49142475
06/11/2019 23:58:00,16.4893879
07/11/2019 23:58:00,16.59902254
08/11/2019 23:58:00,16.4929393
09/11/2019 23:58:00,16.50788341
10/11/2019 23:58:00,16.51600254
11/11/2019 23:58:00,16.5603913
12/11/2019 23:58:00,16.57392304
13/11/2019 23:58:00,16.6531655
14/11/2019 23:58:00,16.61643628
15/11/2019 23:58:00,16.56310536
16/11/2019 23:58:00,16.60278961
17/11/2019 23:58:00,16.60463962
18/11/2019 23:58:00,16.65511212
19/11/2019 23:58:00,16.64952208
20/11/2019 23:58:00,16.6026329
21/11/2019 23:58:00,16.58740079
22/11/2019 23:58:00,16.54053431
23/11/2019 23:58:00,16.56194258
24/11/2019 23:58:00,16.56152355
25/11/2019 23:58:00,16.51639755
26/11/2019 23:58:00,16.44830338
27/11/2019 23:58:00,16.2982144
28/11/2019 23:58:00,16.42012114
29/11/2019 23:58:00,16.51553252
30/11/2019 23:58:00,16.51576279
01/12/2019 23:58:00,16.5189186
02/12/2019 23:58:00,16.5860007
03/12/2019 23:58:00,16.67477988
04/12/2019 23:58:00,16.56319007
05/12/2019 23:58:00,16.56533183
06/12/2019 23:58:00,16.47830738
07/12/2019 23:58:00,16.49973354
08/12/2019 23:58:00,16.47754461
09/12/2019 23:58:00,16.4066014
10/12/2019 23:58:00,16.45921617
11/12/2019 23:58:00,16.45058838
12/12/2019 23:58:00,16.49173963
13/12/2019 23:58:00,16.43127632
14/12/2019 23:58:00,16.45053526
15/12/2019 23:58:00,16.45721212
16/12/2019 23:58:00,16.52041984
17/12/2019 23:58:00,16.60216779
18/12/2019 23:58:00,16.52349554
19/12/2019 23:58:00,16.60899831
20/12/2019 23:58:00,16.48577127
21/12/2019 23:58:00,16.51950645
22/12/2019 23:58:00,16.49235519
23/12/2019 23:58:00,16.50267382
24/12/2019 23:58:00,16.55623153
25/12/2019 23:58:00,16.57514552
26/12/2019 23:58:00,16.54261076
27/12/2019 23:58:00,16.63742273
28/12/2019 23:58:00,16.68362117
29/12/2019 23:58:00,16.62671865
30/12/2019 23:58:00,16.67703291
31/12/2019 23:58:00,16.68206535
01/01/2020 23:58:00,16.61364951
02/01/2020 23:58:00,16.68068006
03/01/2020 23:58:00,16.7533202
04/01/2020 23:58:00,16.77993921
05/01/2020 23:58:00,16.75179233
06/01/2020 23:58:00,16.80761234
07/01/2020 23:58:00,16.83385281
08/01/2020 23:58:00,16.59082679
09/01/2020 23:58:00,16.52760011
10/01/2020 23:58:00,16.4890862
11/01/2020 23:58:00,16.50146825
12/01/2020 23:58:00,16.48911533
13/01/2020 23:58:00,16.46157073
14/01/2020 23:58:00,16.47062143
15/01/2020 23:58:00,16.47823454
16/01/2020 23:58:00,16.51434075
17/01/2020 23:58:00,16.47792646
18/01/2020 23:58:00,16.48958377
19/01/2020 23:58:00,16.47899908
20/01/2020 23:58:00,16.47477387
21/01/2020 23:58:00,16.49057295
22/01/2020 23:58:00,16.47385653
23/01/2020 23:58:00,16.47136385
24/01/2020 23:58:00,16.43054825
25/01/2020 23:58:00,16.44962888
26/01/2020 23:58:00,16.4709182
27/01/2020 23:58:00,16.4475669
28/01/2020 23:58:00,16.41253836
29/01/2020 23:58:00,16.40853281
30/01/2020 23:58:00,16.52595102
31/01/2020 23:58:00,16.58697351
01/02/2020 23:58:00,16.59718441
02/02/2020 23:58:00,16.55812467
03/02/2020 23:58:00,16.50483546
04/02/2020 23:58:00,16.41691179
05/02/2020 23:58:00,16.40961654
06/02/2020 23:58:00,16.47761576
07/02/2020 23:58:00,16.43240964
08/02/2020 23:58:00,16.44197895
09/02/2020 23:58:00,16.45373557
10/02/2020 23:58:00,16.30561363
11/02/2020 23:58:00,16.29783148
12/02/2020 23:58:00,16.24429018
13/02/2020 23:58:00,16.19444103
14/02/2020 23:58:00,16.23122785
15/02/2020 23:58:00,16.24320108
16/02/2020 23:58:00,16.25206726
17/02/2020 23:58:00,16.16209926
18/02/2020 23:58:00,16.15615235
19/02/2020 23:58:00,16.22633504
20/02/2020 23:58:00,16.20412654
21/02/2020 23:58:00,16.24303812
22/02/2020 23:58:00,16.25237344
23/02/2020 23:58:00,16.25067249
24/02/2020 23:58:00,16.24905968
25/02/2020 23:58:00,16.24070825
26/02/2020 23:58:00,16.20060802
27/02/2020 23:58:00,16.45242661
28/02/2020 23:58:00,16.50425478
29/02/2020 23:58:00,16.52889779
01/03/2020 23:58:00,16.44571948
02/03/2020 23:58:00,16.85686101
03/03/2020 23:58:00,17.02816418
04/03/2020 23:58:00,17.14383006
05/03/2020 23:58:00,17.21162824
06/03/2020 23:58:00,17.36301342
07/03/2020 23:58:00,17.35431009
08/03/2020 23:58:00,17.3604147
09/03/2020 23:58:00,17.56598425
10/03/2020 23:58:00,17.40145094
11/03/2020 23:58:00,17.45342474
12/03/2020 23:58:00,17.43539874
13/03/2020 23:58:00,16.9855189
14/03/2020 23:58:00,17.01773662
15/03/2020 23:58:00,16.94827868
16/03/2020 23:58:00,17.31043611
17/03/2020 23:58:00,16.78932807
18/03/2020 23:58:00,16.80532575
19/03/2020 23:58:00,16.5099104
20/03/2020 23:58:00,16.66051659
21/03/2020 23:58:00,16.67902572
22/03/2020 23:58:00,16.65656581
23/03/2020 23:58:00,16.96514429
24/03/2020 23:58:00,17.22861687
25/03/2020 23:58:00,17.06771006
26/03/2020 23:58:00,17.0551916
27/03/2020 23:58:00,17.22741494
28/03/2020 23:58:00,17.24739458
29/03/2020 23:58:00,17.36343999
30/03/2020 23:58:00,17.19302468
31/03/2020 23:58:00,17.16613814
01/04/2020 23:58:00,17.57920816
02/04/2020 23:58:00,17.28124221
03/04/2020 23:58:00,17.07924319
04/04/2020 23:58:00,17.09215629
05/04/2020 23:58:00,17.01828651
06/04/2020 23:58:00,16.95910315
07/04/2020 23:58:00,17.26265143
08/04/2020 23:58:00,17.04913427
09/04/2020 23:58:00,17.32281568
10/04/2020 23:58:00,17.21276831
11/04/2020 23:58:00,17.23452177
12/04/2020 23:58:00,17.24589312
13/04/2020 23:58:00,17.36901599
14/04/2020 23:58:00,17.24450717
15/04/2020 23:58:00,17.40156643
16/04/2020 23:58:00,17.39315652
17/04/2020 23:58:00,17.19378935
18/04/2020 23:58:00,17.19401413
19/04/2020 23:58:00,17.150152
20/04/2020 23:58:00,17.33069557
21/04/2020 23:58:00,17.25810195
22/04/2020 23:58:00,17.03532056
23/04/2020 23:58:00,16.99372742
24/04/2020 23:58:00,17.05266457
25/04/2020 23:58:00,17.03957467
26/04/2020 23:58:00,17.02659796
27/04/2020 23:58:00,17.01384832
28/04/2020 23:58:00,17.07837363
29/04/2020 23:58:00,16.89341848
30/04/2020 23:58:00,17.1126367
01/05/2020 23:58:00,17.19172841
02/05/2020 23:58:00,17.1853828
03/05/2020 23:58:00,17.14219413
04/05/2020 23:58:00,17.11301152
05/05/2020 23:58:00,17.08728465
06/05/2020 23:58:00,17.02389725
07/05/2020 23:58:00,17.0560024
08/05/2020 23:58:00,16.9288301
09/05/2020 23:58:00,16.93511038
10/05/2020 23:58:00,16.98564802
11/05/2020 23:58:00,17.07617104
12/05/2020 23:58:00,16.97621974
13/05/2020 23:58:00,16.86368419
14/05/2020 23:58:00,16.83242279
15/05/2020 23:58:00,16.93725075
16/05/2020 23:58:00,16.95879024
17/05/2020 23:58:00,16.92750496
18/05/2020 23:58:00,17.03126612
19/05/2020 23:58:00,17.1360316
20/05/2020 23:58:00,17.15916094
21/05/2020 23:58:00,17.08730237
22/05/2020 23:58:00,17.0962595
23/05/2020 23:58:00,17.10571623
24/05/2020 23:58:00,17.06952874
25/05/2020 23:58:00,17.11529713
26/05/2020 23:58:00,17.17132691
27/05/2020 23:58:00,17.31210664
28/05/2020 23:58:00,17.35316074
29/05/2020 23:58:00,17.29494677
30/05/2020 23:58:00,17.30715329
31/05/2020 23:58:00,17.3211272
01/06/2020 23:58:00,17.33149964
02/06/2020 23:58:00,17.3626745
03/06/2020 23:58:00,17.55676376
04/06/2020 23:58:00,17.67067585
05/06/2020 23:58:00,17.62549191
06/06/2020 23:58:00,17.6152152
07/06/2020 23:58:00,17.64226383
08/06/2020 23:58:00,17.64671562
09/06/2020 23:58:00,17.68918248
10/06/2020 23:58:00,17.82903162
11/06/2020 23:58:00,17.81441536
12/06/2020 23:58:00,17.67416607
13/06/2020 23:58:00,17.68457458
14/06/2020 23:58:00,17.65820899
15/06/2020 23:58:00,17.79511129
16/06/2020 23:58:00,17.83877599
17/06/2020 23:58:00,17.77463442
18/06/2020 23:58:00,17.66769182
19/06/2020 23:58:00,17.59109114
20/06/2020 23:58:00,17.6041282
21/06/2020 23:58:00,17.58622007
22/06/2020 23:58:00,17.63291381
23/06/2020 23:58:00,17.64105384
24/06/2020 23:58:00,17.63955027
25/06/2020 23:58:00,17.48768276
26/06/2020 23:58:00,17.5108216
27/06/2020 23:58:00,17.52108664
28/06/2020 23:58:00,17.4750552
29/06/2020 23:58:00,17.55932658
30/06/2020 23:58:00,17.57459085
01/07/2020 23:58:00,17.51709649
02/07/2020 23:58:00,17.34269179
03/07/2020 23:58:00,17.35289865
04/07/2020 23:58:00,17.36327831
05/07/2020 23:58:00,17.33543286
06/07/2020 23:58:00,17.42232198
07/07/2020 23:58:00,17.48638047
08/07/2020 23:58:00,17.54211164
09/07/2020 23:58:00,17.55481518
10/07/2020 23:58:00,17.53001882
11/07/2020 23:58:00,17.53696942
12/07/2020 23:58:00,17.54891599
13/07/2020 23:58:00,17.65366273
14/07/2020 23:58:00,17.78151272
15/07/2020 23:58:00,17.68560345
16/07/2020 23:58:00,17.65695649
17/07/2020 23:58:00,17.69441565
19/07/2020 23:58:00,17.64240354
20/07/2020 23:58:00,17.72813093
21/07/2020 23:58:00,17.79517775
22/07/2020 23:58:00,17.87642835
23/07/2020 23:58:00,17.92435273
24/07/2020 23:58:00,18.0070163
25/07/2020 23:58:00,18.03115977
26/07/2020 23:58:00,17.97499212
27/07/2020 23:58:00,18.25617
28/07/2020 23:58:00,18.18468046
29/07/2020 23:58:00,18.21508144
30/07/2020 23:58:00,18.40019881
31/07/2020 23:58:00,18.22931293
01/08/2020 23:58:00,18.25890304
02/08/2020 23:58:00,18.32179228
03/08/2020 23:58:00,18.30531052
04/08/2020 23:58:00,18.37158015
05/08/2020 23:58:00,18.37600202
06/08/2020 23:58:00,18.36770042
07/08/2020 23:58:00,18.27081615
08/08/2020 23:58:00,18.26144419
09/08/2020 23:58:00,18.25598715
10/08/2020 23:58:00,18.22152051
11/08/2020 23:58:00,18.16110037
12/08/2020 23:58:00,18.22199067
13/08/2020 23:58:00,18.3245844
14/08/2020 23:58:00,18.32081885
15/08/2020 23:58:00,18.33326341
16/08/2020 23:58:00,18.33156895
17/08/2020 23:58:00,18.4080675
18/08/2020 23:58:00,18.45377393
19/08/2020 23:58:00,18.3194345
20/08/2020 23:58:00,18.3715255
21/08/2020 23:58:00,18.2333635
22/08/2020 23:58:00,18.25763289
23/08/2020 23:58:00,18.23491721
24/08/2020 23:58:00,18.11012064
25/08/2020 23:58:00,18.1857602
26/08/2020 23:58:00,18.14939558
27/08/2020 23:58:00,17.99202177
28/08/2020 23:58:00,17.97743025
29/08/2020 23:58:00,17.98934773
30/08/2020 23:58:00,17.9826658
31/08/2020 23:58:00,18.15471174
01/09/2020 23:58:00,18.02592936
02/09/2020 23:58:00,17.89691587
03/09/2020 23:58:00,17.91193768
04/09/2020 23:58:00,17.83438217
05/09/2020 23:58:00,17.86318803
06/09/2020 23:58:00,17.79193124
07/09/2020 23:58:00,17.91970785
08/09/2020 23:58:00,17.84099891
09/09/2020 23:58:00,17.8536741
10/09/2020 23:58:00,17.87506749
11/09/2020 23:58:00,17.89687087
12/09/2020 23:58:00,17.92022767
13/09/2020 23:58:00,17.8867119
14/09/2020 23:58:00,17.96671246
15/09/2020 23:58:00,17.97106752
16/09/2020 23:58:00,17.84994583
17/09/2020 23:58:00,17.92536231
18/09/2020 23:58:00,17.93137402
19/09/2020 23:58:00,17.94406625
20/09/2020 23:58:00,17.93050502
21/09/2020 23:58:00,17.7965402
22/09/2020 23:58:00,17.6813157
23/09/2020 23:58:00,17.64062939
24/09/2020 23:58:00,17.61346088
25/09/2020 23:58:00,17.59568643
26/09/2020 23:58:00,17.60703164
27/09/2020 23:58:00,17.5420253
28/09/2020 23:58:00,17.70711464
29/09/2020 23:58:00,17.78369258
30/09/2020 23:58:00,17.70903401
01/10/2020 23:58:00,17.61929764
02/10/2020 23:58:00,17.61587644
03/10/2020 23:58:00,17.64132224
04/10/2020 23:58:00,17.62430731
05/10/2020 23:58:00,17.65730669
06/10/2020 23:58:00,17.74996088
07/10/2020 23:58:00,17.73176598
08/10/2020 23:58:00,17.67711792
09/10/2020 23:58:00,17.70651663
10/10/2020 23:58:00,17.71762931
11/10/2020 23:58:00,17.69112096
12/10/2020 23:58:00,17.76177152
13/10/2020 23:58:00,17.70690571
14/10/2020 23:58:00,17.63284484
15/10/2020 23:58:00,17.59412367
16/10/2020 23:58:00,17.63803415
17/10/2020 23:58:00,17.64863198
18/10/2020 23:58:00,17.62552785
19/10/2020 23:58:00,17.73789509
20/10/2020 23:58:00,17.84917864
21/10/2020 23:58:00,17.89597202
22/10/2020 23:58:00,17.84988257
23/10/2020 23:58:00,17.96789589
24/10/2020 23:58:00,17.98158365
25/10/2020 23:58:00,17.92848952
26/10/2020 23:58:00,17.89913829
27/10/2020 23:58:00,17.81223892
28/10/2020 23:58:00,17.91490161
29/10/2020 23:58:00,17.76990477
30/10/2020 23:58:00,17.83675134
31/10/2020 23:58:00,17.85750056
01/11/2020 23:58:00,17.83863997
02/11/2020 23:58:00,17.7951752
03/11/2020 23:58:00,18.0275282
04/11/2020 23:58:00,17.91296515
05/11/2020 23:58:00,17.98112657
06/11/2020 23:58:00,18.03725177
07/11/2020 23:58:00,18.04858931
08/11/2020 23:58:00,18.03281298
09/11/2020 23:58:00,17.95808513
10/11/2020 23:58:00,18.01639297
11/11/2020 23:58:00,18.02775237
12/11/2020 23:58:00,18.13677992
13/11/2020 23:58:00,18.08393013
14/11/2020 23:58:00,18.11592973
15/11/2020 23:58:00,18.06520393
16/11/2020 23:58:00,18.09294521
17/11/2020 23:58:00,18.11056577
18/11/2020 23:58:00,18.0767073
19/11/2020 23:58:00,18.02340131
20/11/2020 23:58:00,18.04965232
21/11/2020 23:58:00,18.06070407
22/11/2020 23:58:00,18.06070407
23/11/2020 23:58:00,18.01885858
24/11/2020 23:58:00,18.04097689
25/11/2020 23:58:00,18.02543297
26/11/2020 23:58:00,18.07743728
27/11/2020 23:58:00,18.13176454
28/11/2020 23:58:00,18.15653224
29/11/2020 23:58:00,18.10666238
30/11/2020 23:58:00,18.10349927
01/12/2020 23:58:00,18.23369298
02/12/2020 23:58:00,18.29581568
03/12/2020 23:58:00,18.39128167
04/12/2020 23:58:00,18.3525995
05/12/2020 23:58:00,18.3660754
06/12/2020 23:58:00,18.3788836
07/12/2020 23:58:00,18.38001723
08/12/2020 23:58:00,18.30211432
09/12/2020 23:58:00,18.32705216
10/12/2020 23:58:00,18.36190005
11/12/2020 23:58:00,18.3286491
12/12/2020 23:58:00,18.34013098
13/12/2020 23:58:00,18.31362867
14/12/2020 23:58:00,18.41573538
15/12/2020 23:58:00,18.39167421
16/12/2020 23:58:00,18.42119224
17/12/2020 23:58:00,18.49666383
18/12/2020 23:58:00,18.5133663
19/12/2020 23:58:00,18.52590601
20/12/2020 23:58:00,18.48649362
21/12/2020 23:58:00,18.57810729
22/12/2020 23:58:00,18.54941525
23/12/2020 23:58:00,18.4548772
24/12/2020 23:58:00,18.36878761
25/12/2020 23:58:00,18.38318746
26/12/2020 23:58:00,18.39990153
27/12/2020 23:58:00,18.4086249
28/12/2020 23:58:00,18.41200248
29/12/2020 23:58:00,18.44084947
30/12/2020 23:58:00,18.46444814
31/12/2020 23:58:00,18.32819862
01/01/2021 23:58:00,18.32752663
02/01/2021 23:58:00,18.35062068
03/01/2021 23:58:00,18.36307127
04/01/2021 23:58:00,18.42211191
05/01/2021 23:58:00,18.50469164
06/01/2021 23:58:00,18.55899427
07/01/2021 23:58:00,18.52731903
08/01/2021 23:58:00,18.3983373
09/01/2021 23:58:00,18.39808655
10/01/2021 23:58:00,18.45161245
11/01/2021 23:58:00,18.33026041
12/01/2021 23:58:00,18.30726581
13/01/2021 23:58:00,18.24094143
14/01/2021 23:58:00,18.2018236
15/01/2021 23:58:00,18.11245032
16/01/2021 23:58:00,18.1126979
17/01/2021 23:58:00,18.13326289
18/01/2021 23:58:00,18.1151181
19/01/2021 23:58:00,18.20241565
20/01/2021 23:58:00,18.09921953
21/01/2021 23:58:00,18.18734286
22/01/2021 23:58:00,18.21300262
23/01/2021 23:58:00,18.22524555
24/01/2021 23:58:00,18.2248039
25/01/2021 23:58:00,18.15716158
26/01/2021 23:58:00,18.16822946
27/01/2021 23:58:00,18.09909733
28/01/2021 23:58:00,18.10210455
29/01/2021 23:58:00,18.14389551
30/01/2021 23:58:00,18.13326393
31/01/2021 23:58:00,18.11298861
01/02/2021 23:58:00,18.07748127
02/02/2021 23:58:00,18.00402613
03/02/2021 23:58:00,17.97454217
04/02/2021 23:58:00,17.88366688
05/02/2021 23:58:00,17.96047186
06/02/2021 23:58:00,17.98355052
07/02/2021 23:58:00,17.9392187
08/02/2021 23:58:00,18.00693928
09/02/2021 23:58:00,18.08756216
10/02/2021 23:58:00,18.07530047
11/02/2021 23:58:00,18.06626761
12/02/2021 23:58:00,18.02647336
13/02/2021 23:58:00,18.02647336
14/02/2021 23:58:00,18.02612368
15/02/2021 23:58:00,18.05720358
16/02/2021 23:58:00,18.07066004
17/02/2021 23:58:00,17.96399316
18/02/2021 23:58:00,17.9840962
19/02/2021 23:58:00,18.01840667
20/02/2021 23:58:00,18.02136209
21/02/2021 23:58:00,18.03181474
22/02/2021 23:58:00,18.05142929
23/02/2021 23:58:00,18.01722639
24/02/2021 23:58:00,18.05440972
25/02/2021 23:58:00,18.23757274
26/02/2021 23:58:00,18.21274793
27/02/2021 23:58:00,18.22415399
28/02/2021 23:58:00,18.30884946
01/03/2021 23:58:00,18.0939402
02/03/2021 23:58:00,18.14068781
03/03/2021 23:58:00,17.98990114
04/03/2021 23:58:00,17.90778386
05/03/2021 23:58:00,17.83393794
06/03/2021 23:58:00,17.85641036
07/03/2021 23:58:00,17.8258055
08/03/2021 23:58:00,17.76318787
09/03/2021 23:58:00,17.69712665
10/03/2021 23:58:00,17.71804504
11/03/2021 23:58:00,17.80149445
12/03/2021 23:58:00,17.77845734
13/03/2021 23:58:00,17.78940006
14/03/2021 23:58:00,17.75202323
15/03/2021 23:58:00,17.6819132
16/03/2021 23:58:00,17.64412596
17/03/2021 23:58:00,17.70649376
18/03/2021 23:58:00,17.7050991
19/03/2021 23:58:00,17.63518108
20/03/2021 23:58:00,17.65675723
21/03/2021 23:58:00,17.63696017
22/03/2021 23:58:00,17.6434562
23/03/2021 23:58:00,17.56293791
24/03/2021 23:58:00,17.54046899
25/03/2021 23:58:00,17.48652736
26/03/2021 23:58:00,17.47174717
27/03/2021 23:58:00,17.49390265
28/03/2021 23:58:00,17.4668388
29/03/2021 23:58:00,17.40445249
30/03/2021 23:58:00,17.47199789
31/03/2021 23:58:00,17.42774757
01/04/2021 23:58:00,17.55342231
02/04/2021 23:58:00,17.52389541
03/04/2021 23:58:00,17.54490308
04/04/2021 23:58:00,17.53477278
05/04/2021 23:58:00,17.60130355
06/04/2021 23:58:00,17.73749495
07/04/2021 23:58:00,17.93671362
08/04/2021 23:58:00,18.03074166
09/04/2021 23:58:00,18.06012709
10/04/2021 23:58:00,18.05461284
11/04/2021 23:58:00,18.05103776
12/04/2021 23:58:00,18.13128648
13/04/2021 23:58:00,18.23908452
14/04/2021 23:58:00,18.22747095
15/04/2021 23:58:00,18.13375441
16/04/2021 23:58:00,18.12077445
17/04/2021 23:58:00,18.11912136
18/04/2021 23:58:00,18.11545006
19/04/2021 23:58:00,18.28304004
20/04/2021 23:58:00,18.40044526
21/04/2021 23:58:00,18.41046275
22/04/2021 23:58:00,18.28828316
23/04/2021 23:58:00,18.47630666
24/04/2021 23:58:00,18.40543433
25/04/2021 23:58:00,18.29979256
26/04/2021 23:58:00,18.33384013
27/04/2021 23:58:00,18.2696818
28/04/2021 23:58:00,18.27819106
29/04/2021 23:58:00,18.21497591
30/04/2021 23:58:00,18.06892224
01/05/2021 23:58:00,18.06892224
02/05/2021 23:58:00,18.19170342
03/05/2021 23:58:00,18.04965071
04/05/2021 23:58:00,17.96374559
05/05/2021 23:58:00,17.96305439
06/05/2021 23:58:00,18.00763243
07/05/2021 23:58:00,18.07491172
08/05/2021 23:58:00,18.07318452
09/05/2021 23:58:00,18.08743773
10/05/2021 23:58:00,18.0869682
11/05/2021 23:58:00,18.06601355
12/05/2021 23:58:00,18.03446314
13/05/2021 23:58:00,17.97916463
14/05/2021 23:58:00,18.05942243
15/05/2021 23:58:00,18.07130022
16/05/2021 23:58:00,18.03433299
17/05/2021 23:58:00,18.05829205
18/05/2021 23:58:00,18.11852803
19/05/2021 23:58:00,18.06055276
20/05/2021 23:58:00,18.09353433
21/05/2021 23:58:00,18.00963634
22/05/2021 23:58:00,18.02262254
23/05/2021 23:58:00,18.00242119
24/05/2021 23:58:00,18.03779461
25/05/2021 23:58:00,18.08682666
26/05/2021 23:58:00,17.99492463
27/05/2021 23:58:00,18.0015367
28/05/2021 23:58:00,17.92060517
29/05/2021 23:58:00,17.94411058
30/05/2021 23:58:00,17.90057423
31/05/2021 23:58:00,18.00924187
01/06/2021 23:58:00,18.07143504
02/06/2021 23:58:00,18.08081015
03/06/2021 23:58:00,17.97701032
04/06/2021 23:58:00,18.06852503
05/06/2021 23:58:00,18.07975634
06/06/2021 23:58:00,17.99172981
07/06/2021 23:58:00,18.00831294
08/06/2021 23:58:00,18.02126493
09/06/2021 23:58:00,18.03620032
10/06/2021 23:58:00,18.03663733
11/06/2021 23:58:00,18.01579331
12/06/2021 23:58:00,18.02762013
13/06/2021 23:58:00,18.00939335
14/06/2021 23:58:00,18.00309883
15/06/2021 23:58:00,18.04031714
16/06/2021 23:58:00,17.96119682
17/06/2021 23:58:00,17.93962343
18/06/2021 23:58:00,17.8404566
19/06/2021 23:58:00,17.85229035
20/06/2021 23:58:00,17.84192136
21/06/2021 23:58:00,17.89840944
22/06/2021 23:58:00,17.99070413
23/06/2021 23:58:00,17.96223325
24/06/2021 23:58:00,17.94940828
25/06/2021 23:58:00,17.96311776
26/06/2021 23:58:00,17.97520927
27/06/2021 23:58:00,17.95794299
28/06/2021 23:58:00,17.96242514
29/06/2021 23:58:00,17.91789425
30/06/2021 23:58:00,17.87377579
01/07/2021 23:58:00,17.91214968
02/07/2021 23:58:00,17.98455418
03/07/2021 23:58:00,17.92853877
04/07/2021 23:58:00,17.87634702
05/07/2021 23:58:00,17.87731772
06/07/2021 23:58:00,17.92230443
07/07/2021 23:58:00,17.88627994
08/07/2021 23:58:00,17.94074263
09/07/2021 23:58:00,17.93052553
10/07/2021 23:58:00,17.93964009
11/07/2021 23:58:00,17.9318001
12/07/2021 23:58:00,17.92298524
13/07/2021 23:58:00,17.81669988
14/07/2021 23:58:00,17.8578689
15/07/2021 23:58:00,17.83992409
16/07/2021 23:58:00,17.93227003
17/07/2021 23:58:00,17.86085343
18/07/2021 23:58:00,17.8673231
19/07/2021 23:58:00,17.92984953
20/07/2021 23:58:00,17.80472388
21/07/2021 23:58:00,17.80525466
22/07/2021 23:58:00,17.78425245
23/07/2021 23:58:00,17.78847723
24/07/2021 23:58:00,17.78680419
25/07/2021 23:58:00,17.78436067
26/07/2021 23:58:00,17.81565472
27/07/2021 23:58:00,17.88555855
28/07/2021 23:58:00,17.8839288
29/07/2021 23:58:00,17.92271015
30/07/2021 23:58:00,17.94744495
31/07/2021 23:58:00,17.95864397
01/08/2021 23:58:00,17.93607369
02/08/2021 23:58:00,17.92557805
03/08/2021 23:58:00,17.88902489
04/08/2021 23:58:00,17.83483508
05/08/2021 23:58:00,17.81930646
06/08/2021 23:58:00,17.75142968
07/08/2021 23:58:00,17.75064131
08/08/2021 23:58:00,17.80855471
09/08/2021 23:58:00,17.76642896
10/08/2021 23:58:00,17.72569034
11/08/2021 23:58:00,17.67850817
12/08/2021 23:58:00,17.74223051
13/08/2021 23:58:00,17.81292591
14/08/2021 23:58:00,17.82434807
15/08/2021 23:58:00,17.80035769
16/08/2021 23:58:00,17.73607222
17/08/2021 23:58:00,17.66083997
18/08/2021 23:58:00,17.6291402
19/08/2021 23:58:00,17.60098876
20/08/2021 23:58:00,17.60235987
21/08/2021 23:58:00,17.61354232
22/08/2021 23:58:00,17.59281939
23/08/2021 23:58:00,17.63083109
24/08/2021 23:58:00,17.65310577
25/08/2021 23:58:00,17.67694773
26/08/2021 23:58:00,17.64736308
27/08/2021 23:58:00,17.5375707
28/08/2021 23:58:00,17.56490468
29/08/2021 23:58:00,17.54598296
30/08/2021 23:58:00,17.52433992
31/08/2021 23:58:00,17.45330657
01/09/2021 23:58:00,17.49067485
02/09/2021 23:58:00,17.54173276
03/09/2021 23:58:00,17.52500535
04/09/2021 23:58:00,17.53751942
05/09/2021 23:58:00,17.52611084
06/09/2021 23:58:00,17.52649214
07/09/2021 23:58:00,17.53821397
08/09/2021 23:58:00,17.60863801
09/09/2021 23:58:00,17.56383062
10/09/2021 23:58:00,17.54363093
11/09/2021 23:58:00,17.56602202
12/09/2021 23:58:00,17.58239523
13/09/2021 23:58:00,17.53142072
14/09/2021 23:58:00,17.54509357
15/09/2021 23:58:00,17.51944271
16/09/2021 23:58:00,17.47135477
17/09/2021 23:58:00,17.44968146
18/09/2021 23:58:00,17.47157375
19/09/2021 23:58:00,17.45153863
20/09/2021 23:58:00,17.43284606
21/09/2021 23:58:00,17.46076963
22/09/2021 23:58:00,17.42168126
23/09/2021 23:58:00,17.49265908
24/09/2021 23:58:00,17.52077626
25/09/2021 23:58:00,17.53120934
26/09/2021 23:58:00,17.44408455
27/09/2021 23:58:00,17.42724461
28/09/2021 23:58:00,17.4888705
29/09/2021 23:58:00,17.40888055
30/09/2021 23:58:00,17.34713471
01/10/2021 23:58:00,17.37154322
02/10/2021 23:58:00,17.38290228
03/10/2021 23:58:00,17.38415158
04/10/2021 23:58:00,17.48031921
05/10/2021 23:58:00,17.46496816
06/10/2021 23:58:00,17.4448722
07/10/2021 23:58:00,17.46405737
08/10/2021 23:58:00,17.5972218
09/10/2021 23:58:00,17.55644123
10/10/2021 23:58:00,17.57961939
11/10/2021 23:58:00,17.58004832
12/10/2021 23:58:00,17.56256727
13/10/2021 23:58:00,17.62333846
14/10/2021 23:58:00,17.56413503
15/10/2021 23:58:00,17.58537518
16/10/2021 23:58:00,17.58537518
17/10/2021 23:58:00,17.58233413
18/10/2021 23:58:00,17.65824332
19/10/2021 23:58:00,17.65719141
20/10/2021 23:58:00,17.62921345
21/10/2021 23:58:00,17.59394432
22/10/2021 23:58:00,17.65633465
23/10/2021 23:58:00,17.65774728
24/10/2021 23:58:00,17.645244
25/10/2021 23:58:00,17.61813156
26/10/2021 23:58:00,17.55367975
27/10/2021 23:58:00,17.59102809
28/10/2021 23:58:00,17.65967794
29/10/2021 23:58:00,17.50853057
30/10/2021 23:58:00,17.5056688
31/10/2021 23:58:00,17.51752322
01/11/2021 23:58:00,17.53946229
02/11/2021 23:58:00,17.47453033
03/11/2021 23:58:00,17.47074044
04/11/2021 23:58:00,17.38566743
05/11/2021 23:58:00,17.33972039
06/11/2021 23:58:00,17.33972039
07/11/2021 23:58:00,17.31704009
08/11/2021 23:58:00,17.30829531
09/11/2021 23:58:00,17.3740813
10/11/2021 23:58:00,17.26780584
11/11/2021 23:58:00,17.20705844
12/11/2021 23:58:00,17.19648175
13/11/2021 23:58:00,17.19596132
14/11/2021 23:58:00,17.19278679
15/11/2021 23:58:00,17.0911677
16/11/2021 23:58:00,17.03162001
17/11/2021 23:58:00,16.98423138
18/11/2021 23:58:00,17.03952669
19/11/2021 23:58:00,16.93463272
20/11/2021 23:58:00,16.93463272
21/11/2021 23:58:00,16.99175547
22/11/2021 23:58:00,16.90441898
23/11/2021 23:58:00,16.91331338
24/11/2021 23:58:00,16.89311933
25/11/2021 23:58:00,16.87491996
26/11/2021 23:58:00,17.16360788
27/11/2021 23:58:00,17.16360788
28/11/2021 23:58:00,17.16360788
29/11/2021 23:58:00,17.1245605
30/11/2021 23:58:00,17.19068937
01/12/2021 23:58:00,17.15524806
02/12/2021 23:58:00,17.1262435
03/12/2021 23:58:00,17.25559465
04/12/2021 23:58:00,17.20278015
05/12/2021 23:58:00,17.14750775
06/12/2021 23:58:00,17.1934727
07/12/2021 23:58:00,17.18750095
08/12/2021 23:58:00,17.28236576
09/12/2021 23:58:00,17.25465214
10/12/2021 23:58:00,17.32757909
11/12/2021 23:58:00,17.31042127
12/12/2021 23:58:00,17.31042127
13/12/2021 23:58:00,17.28329813
14/12/2021 23:58:00,17.29574645
15/12/2021 23:58:00,17.38406789
16/12/2021 23:58:00,17.44368675
17/12/2021 23:58:00,17.32605105
18/12/2021 23:58:00,17.25893358
19/12/2021 23:58:00,17.31298678
20/12/2021 23:58:00,17.26269192
21/12/2021 23:58:00,17.26864335
22/12/2021 23:58:00,17.26252383
23/12/2021 23:58:00,17.17836842
24/12/2021 23:58:00,17.24339442
25/12/2021 23:58:00,17.24339442
26/12/2021 23:58:00,17.22508097
27/12/2021 23:58:00,17.16040108
28/12/2021 23:58:00,17.07901045
29/12/2021 23:58:00,17.11239015
30/12/2021 23:58:00,17.01875848
31/12/2021 23:58:00,17.12534056
01/01/2022 23:58:00,17.12534056
02/01/2022 23:58:00,17.12412599
03/01/2022 23:58:00,16.99082775
04/01/2022 23:58:00,16.99932855
05/01/2022 23:58:00,17.0216256
06/01/2022 23:58:00,17.00593137
07/01/2022 23:58:00,17.10915046
08/01/2022 23:58:00,17.06509221
09/01/2022 23:58:00,17.04590633
10/01/2022 23:58:00,16.96850811
11/01/2022 23:58:00,16.97138784
12/01/2022 23:58:00,17.07767142
13/01/2022 23:58:00,17.14313846
14/01/2022 23:58:00,17.17814883
15/01/2022 23:58:00,17.17814883
16/01/2022 23:58:00,17.20210128
17/01/2022 23:58:00,17.1336349
18/01/2022 23:58:00,17.0977571
19/01/2022 23:58:00,17.07754241
20/01/2022 23:58:00,17.03134786
21/01/2022 23:58:00,17.07010885
22/01/2022 23:58:00,17.06893301
23/01/2022 23:58:00,17.07565317
24/01/2022 23:58:00,17.10397267
25/01/2022 23:58:00,17.09509128
26/01/2022 23:58:00,17.02563786
27/01/2022 23:58:00,16.94216201
28/01/2022 23:58:00,16.90480935
29/01/2022 23:58:00,16.90480935
30/01/2022 23:58:00,16.93976614
31/01/2022 23:58:00,16.92991129
01/02/2022 23:58:00,17.03519901
02/02/2022 23:58:00,17.09413974
03/02/2022 23:58:00,17.25719004
04/02/2022 23:58:00,17.27435291
05/02/2022 23:58:00,17.27435291
06/02/2022 23:58:00,17.26636617
07/02/2022 23:58:00,17.27008467
08/02/2022 23:58:00,17.25269939
09/02/2022 23:58:00,17.2841454
10/02/2022 23:58:00,17.43939661
11/02/2022 23:58:00,17.35770112
12/02/2022 23:58:00,17.29009973
13/02/2022 23:58:00,17.37082058
14/02/2022 23:58:00,17.30909623
15/02/2022 23:58:00,17.29395612
16/02/2022 23:58:00,17.27541925
17/02/2022 23:58:00,17.26832448
18/02/2022 23:58:00,17.10434825
19/02/2022 23:58:00,17.10434825
20/02/2022 23:58:00,17.12808295
21/02/2022 23:58:00,17.03614419
22/02/2022 23:58:00,17.09123528
23/02/2022 23:58:00,17.057586
24/02/2022 23:58:00,17.05036331
25/02/2022 23:58:00,17.09846824
26/02/2022 23:58:00,17.10304725
27/02/2022 23:58:00,17.06080226
28/02/2022 23:58:00,17.06875452
01/03/2022 23:58:00,17.04987824
02/03/2022 23:58:00,16.99285464
03/03/2022 23:58:00,16.97087437
04/03/2022 23:58:00,16.88029124
05/03/2022 23:58:00,16.88029124
06/03/2022 23:58:00,16.85178453
07/03/2022 23:58:00,16.92157207
08/03/2022 23:58:00,16.93674332
09/03/2022 23:58:00,17.03744773
10/03/2022 23:58:00,16.97905158
11/03/2022 23:58:00,16.92446713
12/03/2022 23:58:00,16.92446713
13/03/2022 23:58:00,17.00831888
14/03/2022 23:58:00,16.91592504
15/03/2022 23:58:00,16.90672589
16/03/2022 23:58:00,16.94819906
17/03/2022 23:58:00,17.04739424
18/03/2022 23:58:00,16.96565379
19/03/2022 23:58:00,16.96565379
20/03/2022 23:58:00,16.95768698
21/03/2022 23:58:00,16.9964931
22/03/2022 23:58:00,16.97763625
23/03/2022 23:58:00,17.02912933
24/03/2022 23:58:00,16.97896616
25/03/2022 23:58:00,16.92997897
26/03/2022 23:58:00,16.93126921
27/03/2022 23:58:00,16.92752848
28/03/2022 23:58:00,16.89429272
29/03/2022 23:58:00,16.96760983
30/03/2022 23:58:00,17.10267545
31/03/2022 23:58:00,17.00482507
01/04/2022 23:58:00,16.95962617
02/04/2022 23:58:00,16.96896679
03/04/2022 23:58:00,16.96433701
04/04/2022 23:58:00,16.75135919
05/04/2022 23:58:00,16.64447202
06/04/2022 23:58:00,16.75538208
07/04/2022 23:58:00,16.69162923
08/04/2022 23:58:00,16.70941138
09/04/2022 23:58:00,16.70941138
10/04/2022 23:58:00,16.69987955
11/04/2022 23:58:00,16.69874058
12/04/2022 23:58:00,16.6904385
13/04/2022 23:58:00,16.78286513
14/04/2022 23:58:00,16.70917901
15/04/2022 23:58:00,16.70387302
16/04/2022 23:58:00,16.70387302
17/04/2022 23:58:00,16.69803696
18/04/2022 23:58:00,16.653319
19/04/2022 23:58:00,16.69449154
20/04/2022 23:58:00,16.73942377
21/04/2022 23:58:00,16.71865056
22/04/2022 23:58:00,16.70315882
23/04/2022 23:58:00,16.70573648
24/04/2022 23:58:00,16.76911973
25/04/2022 23:58:00,16.57565421
26/04/2022 23:58:00,16.52844027
27/04/2022 23:58:00,16.31379128
28/04/2022 23:58:00,16.25479693
29/04/2022 23:58:00,16.31453799
30/04/2022 23:58:00,16.31453799
01/05/2022 23:58:00,16.3117785
02/05/2022 23:58:00,16.25377959
03/05/2022 23:58:00,16.26717448
04/05/2022 23:58:00,16.31888162
05/05/2022 23:58:00,16.30464305
06/05/2022 23:58:00,16.40133449
07/05/2022 23:58:00,16.40133449
08/05/2022 23:58:00,16.45769958
09/05/2022 23:58:00,16.52410182
10/05/2022 23:58:00,16.45024566
11/05/2022 23:58:00,16.44722832
12/05/2022 23:58:00,16.23837547
13/05/2022 23:58:00,16.3143254
14/05/2022 23:58:00,16.3143254
15/05/2022 23:58:00,16.31572294
16/05/2022 23:58:00,16.41955973
17/05/2022 23:58:00,16.49386824
18/05/2022 23:58:00,16.47444575
19/05/2022 23:58:00,16.55471306
20/05/2022 23:58:00,16.61158635
21/05/2022 23:58:00,16.61158635
22/05/2022 23:58:00,16.6020409
23/05/2022 23:58:00,16.74163308
24/05/2022 23:58:00,16.82317333
25/05/2022 23:58:00,16.76131735
26/05/2022 23:58:00,16.86044098
27/05/2022 23:58:00,16.87310653
28/05/2022 23:58:00,16.87310187
29/05/2022 23:58:00,16.83765865
30/05/2022 23:58:00,16.8909981
31/05/2022 23:58:00,16.85549605
01/06/2022 23:58:00,16.73015734
02/06/2022 23:58:00,16.83051514
03/06/2022 23:58:00,16.84980207
04/06/2022 23:58:00,16.83247393
05/06/2022 23:58:00,16.85530591
06/06/2022 23:58:00,16.83023831
07/06/2022 23:58:00,16.80971176
08/06/2022 23:58:00,16.85086897
09/06/2022 23:58:00,16.71909791
10/06/2022 23:58:00,16.63676744
11/06/2022 23:58:00,16.62946817
12/06/2022 23:58:00,16.65664308
13/06/2022 23:58:00,16.46672465
14/06/2022 23:58:00,16.46347809
15/06/2022 23:58:00,16.48095417
16/06/2022 23:58:00,16.63211969
17/06/2022 23:58:00,16.54606106
18/06/2022 23:58:00,16.54389628
19/06/2022 23:58:00,16.4914617
20/06/2022 23:58:00,16.58177422
21/06/2022 23:58:00,16.63584854
22/06/2022 23:58:00,16.69836973
23/06/2022 23:58:00,16.61692512
24/06/2022 23:58:00,16.70705742
25/06/2022 23:58:00,16.70705742
26/06/2022 23:58:00,16.72422106
27/06/2022 23:58:00,16.78825305
28/06/2022 23:58:00,16.8245133
29/06/2022 23:58:00,16.67412763
30/06/2022 23:58:00,16.7288146
01/07/2022 23:58:00,16.64542351
02/07/2022 23:58:00,16.64542351
03/07/2022 23:58:00,16.64544985
04/07/2022 23:58:00,16.65573467
05/07/2022 23:58:00,16.46688366
06/07/2022 23:58:00,16.28770317
07/07/2022 23:58:00,16.29377178
08/07/2022 23:58:00,16.34949923
09/07/2022 23:58:00,16.34081263
10/07/2022 23:58:00,16.32877798
11/07/2022 23:58:00,16.16033548
12/07/2022 23:58:00,16.12823632
13/07/2022 23:58:00,16.20990373
14/07/2022 23:58:00,16.20285201
15/07/2022 23:58:00,16.28116723
16/07/2022 23:58:00,16.29440117
17/07/2022 23:58:00,16.26823079
18/07/2022 23:58:00,16.44115606
19/07/2022 23:58:00,16.53748995
20/07/2022 23:58:00,16.4983367
21/07/2022 23:58:00,16.51887243
22/07/2022 23:58:00,16.53768615
23/07/2022 23:58:00,16.53116441
24/07/2022 23:58:00,16.56858496
25/07/2022 23:58:00,16.52355241
26/07/2022 23:58:00,16.39894679
27/07/2022 23:58:00,16.5508129
28/07/2022 23:58:00,16.43638842
29/07/2022 23:58:00,16.43017483
30/07/2022 23:58:00,16.43017483
31/07/2022 23:58:00,16.38463221
01/08/2022 23:58:00,16.45843094
02/08/2022 23:58:00,16.20985582
03/08/2022 23:58:00,16.3198466
04/08/2022 23:58:00,16.46152451
05/08/2022 23:58:00,16.46665866
06/08/2022 23:58:00,16.41072189
07/08/2022 23:58:00,16.3892718
08/08/2022 23:58:00,16.55516958
09/08/2022 23:58:00,16.56889564
10/08/2022 23:58:00,16.60888198
11/08/2022 23:58:00,16.77115575
12/08/2022 23:58:00,16.72583557
13/08/2022 23:58:00,16.72583557
14/08/2022 23:58:00,16.68124625
15/08/2022 23:58:00,16.71285191
16/08/2022 23:58:00,16.50544268
17/08/2022 23:58:00,16.54747808
18/08/2022 23:58:00,16.50022434
19/08/2022 23:58:00,16.43288301
20/08/2022 23:58:00,16.43442517
21/08/2022 23:58:00,16.43663804
22/08/2022 23:58:00,16.2607219
23/08/2022 23:58:00,16.42866944
24/08/2022 23:58:00,16.35287329
25/08/2022 23:58:00,16.35644242
26/08/2022 23:58:00,16.36230344
27/08/2022 23:58:00,16.36479996
28/08/2022 23:58:00,16.35897936
29/08/2022 23:58:00,16.45807243
30/08/2022 23:58:00,16.41891612
31/08/2022 23:58:00,16.488235
01/09/2022 23:58:00,16.3956209
02/09/2022 23:58:00,16.48756136
03/09/2022 23:58:00,16.48753749
04/09/2022 23:58:00,16.40462696
05/09/2022 23:58:00,16.44996853
06/09/2022 23:58:00,16.31081058
07/09/2022 23:58:00,16.38352145
08/09/2022 23:58:00,16.34404328
09/09/2022 23:58:00,16.32800068
10/09/2022 23:58:00,16.32788794
11/09/2022 23:58:00,16.30893898
12/09/2022 23:58:00,16.36738373
13/09/2022 23:58:00,16.13841837
14/09/2022 23:58:00,16.09977772
15/09/2022 23:58:00,16.19992396
16/09/2022 23:58:00,16.21190878
17/09/2022 23:58:00,16.41257516
18/09/2022 23:58:00,16.22350228
19/09/2022 23:58:00,16.20835575
20/09/2022 23:58:00,16.08612115
21/09/2022 23:58:00,15.93118771
22/09/2022 23:58:00,16.13633993
23/09/2022 23:58:00,15.94122186
24/09/2022 23:58:00,15.93370789
25/09/2022 23:58:00,15.93237644
26/09/2022 23:58:00,15.89685591
27/09/2022 23:58:00,15.85444927
28/09/2022 23:58:00,15.98026043
29/09/2022 23:58:00,16.18740936
30/09/2022 23:58:00,16.15603526
01/10/2022 23:58:00,16.15603526
02/10/2022 23:58:00,16.09191375
03/10/2022 23:58:00,16.19380703
04/10/2022 23:58:00,16.46805696
05/10/2022 23:58:00,16.39475365
06/10/2022 23:58:00,16.32504309
07/10/2022 23:58:00,16.33364058
08/10/2022 23:58:00,16.33519852
09/10/2022 23:58:00,16.40802648
10/10/2022 23:58:00,16.20674459
11/10/2022 23:58:00,16.16294599
12/10/2022 23:58:00,16.15095994
13/10/2022 23:58:00,16.26606332
14/10/2022 23:58:00,16.23846555
15/10/2022 23:58:00,16.23911666
16/10/2022 23:58:00,16.27527524
17/10/2022 23:58:00,16.38885929
18/10/2022 23:58:00,16.44911779
19/10/2022 23:58:00,16.47458893
20/10/2022 23:58:00,16.47328632
21/10/2022 23:58:00,16.56287515
22/10/2022 23:58:00,16.56695398
23/10/2022 23:58:00,16.56198676
24/10/2022 23:58:00,16.66032925
25/10/2022 23:58:00,16.75758568
26/10/2022 23:58:00,17.00620984
27/10/2022 23:58:00,16.78328283
28/10/2022 23:58:00,16.65608376
29/10/2022 23:58:00,16.65608376
30/10/2022 23:58:00,16.64220182
31/10/2022 23:58:00,16.65780749
01/11/2022 23:58:00,16.64292888
02/11/2022 23:58:00,16.59334622
03/11/2022 23:58:00,16.44695629
04/11/2022 23:58:00,16.69804097
05/11/2022 23:58:00,16.70487717
06/11/2022 23:58:00,16.59312682
07/11/2022 23:58:00,16.76803153
08/11/2022 23:58:00,16.74976559
09/11/2022 23:58:00,16.69762329
10/11/2022 23:58:00,16.81392802
11/11/2022 23:58:00,17.04291724
12/11/2022 23:58:00,17.03366538
13/11/2022 23:58:00,16.99177889
14/11/2022 23:58:00,17.03416043
15/11/2022 23:58:00,17.06054777
16/11/2022 23:58:00,17.21350637
17/11/2022 23:58:00,17.1444374
18/11/2022 23:58:00,17.03303795
19/11/2022 23:58:00,17.0330647
20/11/2022 23:58:00,17.09629172
21/11/2022 23:58:00,16.94721774
22/11/2022 23:58:00,17.07286401
23/11/2022 23:58:00,17.23056203
24/11/2022 23:58:00,17.27140297
25/11/2022 23:58:00,17.26200324
26/11/2022 23:58:00,17.2620138
27/11/2022 23:58:00,17.27470531
28/11/2022 23:58:00,17.1798391
29/11/2022 23:58:00,17.13214169
30/11/2022 23:58:00,17.19553029
01/12/2022 23:58:00,17.32613778
02/12/2022 23:58:00,17.42906186
03/12/2022 23:58:00,17.43433545
04/12/2022 23:58:00,17.41925744
05/12/2022 23:58:00,17.48118197
06/12/2022 23:58:00,17.5436185
07/12/2022 23:58:00,17.57823505
08/12/2022 23:58:00,17.65883201
09/12/2022 23:58:00,17.6380429
10/12/2022 23:58:00,17.633833
11/12/2022 23:58:00,17.64906431
12/12/2022 23:58:00,17.66863906
13/12/2022 23:58:00,17.79951313
14/12/2022 23:58:00,17.88721104
15/12/2022 23:58:00,17.9060025
16/12/2022 23:58:00,17.80986663
17/12/2022 23:58:00,17.82089518
18/12/2022 23:58:00,17.85884503
19/12/2022 23:58:00,17.84635771
20/12/2022 23:58:00,17.89227343
21/12/2022 23:58:00,17.96638593
22/12/2022 23:58:00,17.94771276
23/12/2022 23:58:00,17.85308817
24/12/2022 23:58:00,17.85308817
25/12/2022 23:58:00,17.86946035
26/12/2022 23:58:00,17.94675784
27/12/2022 23:58:00,17.86670399
28/12/2022 23:58:00,17.82965086
29/12/2022 23:58:00,17.84329353
30/12/2022 23:58:00,17.91400389
31/12/2022 23:58:00,17.91400389
01/01/2023 23:58:00,17.85353843
02/01/2023 23:58:00,17.91382638
03/01/2023 23:58:00,17.70105174
04/01/2023 23:58:00,17.78279179
05/01/2023 23:58:00,17.6351919
06/01/2023 23:58:00,17.77085077
07/01/2023 23:58:00,17.77086157
08/01/2023 23:58:00,17.69878163
09/01/2023 23:58:00,17.88710911
10/01/2023 23:58:00,17.76742221
11/01/2023 23:58:00,17.7855584
12/01/2023 23:58:00,17.82219863
13/01/2023 23:58:00,17.80460419
14/01/2023 23:58:00,17.8046865
15/01/2023 23:58:00,17.80507667
16/01/2023 23:58:00,17.92836929
17/01/2023 23:58:00,17.82745701
18/01/2023 23:58:00,17.80924465
19/01/2023 23:58:00,17.88367279
20/01/2023 23:58:00,17.88149133
21/01/2023 23:58:00,17.89294947
22/01/2023 23:58:00,17.82128549
23/01/2023 23:58:00,18.02363399
24/01/2023 23:58:00,18.07679387
25/01/2023 23:58:00,18.17965681
26/01/2023 23:58:00,18.19806755
27/01/2023 23:58:00,18.08663583
28/01/2023 23:58:00,18.08661953
29/01/2023 23:58:00,18.08484134
30/01/2023 23:58:00,18.01604611
31/01/2023 23:58:00,18.0504949
01/02/2023 23:58:00,18.32694097
02/02/2023 23:58:00,18.2422757
03/02/2023 23:58:00,18.20727372
04/02/2023 23:58:00,18.1502903
05/02/2023 23:58:00,18.12232268
06/02/2023 23:58:00,18.13060773
07/02/2023 23:58:00,18.1428464
08/02/2023 23:58:00,18.09122699
09/02/2023 23:58:00,18.119732
10/02/2023 23:58:00,17.98257093
11/02/2023 23:58:00,17.98812391
12/02/2023 23:58:00,17.98635797
13/02/2023 23:58:00,18.08894316
14/02/2023 23:58:00,18.1523262
15/02/2023 23:58:00,18.05755832
16/02/2023 23:58:00,18.009809
17/02/2023 23:58:00,18.04450193
18/02/2023 23:58:00,18.03366719
19/02/2023 23:58:00,17.99208581
20/02/2023 23:58:00,17.96833135
21/02/2023 23:58:00,17.93661206
22/02/2023 23:58:00,17.86929312
23/02/2023 23:58:00,17.81218397
24/02/2023 23:58:00,17.77135528
25/02/2023 23:58:00,17.77915256
26/02/2023 23:58:00,17.78073644
27/02/2023 23:58:00,17.80648502
28/02/2023 23:58:00,17.7413485
01/03/2023 23:58:00,17.87003196
02/03/2023 23:58:00,17.73042071
03/03/2023 23:58:00,17.64284499
04/03/2023 23:58:00,17.64284499
05/03/2023 23:58:00,17.63598929
06/03/2023 23:58:00,17.78306026
07/03/2023 23:58:00,17.60323326
08/03/2023 23:58:00,17.60375787
09/03/2023 23:58:00,17.66808029
10/03/2023 23:58:00,17.75754919
11/03/2023 23:58:00,17.74606352
12/03/2023 23:58:00,17.8071606
13/03/2023 23:58:00,17.96168231
14/03/2023 23:58:00,17.93924695
15/03/2023 23:58:00,17.80724687
16/03/2023 23:58:00,17.829765
17/03/2023 23:58:00,17.88281145
18/03/2023 23:58:00,17.88449585
19/03/2023 23:58:00,17.9023411
20/03/2023 23:58:00,17.96817454
21/03/2023 23:58:00,18.09330435
22/03/2023 23:58:00,18.23379239
23/03/2023 23:58:00,18.09953981
24/03/2023 23:58:00,17.97588837
25/03/2023 23:58:00,17.97588837
26/03/2023 23:58:00,18.00667744
27/03/2023 23:58:00,17.97958182
28/03/2023 23:58:00,17.99029796
29/03/2023 23:58:00,17.99828474
30/03/2023 23:58:00,18.07493166
31/03/2023 23:58:00,18.00789793
01/04/2023 23:58:00,18.00789793
02/04/2023 23:58:00,17.94553302
03/04/2023 23:58:00,18.14194081
04/04/2023 23:58:00,18.24618582
05/04/2023 23:58:00,18.11331624
06/04/2023 23:58:00,18.09673632
07/04/2023 23:58:00,18.08121558
08/04/2023 23:58:00,18.10150634
09/04/2023 23:58:00,18.10783067
10/04/2023 23:58:00,18.07213511
11/04/2023 23:58:00,18.15286167
12/04/2023 23:58:00,18.25118141
13/04/2023 23:58:00,18.28216512
14/04/2023 23:58:00,18.21114256
15/04/2023 23:58:00,18.21176958
16/04/2023 23:58:00,18.19042248
17/04/2023 23:58:00,18.13752705
18/04/2023 23:58:00,18.2529976
19/04/2023 23:58:00,18.29422251
20/04/2023 23:58:00,18.26741141
21/04/2023 23:58:00,18.26094774
22/04/2023 23:58:00,18.26094774
23/04/2023 23:58:00,18.29423904
24/04/2023 23:58:00,18.34726545
25/04/2023 23:58:00,18.23567626
26/04/2023 23:58:00,18.28059178
27/04/2023 23:58:00,18.26544998
28/04/2023 23:58:00,18.27047158
29/04/2023 23:58:00,18.2704217
30/04/2023 23:58:00,18.26584967
01/05/2023 23:58:00,18.20796947
02/05/2023 23:58:00,18.25794384
03/05/2023 23:58:00,18.36728804
04/05/2023 23:58:00,18.27480562
05/05/2023 23:58:00,18.27509084
06/05/2023 23:58:00,18.27509084
07/05/2023 23:58:00,18.27720117
08/05/2023 23:58:00,18.26796524
09/05/2023 23:58:00,18.29564422
10/05/2023 23:58:00,18.26943044
11/05/2023 23:58:00,18.17623255
12/05/2023 23:58:00,18.10339423
13/05/2023 23:58:00,18.09109704
14/05/2023 23:58:00,18.10148175
15/05/2023 23:58:00,18.10852699
16/05/2023 23:58:00,18.06685786
17/05/2023 23:58:00,18.00915419
18/05/2023 23:58:00,17.9150597
19/05/2023 23:58:00,17.97620184
20/05/2023 23:58:00,17.99946387
21/05/2023 23:58:00,18.01737315
22/05/2023 23:58:00,18.00903369
23/05/2023 23:58:00,17.94106135
24/05/2023 23:58:00,17.92558527
25/05/2023 23:58:00,17.91970932
26/05/2023 23:58:00,17.85728263
27/05/2023 23:58:00,17.86191195
28/05/2023 23:58:00,17.85254414
29/05/2023 23:58:00,17.82238829
30/05/2023 23:58:00,17.86568831
31/05/2023 23:58:00,17.81927116
01/06/2023 23:58:00,17.82392719
02/06/2023 23:58:00,17.77342238
03/06/2023 23:58:00,17.77202052
04/06/2023 23:58:00,17.75277297
05/06/2023 23:58:00,17.8041474
06/06/2023 23:58:00,17.79545746
07/06/2023 23:58:00,17.83414574
08/06/2023 23:58:00,17.95261004
09/06/2023 23:58:00,17.87542904
10/06/2023 23:58:00,17.87979893
11/06/2023 23:58:00,17.91117886
12/06/2023 23:58:00,17.87937142
13/06/2023 23:58:00,17.89162489
14/06/2023 23:58:00,17.95224731
15/06/2023 23:58:00,18.07197906
16/06/2023 23:58:00,18.07366064
17/06/2023 23:58:00,18.07366064
18/06/2023 23:58:00,18.07403971
19/06/2023 23:58:00,18.05009663
20/06/2023 23:58:00,18.03888233
21/06/2023 23:58:00,18.14799991
22/06/2023 23:58:00,18.08021812
23/06/2023 23:58:00,18.01588983
24/06/2023 23:58:00,18.02117536
25/06/2023 23:58:00,18.03060311
26/06/2023 23:58:00,18.05562296
27/06/2023 23:58:00,18.11326398
28/06/2023 23:58:00,18.04413783
29/06/2023 23:58:00,17.96597402
30/06/2023 23:58:00,18.06298932
01/07/2023 23:58:00,18.06298932
02/07/2023 23:58:00,18.0563152
03/07/2023 23:58:00,18.05314581
04/07/2023 23:58:00,18.02203364
05/07/2023 23:58:00,18.07012489
06/07/2023 23:58:00,18.19700351
07/07/2023 23:58:00,18.32600899
08/07/2023 23:58:00,18.31748387
09/07/2023 23:58:00,18.3146695
10/07/2023 23:58:00,18.35494496
11/07/2023 23:58:00,18.33357193
12/07/2023 23:58:00,18.46837666
13/07/2023 23:58:00,18.64938187
14/07/2023 23:58:00,18.67177635
15/07/2023 23:58:00,18.67181047
16/07/2023 23:58:00,18.67342351
17/07/2023 23:58:00,18.66224895
18/07/2023 23:58:00,18.64849871
19/07/2023 23:58:00,18.61957744
20/07/2023 23:58:00,18.53888362
21/07/2023 23:58:00,18.47874769
22/07/2023 23:58:00,18.47590325
23/07/2023 23:58:00,18.48217859
24/07/2023 23:58:00,18.40224606
25/07/2023 23:58:00,18.38566755
26/07/2023 23:58:00,18.43935468
27/07/2023 23:58:00,18.35369077
28/07/2023 23:58:00,18.37387502
29/07/2023 23:58:00,18.37387502
30/07/2023 23:58:00,18.3756686
31/07/2023 23:58:00,18.33278663
01/08/2023 23:58:00,18.37469668
02/08/2023 23:58:00,18.33181603
03/08/2023 23:58:00,18.3196497
04/08/2023 23:58:00,18.39911051
05/08/2023 23:58:00,18.40445188
06/08/2023 23:58:00,18.38866213
07/08/2023 23:58:00,18.3939021
08/08/2023 23:58:00,18.34524197
09/08/2023 23:58:00,18.39151812
10/08/2023 23:58:00,18.39719144
11/08/2023 23:58:00,18.38580677
12/08/2023 23:58:00,18.38580677
13/08/2023 23:58:00,18.37107527
14/08/2023 23:58:00,18.37389482
15/08/2023 23:58:00,18.36698461
16/08/2023 23:58:00,18.33987138
17/08/2023 23:58:00,18.27227424
18/08/2023 23:58:00,18.28352169
19/08/2023 23:58:00,18.28070267
20/08/2023 23:58:00,18.28825315
21/08/2023 23:58:00,18.3429719
22/08/2023 23:58:00,18.25272933
23/08/2023 23:58:00,18.16412355
24/08/2023 23:58:00,18.07443957
25/08/2023 23:58:00,18.06111959
26/08/2023 23:58:00,18.06111959
27/08/2023 23:58:00,18.07786084
28/08/2023 23:58:00,18.12304642
29/08/2023 23:58:00,18.14912823
30/08/2023 23:58:00,18.29298681
31/08/2023 23:58:00,18.14006434
01/09/2023 23:58:00,18.02659929
02/09/2023 23:58:00,18.02659929
03/09/2023 23:58:00,18.00664807
04/09/2023 23:58:00,18.05257052
05/09/2023 23:58:00,17.98351786
06/09/2023 23:58:00,17.99195318
07/09/2023 23:58:00,17.93348608
08/09/2023 23:58:00,17.92260618
09/09/2023 23:58:00,17.92260618
10/09/2023 23:58:00,17.91830812
11/09/2023 23:58:00,17.96756357
12/09/2023 23:58:00,17.91592922
13/09/2023 23:58:00,17.91221326
14/09/2023 23:58:00,17.76926379
15/09/2023 23:58:00,17.82368605
16/09/2023 23:58:00,17.81986389
17/09/2023 23:58:00,17.83768591
18/09/2023 23:58:00,17.91514289
19/09/2023 23:58:00,17.8818813
20/09/2023 23:58:00,17.80163441
21/09/2023 23:58:00,17.77010342
22/09/2023 23:58:00,17.8115456
23/09/2023 23:58:00,17.8115456
24/09/2023 23:58:00,17.78750252
25/09/2023 23:58:00,17.70458414
26/09/2023 23:58:00,17.7069994
27/09/2023 23:58:00,17.57633687
28/09/2023 23:58:00,17.66654456
29/09/2023 23:58:00,17.67631068
30/09/2023 23:58:00,17.64601695
01/10/2023 23:58:00,17.6986801
02/10/2023 23:58:00,17.56383657
03/10/2023 23:58:00,17.51291755
04/10/2023 23:58:00,17.62596907
05/10/2023 23:58:00,17.66315655
06/10/2023 23:58:00,17.73258022
07/10/2023 23:58:00,17.73645314
08/10/2023 23:58:00,17.68653252
09/10/2023 23:58:00,17.74131528
10/10/2023 23:58:00,17.78024454
11/10/2023 23:58:00,17.82015633
12/10/2023 23:58:00,17.67974131
13/10/2023 23:58:00,17.65721045
14/10/2023 23:58:00,17.6268163
15/10/2023 23:58:00,17.6434865
16/10/2023 23:58:00,17.68816701
17/10/2023 23:58:00,17.71625658
18/10/2023 23:58:00,17.65032326
19/10/2023 23:58:00,17.69131311
20/10/2023 23:58:00,17.7302036
21/10/2023 23:58:00,17.72566704
22/10/2023 23:58:00,17.70645447
23/10/2023 23:58:00,17.8251955
24/10/2023 23:58:00,17.71702919
25/10/2023 23:58:00,17.70809064
26/10/2023 23:58:00,17.71636463
27/10/2023 23:58:00,17.75136729
28/10/2023 23:58:00,17.75138397
29/10/2023 23:58:00,17.77515686
30/10/2023 23:58:00,17.81141068
31/10/2023 23:58:00,17.73673942
01/11/2023 23:58:00,18.14730604
02/11/2023 23:58:00,17.78682137
03/11/2023 23:58:00,17.95544603
04/11/2023 23:58:00,17.95544603
05/11/2023 23:58:00,17.95784932
06/11/2023 23:58:00,17.95420791
07/11/2023 23:58:00,17.92153079
08/11/2023 23:58:00,17.9403337
09/11/2023 23:58:00,17.88745406
10/11/2023 23:58:00,17.9095838
11/11/2023 23:58:00,17.90955881
12/11/2023 23:58:00,17.87600591
13/11/2023 23:58:00,17.90243016
14/11/2023 23:58:00,18.1682378
15/11/2023 23:58:00,18.17292018
16/11/2023 23:58:00,18.16168211
17/11/2023 23:58:00,18.24045346
18/11/2023 23:58:00,18.26655543
19/11/2023 23:58:00,18.2404518
20/11/2023 23:58:00,18.34127098
21/11/2023 23:58:00,18.30735464
22/11/2023 23:58:00,18.29999816
23/11/2023 23:58:00,18.28568677
24/11/2023 23:58:00,18.3703025
25/11/2023 23:58:00,18.3703025
26/11/2023 23:58:00,18.34082575
27/11/2023 23:58:00,18.37606683
28/11/2023 23:58:00,18.46521067
29/11/2023 23:58:00,18.37639619
30/11/2023 23:58:00,18.26675731
01/12/2023 23:58:00,18.28586099
02/12/2023 23:58:00,18.28586099
03/12/2023 23:58:00,18.14686054
04/12/2023 23:58:00,18.19712786
05/12/2023 23:58:00,18.11223115
06/12/2023 23:58:00,18.05804524
07/12/2023 23:58:00,18.09895352
08/12/2023 23:58:00,18.0749684
09/12/2023 23:58:00,18.0749684
10/12/2023 23:58:00,18.08331144
11/12/2023 23:58:00,18.04643052
12/12/2023 23:58:00,18.10838651
13/12/2023 23:58:00,18.24155431
14/12/2023 23:58:00,18.40624041
15/12/2023 23:58:00,18.20338238
16/12/2023 23:58:00,18.20339334
17/12/2023 23:58:00,18.23999823
18/12/2023 23:58:00,18.26266068
19/12/2023 23:58:00,18.35191526
20/12/2023 23:58:00,18.33480969
21/12/2023 23:58:00,18.41839786
22/12/2023 23:58:00,18.46112459
23/12/2023 23:58:00,18.46150793
24/12/2023 23:58:00,18.42546175
25/12/2023 23:58:00,18.43774078
26/12/2023 23:58:00,18.48268311
27/12/2023 23:58:00,18.59273062
28/12/2023 23:58:00,18.4571566
29/12/2023 23:58:00,18.47267006
30/12/2023 23:58:00,18.47267006
31/12/2023 23:58:00,18.48547374
01/01/2024 23:58:00,18.47025059
02/01/2024 23:58:00,18.32691889
03/01/2024 23:58:00,18.31295673
04/01/2024 23:58:00,18.31684676
05/01/2024 23:58:00,18.30193893
06/01/2024 23:58:00,18.30475912
07/01/2024 23:58:00,18.36362532
08/01/2024 23:58:00,18.29116614
09/01/2024 23:58:00,18.28136639
10/01/2024 23:58:00,18.3247848
11/01/2024 23:58:00,18.34727066
12/01/2024 23:58:00,18.26148585
13/01/2024 23:58:00,18.26148585
14/01/2024 23:58:00,18.27424819
15/01/2024 23:58:00,18.22920013
16/01/2024 23:58:00,18.16120789
17/01/2024 23:58:00,18.19488851
18/01/2024 23:58:00,18.17685784
19/01/2024 23:58:00,18.17781394
20/01/2024 23:58:00,18.18928518
21/01/2024 23:58:00,18.17781394
22/01/2024 23:58:00,18.16333891
23/01/2024 23:58:00,18.15601798
24/01/2024 23:58:00,18.1727792
25/01/2024 23:58:00,18.12180518
26/01/2024 23:58:00,18.13059966
27/01/2024 23:58:00,18.12587586
28/01/2024 23:58:00,18.14516837
29/01/2024 23:58:00,18.10867434
30/01/2024 23:58:00,18.10794604
31/01/2024 23:58:00,18.03364025
01/02/2024 23:58:00,18.13782178
02/02/2024 23:58:00,18.02772635
03/02/2024 23:58:00,18.01559182
04/02/2024 23:58:00,18.02772635
05/02/2024 23:58:00,17.94692808
06/02/2024 23:58:00,17.95546517
07/02/2024 23:58:00,17.97400869
08/02/2024 23:58:00,17.96809767
09/02/2024 23:58:00,17.99154602
10/02/2024 23:58:00,17.99116415
11/02/2024 23:58:00,17.99093171
12/02/2024 23:58:00,17.97006143
13/02/2024 23:58:00,17.87437966
14/02/2024 23:58:00,17.90964372
15/02/2024 23:58:00,17.96749462
16/02/2024 23:58:00,17.9333999
17/02/2024 23:58:00,17.93939654
18/02/2024 23:58:00,17.96511497
19/02/2024 23:58:00,17.97387646
20/02/2024 23:58:00,18.00033402
21/02/2024 23:58:00,18.0329028
22/02/2024 23:58:00,18.02715806
23/02/2024 23:58:00,18.03115862
24/02/2024 23:58:00,18.02609164
25/02/2024 23:58:00,18.02643975
26/02/2024 23:58:00,18.08307834
27/02/2024 23:58:00,18.10589642
28/02/2024 23:58:00,18.0881718
29/02/2024 23:58:00,18.06647107
01/03/2024 23:58:00,18.0741408
02/03/2024 23:58:00,18.07256672
03/03/2024 23:58:00,18.06627869
04/03/2024 23:58:00,18.10073888
05/03/2024 23:58:00,18.09839241
06/03/2024 23:58:00,18.15857314
07/03/2024 23:58:00,18.23307622
08/03/2024 23:58:00,18.22740499
09/03/2024 23:58:00,18.22740499
10/03/2024 23:58:00,18.26210305
11/03/2024 23:58:00,18.2151302
12/03/2024 23:58:00,18.2220126
13/03/2024 23:58:00,18.25394796
14/03/2024 23:58:00,18.16083462
15/03/2024 23:58:00,18.15475131
16/03/2024 23:58:00,18.15516907
17/03/2024 23:58:00,18.15303882
18/03/2024 23:58:00,18.12966371
19/03/2024 23:58:00,18.13794309
20/03/2024 23:58:00,18.27029793