Date,Close
01/07/2005 23:58:00,0.1198884001
04/07/2005 23:58:00,0.120070771
05/07/2005 23:58:00,0.1198107579
06/07/2005 23:58:00,0.1192480455
07/07/2005 23:58:00,0.1190695822
08/07/2005 23:58:00,0.1189682596
11/07/2005 23:58:00,0.118035728
12/07/2005 23:58:00,0.1180215845
13/07/2005 23:58:00,0.1176130581
14/07/2005 23:58:00,0.1177836366
15/07/2005 23:58:00,0.1178676747
18/07/2005 23:58:00,0.1182669967
19/07/2005 23:58:00,0.1181163597
20/07/2005 23:58:00,0.1177567451
21/07/2005 23:58:00,0.1177784914
22/07/2005 23:58:00,0.117715997
25/07/2005 23:58:00,0.1176668108
26/07/2005 23:58:00,0.1171002374
27/07/2005 23:58:00,0.116642674
28/07/2005 23:58:00,0.116636145
29/07/2005 23:58:00,0.1165969415
01/08/2005 23:58:00,0.1162407009
02/08/2005 23:58:00,0.1159770277
03/08/2005 23:58:00,0.1156852189
04/08/2005 23:58:00,0.1153370402
05/08/2005 23:58:00,0.1160341928
08/08/2005 23:58:00,0.1165581538
09/08/2005 23:58:00,0.1160908187
10/08/2005 23:58:00,0.1171044257
11/08/2005 23:58:00,0.1177047286
12/08/2005 23:58:00,0.1217745688
15/08/2005 23:58:00,0.1210261595
16/08/2005 23:58:00,0.1213648575
17/08/2005 23:58:00,0.1210792502
18/08/2005 23:58:00,0.1214699204
19/08/2005 23:58:00,0.1204252666
22/08/2005 23:58:00,0.1192734344
23/08/2005 23:58:00,0.1183657408
24/08/2005 23:58:00,0.1182752454
25/08/2005 23:58:00,0.1184351949
26/08/2005 23:58:00,0.1192441854
29/08/2005 23:58:00,0.1190102481
30/08/2005 23:58:00,0.1187162458
31/08/2005 23:58:00,0.11926509
01/09/2005 23:58:00,0.1205960611
02/09/2005 23:58:00,0.1208417757
05/09/2005 23:58:00,0.1205130966
06/09/2005 23:58:00,0.1200479362
07/09/2005 23:58:00,0.1196601512
08/09/2005 23:58:00,0.1196745683
09/09/2005 23:58:00,0.1189704302
12/09/2005 23:58:00,0.1198465874
13/09/2005 23:58:00,0.1193946496
14/09/2005 23:58:00,0.1195286876
15/09/2005 23:58:00,0.1195471341
16/09/2005 23:58:00,0.1197075053
19/09/2005 23:58:00,0.1187171081
20/09/2005 23:58:00,0.1189380442
22/09/2005 23:58:00,0.1211542804
23/09/2005 23:58:00,0.120919117
26/09/2005 23:58:00,0.1202878343
27/09/2005 23:58:00,0.12033787
28/09/2005 23:58:00,0.1201088707
29/09/2005 23:58:00,0.1202050612
30/09/2005 23:58:00,0.1202644411
03/10/2005 23:58:00,0.1199846994
04/10/2005 23:58:00,0.1199653252
05/10/2005 23:58:00,0.1203735275
06/10/2005 23:58:00,0.120298316
07/10/2005 23:58:00,0.1217879362
10/10/2005 23:58:00,0.1215973547
11/10/2005 23:58:00,0.122060379
12/10/2005 23:58:00,0.1213278027
13/10/2005 23:58:00,0.1211698033
14/10/2005 23:58:00,0.1223001623
17/10/2005 23:58:00,0.121236612
18/10/2005 23:58:00,0.1209456719
19/10/2005 23:58:00,0.1210550684
20/10/2005 23:58:00,0.1216485225
21/10/2005 23:58:00,0.1210862224
24/10/2005 23:58:00,0.1210322561
25/10/2005 23:58:00,0.1218367759
26/10/2005 23:58:00,0.1213364665
27/10/2005 23:58:00,0.1217641985
28/10/2005 23:58:00,0.1227135867
31/10/2005 23:58:00,0.1229043463
01/11/2005 23:58:00,0.123649362
02/11/2005 23:58:00,0.1240831039
03/11/2005 23:58:00,0.1249407509
04/11/2005 23:58:00,0.1254086412
07/11/2005 23:58:00,0.1260967721
08/11/2005 23:58:00,0.1256259174
09/11/2005 23:58:00,0.1248103692
10/11/2005 23:58:00,0.1237183301
11/11/2005 23:58:00,0.124396815
14/11/2005 23:58:00,0.124812119
15/11/2005 23:58:00,0.1235812889
16/11/2005 23:58:00,0.124155242
17/11/2005 23:58:00,0.1239711454
18/11/2005 23:58:00,0.124309857
21/11/2005 23:58:00,0.1249824312
22/11/2005 23:58:00,0.1255252079
23/11/2005 23:58:00,0.1255429479
24/11/2005 23:58:00,0.1256732127
25/11/2005 23:58:00,0.1260104165
28/11/2005 23:58:00,0.1261022479
29/11/2005 23:58:00,0.1260010568
30/11/2005 23:58:00,0.1266192605
01/12/2005 23:58:00,0.1267046363
02/12/2005 23:58:00,0.1265909986
05/12/2005 23:58:00,0.1262347923
06/12/2005 23:58:00,0.1260317438
07/12/2005 23:58:00,0.125620936
08/12/2005 23:58:00,0.125302868
09/12/2005 23:58:00,0.1251568211
12/12/2005 23:58:00,0.1256550978
13/12/2005 23:58:00,0.1258832744
14/12/2005 23:58:00,0.1259915536
15/12/2005 23:58:00,0.1263500082
16/12/2005 23:58:00,0.126133155
19/12/2005 23:58:00,0.1263107593
20/12/2005 23:58:00,0.1264680476
21/12/2005 23:58:00,0.1262324886
22/12/2005 23:58:00,0.1267175876
23/12/2005 23:58:00,0.1265220776
26/12/2005 23:58:00,0.126424742
27/12/2005 23:58:00,0.1267993426
28/12/2005 23:58:00,0.1275090547
29/12/2005 23:58:00,0.1272352148
30/12/2005 23:58:00,0.1268196103
02/01/2006 23:58:00,0.1269282476
03/01/2006 23:58:00,0.126505648
04/01/2006 23:58:00,0.127102294
05/01/2006 23:58:00,0.1276031943
06/01/2006 23:58:00,0.1276757889
09/01/2006 23:58:00,0.1274327709
10/01/2006 23:58:00,0.1269125852
11/01/2006 23:58:00,0.1264277842
12/01/2006 23:58:00,0.1263816761
13/01/2006 23:58:00,0.1261113662
16/01/2006 23:58:00,0.1262257788
17/01/2006 23:58:00,0.1267727118
18/01/2006 23:58:00,0.1268469356
19/01/2006 23:58:00,0.1268763686
20/01/2006 23:58:00,0.1275989608
23/01/2006 23:58:00,0.1271011932
24/01/2006 23:58:00,0.1270792114
25/01/2006 23:58:00,0.1281282381
26/01/2006 23:58:00,0.1275639645
27/01/2006 23:58:00,0.1280549347
30/01/2006 23:58:00,0.1272700138
31/01/2006 23:58:00,0.1276208009
01/02/2006 23:58:00,0.1268136515
02/02/2006 23:58:00,0.126547227
03/02/2006 23:58:00,0.1267761855
06/02/2006 23:58:00,0.1267188435
07/02/2006 23:58:00,0.1256712378
08/02/2006 23:58:00,0.1257298099
09/02/2006 23:58:00,0.1251218362
10/02/2006 23:58:00,0.1256837984
13/02/2006 23:58:00,0.1238101199
14/02/2006 23:58:00,0.1235817144
15/02/2006 23:58:00,0.1241230433
16/02/2006 23:58:00,0.1243011468
17/02/2006 23:58:00,0.1237547405
20/02/2006 23:58:00,0.1234235738
21/02/2006 23:58:00,0.1226460866
22/02/2006 23:58:00,0.1226295984
23/02/2006 23:58:00,0.1235360874
24/02/2006 23:58:00,0.1239127688
27/02/2006 23:58:00,0.1234811349
28/02/2006 23:58:00,0.1225688203
01/03/2006 23:58:00,0.1227682326
02/03/2006 23:58:00,0.1220702338
03/03/2006 23:58:00,0.1219467884
06/03/2006 23:58:00,0.1218851381
07/03/2006 23:58:00,0.1213605866
08/03/2006 23:58:00,0.1211958193
09/03/2006 23:58:00,0.1215813889
10/03/2006 23:58:00,0.1222365088
13/03/2006 23:58:00,0.1217882187
14/03/2006 23:58:00,0.1230836871
15/03/2006 23:58:00,0.122486425
16/03/2006 23:58:00,0.1234156239
17/03/2006 23:58:00,0.1227553829
20/03/2006 23:58:00,0.1231581175
21/03/2006 23:58:00,0.1230322789
22/03/2006 23:58:00,0.1230889214
23/03/2006 23:58:00,0.1210892297
24/03/2006 23:58:00,0.1229212229
27/03/2006 23:58:00,0.1215252447
28/03/2006 23:58:00,0.1219327252
29/03/2006 23:58:00,0.1226523481
30/03/2006 23:58:00,0.1241687951
31/03/2006 23:58:00,0.1230772495
03/04/2006 23:58:00,0.1239998287
04/04/2006 23:58:00,0.1239309969
05/04/2006 23:58:00,0.1235199087
06/04/2006 23:58:00,0.1223078545
07/04/2006 23:58:00,0.1216765796
10/04/2006 23:58:00,0.1220152715
11/04/2006 23:58:00,0.12266035
12/04/2006 23:58:00,0.1215329086
13/04/2006 23:58:00,0.1215120214
14/04/2006 23:58:00,0.1216407449
17/04/2006 23:58:00,0.1228852734
18/04/2006 23:58:00,0.123185702
19/04/2006 23:58:00,0.122210395
20/04/2006 23:58:00,0.1216705655
21/04/2006 23:58:00,0.1219271118
24/04/2006 23:58:00,0.1218442023
25/04/2006 23:58:00,0.1215972299
26/04/2006 23:58:00,0.1220255609
27/04/2006 23:58:00,0.1226516648
28/04/2006 23:58:00,0.1229038842
01/05/2006 23:58:00,0.1222435926
02/05/2006 23:58:00,0.1229334877
03/05/2006 23:58:00,0.1221924272
04/05/2006 23:58:00,0.1229309951
05/05/2006 23:58:00,0.1221871313
08/05/2006 23:58:00,0.1223836144
09/05/2006 23:58:00,0.1228178814
10/05/2006 23:58:00,0.1223725279
11/05/2006 23:58:00,0.1239121971
12/05/2006 23:58:00,0.1230603521
15/05/2006 23:58:00,0.123902438
16/05/2006 23:58:00,0.12617091
17/05/2006 23:58:00,0.1220809558
18/05/2006 23:58:00,0.1245312082
19/05/2006 23:58:00,0.1246111409
22/05/2006 23:58:00,0.1251792998
23/05/2006 23:58:00,0.1245071826
24/05/2006 23:58:00,0.1252638244
25/05/2006 23:58:00,0.1259856499
26/05/2006 23:58:00,0.1244104821
29/05/2006 23:58:00,0.124397193
30/05/2006 23:58:00,0.1247975893
31/05/2006 23:58:00,0.1246039284
01/06/2006 23:58:00,0.1255675339
02/06/2006 23:58:00,0.1243544441
05/06/2006 23:58:00,0.1235441532
06/06/2006 23:58:00,0.1238539608
07/06/2006 23:58:00,0.1244008909
08/06/2006 23:58:00,0.1238483962
09/06/2006 23:58:00,0.1245460656
12/06/2006 23:58:00,0.1234107891
13/06/2006 23:58:00,0.1237135763
14/06/2006 23:58:00,0.1247663119
15/06/2006 23:58:00,0.124091069
16/06/2006 23:58:00,0.1234718821
19/06/2006 23:58:00,0.1230032626
20/06/2006 23:58:00,0.1233239092
21/06/2006 23:58:00,0.1264134066
22/06/2006 23:58:00,0.1256997565
23/06/2006 23:58:00,0.1265933084
26/06/2006 23:58:00,0.1279785391
27/06/2006 23:58:00,0.1267262745
28/06/2006 23:58:00,0.1260316334
29/06/2006 23:58:00,0.1270006666
30/06/2006 23:58:00,0.1256038864
03/07/2006 23:58:00,0.1251816744
04/07/2006 23:58:00,0.1245689059
05/07/2006 23:58:00,0.1236229591
06/07/2006 23:58:00,0.1259335715
07/07/2006 23:58:00,0.1251846845
10/07/2006 23:58:00,0.1249932797
11/07/2006 23:58:00,0.1257182677
12/07/2006 23:58:00,0.1252317226
13/07/2006 23:58:00,0.1247278306
14/07/2006 23:58:00,0.1260621693
17/07/2006 23:58:00,0.1247018964
18/07/2006 23:58:00,0.1259402607
19/07/2006 23:58:00,0.1266456417
20/07/2006 23:58:00,0.1264085829
21/07/2006 23:58:00,0.1258908945
24/07/2006 23:58:00,0.1256458194
25/07/2006 23:58:00,0.1247132049
26/07/2006 23:58:00,0.1260078821
27/07/2006 23:58:00,0.1242942906
28/07/2006 23:58:00,0.1250134648
31/07/2006 23:58:00,0.124345912
01/08/2006 23:58:00,0.1250191444
02/08/2006 23:58:00,0.1239150448
03/08/2006 23:58:00,0.124461
04/08/2006 23:58:00,0.1244246964
07/08/2006 23:58:00,0.1238596629
08/08/2006 23:58:00,0.1237952744
09/08/2006 23:58:00,0.1259962309
10/08/2006 23:58:00,0.1241503724
11/08/2006 23:58:00,0.1249250321
14/08/2006 23:58:00,0.1254734064
15/08/2006 23:58:00,0.125837473
16/08/2006 23:58:00,0.1255600031
17/08/2006 23:58:00,0.1250715551
18/08/2006 23:58:00,0.1248102421
21/08/2006 23:58:00,0.1247537872
22/08/2006 23:58:00,0.1249618603
23/08/2006 23:58:00,0.1245566166
24/08/2006 23:58:00,0.1244877587
25/08/2006 23:58:00,0.1250884502
28/08/2006 23:58:00,0.1248052304
29/08/2006 23:58:00,0.1242823039
30/08/2006 23:58:00,0.1246842496
31/08/2006 23:58:00,0.1246505062
01/09/2006 23:58:00,0.124897586
04/09/2006 23:58:00,0.1246919757
05/09/2006 23:58:00,0.1248701805
06/09/2006 23:58:00,0.1242356766
07/09/2006 23:58:00,0.1233228112
08/09/2006 23:58:00,0.1241819802
11/09/2006 23:58:00,0.1238701003
12/09/2006 23:58:00,0.1233323622
13/09/2006 23:58:00,0.1228575879
14/09/2006 23:58:00,0.1228561829
15/09/2006 23:58:00,0.1222720986
18/09/2006 23:58:00,0.123034623
19/09/2006 23:58:00,0.123177745
20/09/2006 23:58:00,0.1240953101
21/09/2006 23:58:00,0.1244413467
22/09/2006 23:58:00,0.1238807306
25/09/2006 23:58:00,0.1241652824
26/09/2006 23:58:00,0.1243488756
27/09/2006 23:58:00,0.1245423543
28/09/2006 23:58:00,0.1246223
29/09/2006 23:58:00,0.1248292572
02/10/2006 23:58:00,0.1254186791
03/10/2006 23:58:00,0.1253564318
04/10/2006 23:58:00,0.124690187
05/10/2006 23:58:00,0.1250530585
06/10/2006 23:58:00,0.1243277095
09/10/2006 23:58:00,0.1244886062
10/10/2006 23:58:00,0.1234786455
11/10/2006 23:58:00,0.1238461002
12/10/2006 23:58:00,0.1240783601
13/10/2006 23:58:00,0.1232535457
16/10/2006 23:58:00,0.1235075109
17/10/2006 23:58:00,0.1234487347
18/10/2006 23:58:00,0.1242698621
19/10/2006 23:58:00,0.124945846
20/10/2006 23:58:00,0.1238879582
23/10/2006 23:58:00,0.1230748759
24/10/2006 23:58:00,0.1244053671
25/10/2006 23:58:00,0.1249665675
26/10/2006 23:58:00,0.1242538894
27/10/2006 23:58:00,0.1240007187
30/10/2006 23:58:00,0.1242679506
31/10/2006 23:58:00,0.1255103185
01/11/2006 23:58:00,0.1252469594
02/11/2006 23:58:00,0.1251309849
03/11/2006 23:58:00,0.1253457678
06/11/2006 23:58:00,0.1255712233
07/11/2006 23:58:00,0.1251955521
08/11/2006 23:58:00,0.1246775123
09/11/2006 23:58:00,0.1250125648
10/11/2006 23:58:00,0.1243053013
13/11/2006 23:58:00,0.1242909419
14/11/2006 23:58:00,0.1245445823
15/11/2006 23:58:00,0.1242399286
16/11/2006 23:58:00,0.1242590558
17/11/2006 23:58:00,0.1248209358
20/11/2006 23:58:00,0.1243744539
21/11/2006 23:58:00,0.1248101946
22/11/2006 23:58:00,0.1255093024
23/11/2006 23:58:00,0.1251125235
24/11/2006 23:58:00,0.1248369058
27/11/2006 23:58:00,0.124256239
28/11/2006 23:58:00,0.1241345091
29/11/2006 23:58:00,0.1232872177
30/11/2006 23:58:00,0.124652313
01/12/2006 23:58:00,0.1220609216
04/12/2006 23:58:00,0.1221618505
05/12/2006 23:58:00,0.1222248654
06/12/2006 23:58:00,0.1219168311
07/12/2006 23:58:00,0.1221624959
08/12/2006 23:58:00,0.1237782039
11/12/2006 23:58:00,0.1231181754
12/12/2006 23:58:00,0.1230013798
13/12/2006 23:58:00,0.1223789152
14/12/2006 23:58:00,0.1238791748
15/12/2006 23:58:00,0.1229941177
18/12/2006 23:58:00,0.123352895
19/12/2006 23:58:00,0.124177661
20/12/2006 23:58:00,0.1238095232
21/12/2006 23:58:00,0.1225016713
22/12/2006 23:58:00,0.1203434145
25/12/2006 23:58:00,0.1201034826
26/12/2006 23:58:00,0.1196660815
27/12/2006 23:58:00,0.1208934601
28/12/2006 23:58:00,0.1223125079
29/12/2006 23:58:00,0.1232285338
01/01/2007 23:58:00,0.1231402946
02/01/2007 23:58:00,0.122822481
03/01/2007 23:58:00,0.1210329627
04/01/2007 23:58:00,0.1206869572
05/01/2007 23:58:00,0.1214950621
08/01/2007 23:58:00,0.1222059575
09/01/2007 23:58:00,0.121912369
10/01/2007 23:58:00,0.1224078212
11/01/2007 23:58:00,0.1221425902
12/01/2007 23:58:00,0.1219720906
15/01/2007 23:58:00,0.1221616055
16/01/2007 23:58:00,0.1212333846
17/01/2007 23:58:00,0.1214478445
18/01/2007 23:58:00,0.121769785
19/01/2007 23:58:00,0.1213298455
22/01/2007 23:58:00,0.1206431811
23/01/2007 23:58:00,0.1205532844
24/01/2007 23:58:00,0.1203680579
25/01/2007 23:58:00,0.1190773158
26/01/2007 23:58:00,0.1202022975
29/01/2007 23:58:00,0.1212428066
30/01/2007 23:58:00,0.1202423278
31/01/2007 23:58:00,0.1215590783
01/02/2007 23:58:00,0.1206942836
02/02/2007 23:58:00,0.1189875744
05/02/2007 23:58:00,0.1202640316
06/02/2007 23:58:00,0.1202759442
07/02/2007 23:58:00,0.1196242641
08/02/2007 23:58:00,0.1192321889
09/02/2007 23:58:00,0.1197235831
12/02/2007 23:58:00,0.119594623
13/02/2007 23:58:00,0.1202799793
14/02/2007 23:58:00,0.120649845
15/02/2007 23:58:00,0.1192622544
16/02/2007 23:58:00,0.1192411524
19/02/2007 23:58:00,0.1200140637
20/02/2007 23:58:00,0.1194275836
21/02/2007 23:58:00,0.1192797976
22/02/2007 23:58:00,0.1193047667
23/02/2007 23:58:00,0.1192355064
26/02/2007 23:58:00,0.1187380929
27/02/2007 23:58:00,0.1189568365
28/02/2007 23:58:00,0.1202401321
01/03/2007 23:58:00,0.1199231916
02/03/2007 23:58:00,0.1201263432
05/03/2007 23:58:00,0.119477554
06/03/2007 23:58:00,0.1206464854
07/03/2007 23:58:00,0.1204403835
08/03/2007 23:58:00,0.1197643972
09/03/2007 23:58:00,0.1195664319
12/03/2007 23:58:00,0.1196594775
13/03/2007 23:58:00,0.1193371692
14/03/2007 23:58:00,0.1199180673
15/03/2007 23:58:00,0.1204236351
16/03/2007 23:58:00,0.1205811933
19/03/2007 23:58:00,0.1209918052
20/03/2007 23:58:00,0.1200641666
21/03/2007 23:58:00,0.1206212022
22/03/2007 23:58:00,0.1191142734
23/03/2007 23:58:00,0.1198732291
26/03/2007 23:58:00,0.1201907018
27/03/2007 23:58:00,0.1203030868
28/03/2007 23:58:00,0.1194326284
29/03/2007 23:58:00,0.1198809508
30/03/2007 23:58:00,0.1198070858
02/04/2007 23:58:00,0.119439923
03/04/2007 23:58:00,0.1185201076
04/04/2007 23:58:00,0.1193518993
05/04/2007 23:58:00,0.1191929403
06/04/2007 23:58:00,0.118883438
09/04/2007 23:58:00,0.1185186947
10/04/2007 23:58:00,0.1194233865
11/04/2007 23:58:00,0.1191836131
12/04/2007 23:58:00,0.1192579867
13/04/2007 23:58:00,0.1197095522
16/04/2007 23:58:00,0.1188231582
17/04/2007 23:58:00,0.1191631181
18/04/2007 23:58:00,0.1188546352
19/04/2007 23:58:00,0.1189804858
20/04/2007 23:58:00,0.118565665
23/04/2007 23:58:00,0.1186588684
24/04/2007 23:58:00,0.119000145
25/04/2007 23:58:00,0.1181672715
26/04/2007 23:58:00,0.117584945
27/04/2007 23:58:00,0.1181769564
30/04/2007 23:58:00,0.1175554365
01/05/2007 23:58:00,0.1170838967
02/05/2007 23:58:00,0.1178347008
03/05/2007 23:58:00,0.1169994197
04/05/2007 23:58:00,0.1175036208
07/05/2007 23:58:00,0.117322263
08/05/2007 23:58:00,0.1166331208
09/05/2007 23:58:00,0.1157052104
10/05/2007 23:58:00,0.115495782
11/05/2007 23:58:00,0.1161601137
14/05/2007 23:58:00,0.1154426718
15/05/2007 23:58:00,0.1159716022
16/05/2007 23:58:00,0.1154156843
17/05/2007 23:58:00,0.1151112591
18/05/2007 23:58:00,0.1155822036
21/05/2007 23:58:00,0.1150176998
22/05/2007 23:58:00,0.1151733511
23/05/2007 23:58:00,0.1157219482
24/05/2007 23:58:00,0.1151824493
25/05/2007 23:58:00,0.1154793606
28/05/2007 23:58:00,0.1153997852
29/05/2007 23:58:00,0.1149753173
30/05/2007 23:58:00,0.115273788
31/05/2007 23:58:00,0.1155728136
01/06/2007 23:58:00,0.1154102715
04/06/2007 23:58:00,0.1151424263
05/06/2007 23:58:00,0.1142680342
06/06/2007 23:58:00,0.1140812916
07/06/2007 23:58:00,0.1139202173
08/06/2007 23:58:00,0.1150774589
11/06/2007 23:58:00,0.115020067
12/06/2007 23:58:00,0.1140585519
13/06/2007 23:58:00,0.1137807195
14/06/2007 23:58:00,0.1138451469
15/06/2007 23:58:00,0.1136828743
18/06/2007 23:58:00,0.1121836574
19/06/2007 23:58:00,0.1122553947
20/06/2007 23:58:00,0.1114735649
21/06/2007 23:58:00,0.1114341885
22/06/2007 23:58:00,0.1115001405
25/06/2007 23:58:00,0.1104426423
26/06/2007 23:58:00,0.1102506436
27/06/2007 23:58:00,0.1107266597
28/06/2007 23:58:00,0.1100124294
29/06/2007 23:58:00,0.1084415123
02/07/2007 23:58:00,0.1082694629
03/07/2007 23:58:00,0.1083199068
04/07/2007 23:58:00,0.1088618989
05/07/2007 23:58:00,0.1090239145
06/07/2007 23:58:00,0.1089994974
09/07/2007 23:58:00,0.1085142843
10/07/2007 23:58:00,0.1102301168
11/07/2007 23:58:00,0.1100922763
12/07/2007 23:58:00,0.1106301893
13/07/2007 23:58:00,0.1109614857
16/07/2007 23:58:00,0.1101526291
17/07/2007 23:58:00,0.1103471842
18/07/2007 23:58:00,0.1105135663
19/07/2007 23:58:00,0.1104857812
20/07/2007 23:58:00,0.1107994095
23/07/2007 23:58:00,0.1105042718
24/07/2007 23:58:00,0.1107014694
25/07/2007 23:58:00,0.1108995939
26/07/2007 23:58:00,0.1118583199
27/07/2007 23:58:00,0.1127615509
30/07/2007 23:58:00,0.1132143718
31/07/2007 23:58:00,0.1120988961
01/08/2007 23:58:00,0.1132029397
02/08/2007 23:58:00,0.1132616834
03/08/2007 23:58:00,0.1131037533
06/08/2007 23:58:00,0.1122933884
07/08/2007 23:58:00,0.1123716369
08/08/2007 23:58:00,0.1130083083
09/08/2007 23:58:00,0.1118781019
10/08/2007 23:58:00,0.1135316094
13/08/2007 23:58:00,0.1132124089
14/08/2007 23:58:00,0.1135695422
15/08/2007 23:58:00,0.1137916045
16/08/2007 23:58:00,0.1176929626
17/08/2007 23:58:00,0.1175742814
20/08/2007 23:58:00,0.1179066845
21/08/2007 23:58:00,0.1181470557
22/08/2007 23:58:00,0.1180412111
23/08/2007 23:58:00,0.1175994902
24/08/2007 23:58:00,0.1178616378
27/08/2007 23:58:00,0.1168616638
28/08/2007 23:58:00,0.1170753382
29/08/2007 23:58:00,0.1179265106
30/08/2007 23:58:00,0.1170344809
31/08/2007 23:58:00,0.1173585462
03/09/2007 23:58:00,0.1177108223
04/09/2007 23:58:00,0.1178688465
05/09/2007 23:58:00,0.1198793969
06/09/2007 23:58:00,0.1203694503
07/09/2007 23:58:00,0.1197378604
11/09/2007 23:58:00,0.1197740673
12/09/2007 23:58:00,0.1200738226
13/09/2007 23:58:00,0.1208642889
14/09/2007 23:58:00,0.1224214785
17/09/2007 23:58:00,0.1229211882
18/09/2007 23:58:00,0.123634233
19/09/2007 23:58:00,0.1215587033
20/09/2007 23:58:00,0.1232982602
21/09/2007 23:58:00,0.1229566978
24/09/2007 23:58:00,0.1224363551
25/09/2007 23:58:00,0.1228991905
26/09/2007 23:58:00,0.1219712084
27/09/2007 23:58:00,0.1222113738
28/09/2007 23:58:00,0.1213778434
01/10/2007 23:58:00,0.1219545076
02/10/2007 23:58:00,0.1212703626
03/10/2007 23:58:00,0.1209068779
04/10/2007 23:58:00,0.1218908775
05/10/2007 23:58:00,0.1210583032
08/10/2007 23:58:00,0.1214643869
09/10/2007 23:58:00,0.1219010376
10/10/2007 23:58:00,0.1206036877
11/10/2007 23:58:00,0.1204031519
12/10/2007 23:58:00,0.1211267584
15/10/2007 23:58:00,0.120617812
16/10/2007 23:58:00,0.1212402135
17/10/2007 23:58:00,0.1214837464
18/10/2007 23:58:00,0.1225929786
19/10/2007 23:58:00,0.1234567236
22/10/2007 23:58:00,0.1244972995
23/10/2007 23:58:00,0.1236089592
24/10/2007 23:58:00,0.1232008797
25/10/2007 23:58:00,0.1235509154
26/10/2007 23:58:00,0.1243253387
29/10/2007 23:58:00,0.123459169
30/10/2007 23:58:00,0.1240972922
31/10/2007 23:58:00,0.1233622201
01/11/2007 23:58:00,0.1232154339
02/11/2007 23:58:00,0.1236681117
05/11/2007 23:58:00,0.1245185572
06/11/2007 23:58:00,0.1250988024
07/11/2007 23:58:00,0.1253968244
08/11/2007 23:58:00,0.1262809449
09/11/2007 23:58:00,0.1280700777
12/11/2007 23:58:00,0.1288301056
13/11/2007 23:58:00,0.1297819073
14/11/2007 23:58:00,0.1287905064
15/11/2007 23:58:00,0.1293460919
16/11/2007 23:58:00,0.1303785256
19/11/2007 23:58:00,0.1299958776
20/11/2007 23:58:00,0.1308795728
21/11/2007 23:58:00,0.1321973669
22/11/2007 23:58:00,0.1356537192
23/11/2007 23:58:00,0.1344795074
27/11/2007 23:58:00,0.1347080942
28/11/2007 23:58:00,0.1335296092
29/11/2007 23:58:00,0.133709568
30/11/2007 23:58:00,0.1321834247
03/12/2007 23:58:00,0.1331859379
04/12/2007 23:58:00,0.1353576238
05/12/2007 23:58:00,0.13371081
06/12/2007 23:58:00,0.1343960462
07/12/2007 23:58:00,0.1340695145
10/12/2007 23:58:00,0.1348008129
11/12/2007 23:58:00,0.1345968073
12/12/2007 23:58:00,0.1345547947
13/12/2007 23:58:00,0.1341152208
14/12/2007 23:58:00,0.1337339839
17/12/2007 23:58:00,0.1340635923
18/12/2007 23:58:00,0.1351770998
19/12/2007 23:58:00,0.1339971549
20/12/2007 23:58:00,0.1325234533
21/12/2007 23:58:00,0.1315526046
24/12/2007 23:58:00,0.1315347147
25/12/2007 23:58:00,0.1315275617
27/12/2007 23:58:00,0.1330566471
28/12/2007 23:58:00,0.1352543867
31/12/2007 23:58:00,0.1345838143
01/01/2008 23:58:00,0.1347582663
02/01/2008 23:58:00,0.135353928
03/01/2008 23:58:00,0.1371288362
04/01/2008 23:58:00,0.1369433576
07/01/2008 23:58:00,0.1373184726
08/01/2008 23:58:00,0.1373678552
09/01/2008 23:58:00,0.1408086983
10/01/2008 23:58:00,0.1418547347
11/01/2008 23:58:00,0.1415352071
14/01/2008 23:58:00,0.1426373987
15/01/2008 23:58:00,0.1421584034
16/01/2008 23:58:00,0.1406382967
17/01/2008 23:58:00,0.1400229896
18/01/2008 23:58:00,0.1403929864
21/01/2008 23:58:00,0.1415038418
22/01/2008 23:58:00,0.1435908916
23/01/2008 23:58:00,0.1454560821
24/01/2008 23:58:00,0.1455543481
25/01/2008 23:58:00,0.146096631
28/01/2008 23:58:00,0.1448202959
29/01/2008 23:58:00,0.1429765209
30/01/2008 23:58:00,0.1429387233
31/01/2008 23:58:00,0.1425794071
01/02/2008 23:58:00,0.1411332854
04/02/2008 23:58:00,0.1410335035
05/02/2008 23:58:00,0.1402204551
06/02/2008 23:58:00,0.143051584
07/02/2008 23:58:00,0.1420426076
08/02/2008 23:58:00,0.142385505
11/02/2008 23:58:00,0.1417359326
12/02/2008 23:58:00,0.1417261017
13/02/2008 23:58:00,0.1423132884
14/02/2008 23:58:00,0.1440297198
15/02/2008 23:58:00,0.1443368694
18/02/2008 23:58:00,0.1437302095
19/02/2008 23:58:00,0.143020075
20/02/2008 23:58:00,0.1452604472
21/02/2008 23:58:00,0.1451089197
22/02/2008 23:58:00,0.1459493067
25/02/2008 23:58:00,0.1461661891
26/02/2008 23:58:00,0.1456821159
27/02/2008 23:58:00,0.1449049972
28/02/2008 23:58:00,0.146005692
29/02/2008 23:58:00,0.1491812206
03/03/2008 23:58:00,0.149667093
04/03/2008 23:58:00,0.1494062918
05/03/2008 23:58:00,0.1482191508
06/03/2008 23:58:00,0.1465884428
07/03/2008 23:58:00,0.1489275384
10/03/2008 23:58:00,0.1482386811
11/03/2008 23:58:00,0.1467042046
12/03/2008 23:58:00,0.1476264443
13/03/2008 23:58:00,0.1478540633
14/03/2008 23:58:00,0.1489999354
17/03/2008 23:58:00,0.1489001142
18/03/2008 23:58:00,0.1448139935
19/03/2008 23:58:00,0.1460028291
20/03/2008 23:58:00,0.1459253187
21/03/2008 23:58:00,0.1464709095
24/03/2008 23:58:00,0.145991637
25/03/2008 23:58:00,0.1454936002
26/03/2008 23:58:00,0.1461737141
27/03/2008 23:58:00,0.1465194124
28/03/2008 23:58:00,0.1472580424
31/03/2008 23:58:00,0.146872654
02/04/2008 23:58:00,0.1479898626
03/04/2008 23:58:00,0.1487182694
04/04/2008 23:58:00,0.1474995267
07/04/2008 23:58:00,0.1465121393
08/04/2008 23:58:00,0.1459328924
09/04/2008 23:58:00,0.1457405885
10/04/2008 23:58:00,0.1452078081
11/04/2008 23:58:00,0.1450174428
14/04/2008 23:58:00,0.1460299153
15/04/2008 23:58:00,0.1453988699
16/04/2008 23:58:00,0.1451545585
17/04/2008 23:58:00,0.1436646599
18/04/2008 23:58:00,0.1428652707
21/04/2008 23:58:00,0.141624364
22/04/2008 23:58:00,0.1414581122
23/04/2008 23:58:00,0.1418957903
24/04/2008 23:58:00,0.1425181111
25/04/2008 23:58:00,0.1441072195
28/04/2008 23:58:00,0.1436605692
29/04/2008 23:58:00,0.1451900804
30/04/2008 23:58:00,0.1447551141
02/05/2008 23:58:00,0.1435913117
05/05/2008 23:58:00,0.1441236337
06/05/2008 23:58:00,0.1447737226
07/05/2008 23:58:00,0.1452323322
08/05/2008 23:58:00,0.1462109124
09/05/2008 23:58:00,0.1475605954
12/05/2008 23:58:00,0.1487826961
13/05/2008 23:58:00,0.1459309907
14/05/2008 23:58:00,0.1460662322
15/05/2008 23:58:00,0.1451353089
16/05/2008 23:58:00,0.145109543
19/05/2008 23:58:00,0.1448966887
20/05/2008 23:58:00,0.1448060057
21/05/2008 23:58:00,0.1450403738
22/05/2008 23:58:00,0.1460617063
23/05/2008 23:58:00,0.1458278139
26/05/2008 23:58:00,0.1457173442
27/05/2008 23:58:00,0.1452541518
28/05/2008 23:58:00,0.1462147651
29/05/2008 23:58:00,0.1451196009
30/05/2008 23:58:00,0.144473518
02/06/2008 23:58:00,0.1446619543
03/06/2008 23:58:00,0.1455628297
04/06/2008 23:58:00,0.1464872645
05/06/2008 23:58:00,0.1471424031
06/06/2008 23:58:00,0.1489604104
09/06/2008 23:58:00,0.14870618
10/06/2008 23:58:00,0.150041161
11/06/2008 23:58:00,0.1503001639
12/06/2008 23:58:00,0.1517948715
13/06/2008 23:58:00,0.1514478866
16/06/2008 23:58:00,0.1511372717
17/06/2008 23:58:00,0.1508615135
18/06/2008 23:58:00,0.1525562085
19/06/2008 23:58:00,0.1520675529
20/06/2008 23:58:00,0.1515006134
23/06/2008 23:58:00,0.1526756011
24/06/2008 23:58:00,0.1518413046
25/06/2008 23:58:00,0.1520718715
26/06/2008 23:58:00,0.1514917034
27/06/2008 23:58:00,0.1532562447
30/06/2008 23:58:00,0.1520987326
02/07/2008 23:58:00,0.1521240406
03/07/2008 23:58:00,0.1509101732
04/07/2008 23:58:00,0.1525645294
07/07/2008 23:58:00,0.1530610874
08/07/2008 23:58:00,0.1511573759
09/07/2008 23:58:00,0.1499159775
10/07/2008 23:58:00,0.1518492335
11/07/2008 23:58:00,0.1536630286
14/07/2008 23:58:00,0.1527990985
15/07/2008 23:58:00,0.1538283054
16/07/2008 23:58:00,0.1543123541
17/07/2008 23:58:00,0.1537076488
18/07/2008 23:58:00,0.1541217891
21/07/2008 23:58:00,0.1549598966
22/07/2008 23:58:00,0.1510171068
23/07/2008 23:58:00,0.1499338438
24/07/2008 23:58:00,0.1505613493
25/07/2008 23:58:00,0.1500960959
28/07/2008 23:58:00,0.1489953416
29/07/2008 23:58:00,0.148814852
30/07/2008 23:58:00,0.1479026232
31/07/2008 23:58:00,0.1466797065
01/08/2008 23:58:00,0.1467826294
02/08/2008 23:58:00,0.1463233371
03/08/2008 23:58:00,0.1463901386
04/08/2008 23:58:00,0.1459279986
05/08/2008 23:58:00,0.145651329
06/08/2008 23:58:00,0.1451433734
07/08/2008 23:58:00,0.1432663659
08/08/2008 23:58:00,0.14490213
09/08/2008 23:58:00,0.14490213
10/08/2008 23:58:00,0.1438418493
11/08/2008 23:58:00,0.1466934608
12/08/2008 23:58:00,0.1485092444
13/08/2008 23:58:00,0.1464628929
14/08/2008 23:58:00,0.1435077507
15/08/2008 23:58:00,0.1444197629
16/08/2008 23:58:00,0.1443071376
17/08/2008 23:58:00,0.1442379164
18/08/2008 23:58:00,0.1447967907
19/08/2008 23:58:00,0.1446882209
20/08/2008 23:58:00,0.1443597183
21/08/2008 23:58:00,0.1450926252
22/08/2008 23:58:00,0.1445079318
23/08/2008 23:58:00,0.1445606556
24/08/2008 23:58:00,0.144271148
25/08/2008 23:58:00,0.1436504804
26/08/2008 23:58:00,0.1438376591
27/08/2008 23:58:00,0.1437372881
28/08/2008 23:58:00,0.1432251894
29/08/2008 23:58:00,0.1424028459
01/09/2008 23:58:00,0.1408073309
02/09/2008 23:58:00,0.1423404869
03/09/2008 23:58:00,0.1419807179
04/09/2008 23:58:00,0.1428161083
05/09/2008 23:58:00,0.1450751234
08/09/2008 23:58:00,0.1442173759
09/09/2008 23:58:00,0.1442325823
10/09/2008 23:58:00,0.1460180003
11/09/2008 23:58:00,0.1473206625
12/09/2008 23:58:00,0.1499999995
15/09/2008 23:58:00,0.1507730642
16/09/2008 23:58:00,0.1512572679
17/09/2008 23:58:00,0.1529531961
18/09/2008 23:58:00,0.1507647439
19/09/2008 23:58:00,0.1524651703
22/09/2008 23:58:00,0.1518316475
23/09/2008 23:58:00,0.1500822299
24/09/2008 23:58:00,0.149097775
25/09/2008 23:58:00,0.1500915768
26/09/2008 23:58:00,0.151260148
29/09/2008 23:58:00,0.1501270018
30/09/2008 23:58:00,0.1530662808
01/10/2008 23:58:00,0.1517768272
02/10/2008 23:58:00,0.1536667033
03/10/2008 23:58:00,0.1533125659
06/10/2008 23:58:00,0.1595866064
07/10/2008 23:58:00,0.158182411
08/10/2008 23:58:00,0.1561424347
09/10/2008 23:58:00,0.1537621938
10/10/2008 23:58:00,0.1526087888
13/10/2008 23:58:00,0.1536907563
14/10/2008 23:58:00,0.15238544
15/10/2008 23:58:00,0.1504028975
16/10/2008 23:58:00,0.1523670398
17/10/2008 23:58:00,0.146673877
20/10/2008 23:58:00,0.1442374439
21/10/2008 23:58:00,0.1409323507
22/10/2008 23:58:00,0.1357488135
23/10/2008 23:58:00,0.1445378997
24/10/2008 23:58:00,0.1463929127
27/10/2008 23:58:00,0.1497115371
28/10/2008 23:58:00,0.1567650638
29/10/2008 23:58:00,0.1525991373
30/10/2008 23:58:00,0.1484651209
31/10/2008 23:58:00,0.1518577487
03/11/2008 23:58:00,0.1498283928
04/11/2008 23:58:00,0.151460226
05/11/2008 23:58:00,0.1482188026
06/11/2008 23:58:00,0.1480663806
07/11/2008 23:58:00,0.1476848528
10/11/2008 23:58:00,0.1478223602
11/11/2008 23:58:00,0.1489215721
12/11/2008 23:58:00,0.1493267367
13/11/2008 23:58:00,0.1528828618
14/11/2008 23:58:00,0.1464821968
17/11/2008 23:58:00,0.1482913192
18/11/2008 23:58:00,0.1478196789
19/11/2008 23:58:00,0.1482170223
20/11/2008 23:58:00,0.1478847911
21/11/2008 23:58:00,0.1494601464
24/11/2008 23:58:00,0.1490272857
25/11/2008 23:58:00,0.1504291618
26/11/2008 23:58:00,0.1544231353
27/11/2008 23:58:00,0.1516727267
28/11/2008 23:58:00,0.1488817549
01/12/2008 23:58:00,0.1464354027
02/12/2008 23:58:00,0.1477074847
03/12/2008 23:58:00,0.1491541332
04/12/2008 23:58:00,0.1480405289
05/12/2008 23:58:00,0.1500394456
08/12/2008 23:58:00,0.1503725706
09/12/2008 23:58:00,0.1506918226
10/12/2008 23:58:00,0.1506568944
11/12/2008 23:58:00,0.1522991473
12/12/2008 23:58:00,0.1507716042
15/12/2008 23:58:00,0.150582811
16/12/2008 23:58:00,0.1544355253
17/12/2008 23:58:00,0.1502842135
18/12/2008 23:58:00,0.1493593583
19/12/2008 23:58:00,0.1481918794
22/12/2008 23:58:00,0.1489742617
23/12/2008 23:58:00,0.1493287432
24/12/2008 23:58:00,0.1503759798
25/12/2008 23:58:00,0.1502477737
26/12/2008 23:58:00,0.1503599413
29/12/2008 23:58:00,0.1506054659
30/12/2008 23:58:00,0.1507272613
31/12/2008 23:58:00,0.1476051316
01/01/2009 23:58:00,0.148433808
02/01/2009 23:58:00,0.1478674433
05/01/2009 23:58:00,0.1536511031
06/01/2009 23:58:00,0.1570665881
07/01/2009 23:58:00,0.155697616
08/01/2009 23:58:00,0.1585259944
09/01/2009 23:58:00,0.1588498022
12/01/2009 23:58:00,0.1614592687
13/01/2009 23:58:00,0.1591245927
14/01/2009 23:58:00,0.1582784685
15/01/2009 23:58:00,0.1585029483
16/01/2009 23:58:00,0.1557871347
19/01/2009 23:58:00,0.1545149002
20/01/2009 23:58:00,0.1548158819
21/01/2009 23:58:00,0.1577027931
22/01/2009 23:58:00,0.1559303838
23/01/2009 23:58:00,0.1554105672
26/01/2009 23:58:00,0.1526183093
27/01/2009 23:58:00,0.1533068317
28/01/2009 23:58:00,0.1530084011
29/01/2009 23:58:00,0.151875288
30/01/2009 23:58:00,0.1536955299
02/02/2009 23:58:00,0.1527045731
03/02/2009 23:58:00,0.1504203199
04/02/2009 23:58:00,0.1514928744
05/02/2009 23:58:00,0.1520450889
06/02/2009 23:58:00,0.1526701609
09/02/2009 23:58:00,0.1513330331
10/02/2009 23:58:00,0.1477787782
11/02/2009 23:58:00,0.1495758096
12/02/2009 23:58:00,0.1504344277
13/02/2009 23:58:00,0.1498985139
16/02/2009 23:58:00,0.1480189226
17/02/2009 23:58:00,0.1460277006
18/02/2009 23:58:00,0.1479539438
19/02/2009 23:58:00,0.1473102229
20/02/2009 23:58:00,0.1502139008
23/02/2009 23:58:00,0.1496025652
24/02/2009 23:58:00,0.1525848729
25/02/2009 23:58:00,0.149682208
26/02/2009 23:58:00,0.1515441741
27/02/2009 23:58:00,0.1527062435
02/03/2009 23:58:00,0.1519397771
03/03/2009 23:58:00,0.1537032842
04/03/2009 23:58:00,0.156615538
05/03/2009 23:58:00,0.1527280891
06/03/2009 23:58:00,0.1546125259
09/03/2009 23:58:00,0.1560346192
10/03/2009 23:58:00,0.1583966652
11/03/2009 23:58:00,0.158683529
12/03/2009 23:58:00,0.1630328257
13/03/2009 23:58:00,0.1618132931
16/03/2009 23:58:00,0.1607834495
17/03/2009 23:58:00,0.1615731874
18/03/2009 23:58:00,0.163536547
19/03/2009 23:58:00,0.1594129021
20/03/2009 23:58:00,0.1610504824
23/03/2009 23:58:00,0.1601711122
24/03/2009 23:58:00,0.1574549621
25/03/2009 23:58:00,0.1561885838
26/03/2009 23:58:00,0.1559121217
27/03/2009 23:58:00,0.1549659523
30/03/2009 23:58:00,0.1533677752
31/03/2009 23:58:00,0.1543139564
01/04/2009 23:58:00,0.1564637178
02/04/2009 23:58:00,0.1593425883
03/04/2009 23:58:00,0.1574353769
06/04/2009 23:58:00,0.1567596219
07/04/2009 23:58:00,0.1559177031
08/04/2009 23:58:00,0.156443756
09/04/2009 23:58:00,0.1560471824
10/04/2009 23:58:00,0.1563454807
14/04/2009 23:58:00,0.1554580988
15/04/2009 23:58:00,0.1563389648
16/04/2009 23:58:00,0.156363278
17/04/2009 23:58:00,0.1574926803
20/04/2009 23:58:00,0.1567762576
21/04/2009 23:58:00,0.1567614455
22/04/2009 23:58:00,0.1574158281
23/04/2009 23:58:00,0.1586505102
24/04/2009 23:58:00,0.1581732174
27/04/2009 23:58:00,0.1555950849
28/04/2009 23:58:00,0.1584830433
29/04/2009 23:58:00,0.1555024624
30/04/2009 23:58:00,0.1565294884
01/05/2009 23:58:00,0.157488788
04/05/2009 23:58:00,0.1580468774
05/05/2009 23:58:00,0.1551081724
06/05/2009 23:58:00,0.1547628516
07/05/2009 23:58:00,0.1543099954
08/05/2009 23:58:00,0.1562391405
11/05/2009 23:58:00,0.1545177655
12/05/2009 23:58:00,0.1545890013
13/05/2009 23:58:00,0.1541532233
14/05/2009 23:58:00,0.1553962673
15/05/2009 23:58:00,0.1547638182
18/05/2009 23:58:00,0.1558832449
19/05/2009 23:58:00,0.1556061376
20/05/2009 23:58:00,0.1559243913
21/05/2009 23:58:00,0.1569263816
22/05/2009 23:58:00,0.15617446
25/05/2009 23:58:00,0.1561957374
26/05/2009 23:58:00,0.1560952538
27/05/2009 23:58:00,0.1552123546
28/05/2009 23:58:00,0.155516964
29/05/2009 23:58:00,0.1551970559
02/06/2009 23:58:00,0.1562403117
03/06/2009 23:58:00,0.1558962997
04/06/2009 23:58:00,0.1560042146
05/06/2009 23:58:00,0.155579709
08/06/2009 23:58:00,0.1563818766
09/06/2009 23:58:00,0.1570444371
10/06/2009 23:58:00,0.1564543961
11/06/2009 23:58:00,0.1570255799
12/06/2009 23:58:00,0.1567968421
15/06/2009 23:58:00,0.1571333078
16/06/2009 23:58:00,0.1574807611
17/06/2009 23:58:00,0.1588745468
18/06/2009 23:58:00,0.1588920491
19/06/2009 23:58:00,0.159744408
22/06/2009 23:58:00,0.1626692287
23/06/2009 23:58:00,0.1616058444
24/06/2009 23:58:00,0.1610804432
25/06/2009 23:58:00,0.1627022636
26/06/2009 23:58:00,0.1609795471
29/06/2009 23:58:00,0.162538076
30/06/2009 23:58:00,0.1620449784
01/07/2009 23:58:00,0.1622476474
02/07/2009 23:58:00,0.1616330645
03/07/2009 23:58:00,0.1615517231
06/07/2009 23:58:00,0.1621624508
07/07/2009 23:58:00,0.1614034128
08/07/2009 23:58:00,0.1618491236
09/07/2009 23:58:00,0.1617929615
10/07/2009 23:58:00,0.1621018738
13/07/2009 23:58:00,0.1619839146
14/07/2009 23:58:00,0.1619701616
15/07/2009 23:58:00,0.1623337691
16/07/2009 23:58:00,0.1628776716
17/07/2009 23:58:00,0.1632625244
20/07/2009 23:58:00,0.1636593961
21/07/2009 23:58:00,0.163656379
22/07/2009 23:58:00,0.1635968028
23/07/2009 23:58:00,0.1638896566
24/07/2009 23:58:00,0.1649857588
27/07/2009 23:58:00,0.1655363739
28/07/2009 23:58:00,0.1640458144
29/07/2009 23:58:00,0.1644465178
30/07/2009 23:58:00,0.1644690737
31/07/2009 23:58:00,0.1642458077
03/08/2009 23:58:00,0.1635416945
04/08/2009 23:58:00,0.1627923894
05/08/2009 23:58:00,0.1617615977
06/08/2009 23:58:00,0.1624158819
07/08/2009 23:58:00,0.1629515409
10/08/2009 23:58:00,0.1632314888
11/08/2009 23:58:00,0.163240867
12/08/2009 23:58:00,0.1630795501
13/08/2009 23:58:00,0.1627702008
14/08/2009 23:58:00,0.163987798
17/08/2009 23:58:00,0.1644134953
18/08/2009 23:58:00,0.1647280369
19/08/2009 23:58:00,0.1643444737
20/08/2009 23:58:00,0.1659160924
21/08/2009 23:58:00,0.1658356776
24/08/2009 23:58:00,0.1655191043
25/08/2009 23:58:00,0.1658507616
26/08/2009 23:58:00,0.1654975662
27/08/2009 23:58:00,0.1666685476
28/08/2009 23:58:00,0.1653954798
31/08/2009 23:58:00,0.165289674
01/09/2009 23:58:00,0.1642722205
02/09/2009 23:58:00,0.1648999983
03/09/2009 23:58:00,0.1654803569
04/09/2009 23:58:00,0.1669516291
07/09/2009 23:58:00,0.1664674015
08/09/2009 23:58:00,0.1666856946
09/09/2009 23:58:00,0.1660758984
10/09/2009 23:58:00,0.1670280488
11/09/2009 23:58:00,0.1676327393
14/09/2009 23:58:00,0.1680281842
15/09/2009 23:58:00,0.1680168706
16/09/2009 23:58:00,0.1691899671
17/09/2009 23:58:00,0.1685500364
18/09/2009 23:58:00,0.1692388748
21/09/2009 23:58:00,0.1693171842
22/09/2009 23:58:00,0.169172686
23/09/2009 23:58:00,0.1674617301
24/09/2009 23:58:00,0.1663330609
25/09/2009 23:58:00,0.1663261726
28/09/2009 23:58:00,0.1660637868
29/09/2009 23:58:00,0.1664779944
30/09/2009 23:58:00,0.1668662441
01/10/2009 23:58:00,0.1670344097
02/10/2009 23:58:00,0.1677061786
05/10/2009 23:58:00,0.1671366418
06/10/2009 23:58:00,0.1657170429
07/10/2009 23:58:00,0.1660025172
08/10/2009 23:58:00,0.1645782013
09/10/2009 23:58:00,0.1648754688
12/10/2009 23:58:00,0.1651721425
13/10/2009 23:58:00,0.1651093903
14/10/2009 23:58:00,0.165766077
15/10/2009 23:58:00,0.1661893086
16/10/2009 23:58:00,0.1659900517
19/10/2009 23:58:00,0.1662825869
20/10/2009 23:58:00,0.1662070217
21/10/2009 23:58:00,0.1656159288
22/10/2009 23:58:00,0.1654336719
23/10/2009 23:58:00,0.1651992078
26/10/2009 23:58:00,0.1639214026
27/10/2009 23:58:00,0.1638914501
28/10/2009 23:58:00,0.1613803783
29/10/2009 23:58:00,0.1634514308
30/10/2009 23:58:00,0.1619084629
02/11/2009 23:58:00,0.1623631307
03/11/2009 23:58:00,0.1644038226
04/11/2009 23:58:00,0.1658267546
05/11/2009 23:58:00,0.1664303888
06/11/2009 23:58:00,0.1671825348
09/11/2009 23:58:00,0.1674297095
10/11/2009 23:58:00,0.16839837
11/11/2009 23:58:00,0.1682352448
12/11/2009 23:58:00,0.1680044266
13/11/2009 23:58:00,0.1685889919
16/11/2009 23:58:00,0.1684948453
17/11/2009 23:58:00,0.1683093202
18/11/2009 23:58:00,0.1674414471
19/11/2009 23:58:00,0.1665541307
20/11/2009 23:58:00,0.1645820176
23/11/2009 23:58:00,0.1647087424
24/11/2009 23:58:00,0.1636400206
25/11/2009 23:58:00,0.1639990668
26/11/2009 23:58:00,0.1625256434
27/11/2009 23:58:00,0.1637612025
30/11/2009 23:58:00,0.1634410442
01/12/2009 23:58:00,0.1632894415
02/12/2009 23:58:00,0.1635567654
03/12/2009 23:58:00,0.1624055388
04/12/2009 23:58:00,0.1640180951
07/12/2009 23:58:00,0.1652347301
08/12/2009 23:58:00,0.1636046624
09/12/2009 23:58:00,0.1646516246
10/12/2009 23:58:00,0.1642481392
11/12/2009 23:58:00,0.1640707333
14/12/2009 23:58:00,0.1638006226
15/12/2009 23:58:00,0.1615606288
16/12/2009 23:58:00,0.1610129089
17/12/2009 23:58:00,0.1608284693
18/12/2009 23:58:00,0.1603479285
21/12/2009 23:58:00,0.1601978031
22/12/2009 23:58:00,0.1600888826
23/12/2009 23:58:00,0.1585005299
28/12/2009 23:58:00,0.1586213636
29/12/2009 23:58:00,0.1591462062
30/12/2009 23:58:00,0.1603282413
04/01/2010 23:58:00,0.1607671053
05/01/2010 23:58:00,0.1585448024
06/01/2010 23:58:00,0.1577819174
07/01/2010 23:58:00,0.1580978542
08/01/2010 23:58:00,0.1587766965
11/01/2010 23:58:00,0.157065187
12/01/2010 23:58:00,0.1569266436
13/01/2010 23:58:00,0.1578212748
14/01/2010 23:58:00,0.1589385452
15/01/2010 23:58:00,0.1579823531
18/01/2010 23:58:00,0.1583217225
19/01/2010 23:58:00,0.1594703519
20/01/2010 23:58:00,0.1587831755
21/01/2010 23:58:00,0.1577074643
22/01/2010 23:58:00,0.1588740343
25/01/2010 23:58:00,0.1578686488
26/01/2010 23:58:00,0.1579914891
27/01/2010 23:58:00,0.1570899323
28/01/2010 23:58:00,0.1569414882
29/01/2010 23:58:00,0.1559824064
01/02/2010 23:58:00,0.1573502512
02/02/2010 23:58:00,0.1571662444
03/02/2010 23:58:00,0.1571640016
04/02/2010 23:58:00,0.1567326477
05/02/2010 23:58:00,0.1586715474
08/02/2010 23:58:00,0.1570504112
09/02/2010 23:58:00,0.1576263997
10/02/2010 23:58:00,0.1577836395
11/02/2010 23:58:00,0.1586204699
12/02/2010 23:58:00,0.1583512482
15/02/2010 23:58:00,0.1573712322
16/02/2010 23:58:00,0.1583837078
17/02/2010 23:58:00,0.1594084806
18/02/2010 23:58:00,0.1589887329
19/02/2010 23:58:00,0.1608470075
22/02/2010 23:58:00,0.1607244325
23/02/2010 23:58:00,0.1600846803
24/02/2010 23:58:00,0.1588210913
25/02/2010 23:58:00,0.159158969
26/02/2010 23:58:00,0.1577894708
01/03/2010 23:58:00,0.1594462529
02/03/2010 23:58:00,0.1601210843
03/03/2010 23:58:00,0.1585649445
04/03/2010 23:58:00,0.1583702045
05/03/2010 23:58:00,0.1593366276
08/03/2010 23:58:00,0.1599201185
09/03/2010 23:58:00,0.1600010639
10/03/2010 23:58:00,0.1595512808
11/03/2010 23:58:00,0.1603327957
12/03/2010 23:58:00,0.1598716129
15/03/2010 23:58:00,0.1601170335
16/03/2010 23:58:00,0.1610853165
17/03/2010 23:58:00,0.1607894132
18/03/2010 23:58:00,0.1603057919
19/03/2010 23:58:00,0.1607043586
22/03/2010 23:58:00,0.160817131
23/03/2010 23:58:00,0.158814186
24/03/2010 23:58:00,0.1600819303
25/03/2010 23:58:00,0.1600886428
26/03/2010 23:58:00,0.1598808067
29/03/2010 23:58:00,0.1598587052
30/03/2010 23:58:00,0.1603263579
31/03/2010 23:58:00,0.1607853546
01/04/2010 23:58:00,0.1615289804
02/04/2010 23:58:00,0.1605912089
05/04/2010 23:58:00,0.1605741043
06/04/2010 23:58:00,0.1624129059
07/04/2010 23:58:00,0.1622045062
08/04/2010 23:58:00,0.1629415481
09/04/2010 23:58:00,0.1640375306
12/04/2010 23:58:00,0.1644716125
13/04/2010 23:58:00,0.1649582374
14/04/2010 23:58:00,0.1649107467
15/04/2010 23:58:00,0.1646659658
16/04/2010 23:58:00,0.1652361193
19/04/2010 23:58:00,0.1641205894
20/04/2010 23:58:00,0.1637734428
21/04/2010 23:58:00,0.1633108783
22/04/2010 23:58:00,0.1627369097
23/04/2010 23:58:00,0.1624795298
26/04/2010 23:58:00,0.1623189313
27/04/2010 23:58:00,0.1603129645
28/04/2010 23:58:00,0.1626242224
29/04/2010 23:58:00,0.1623701924
30/04/2010 23:58:00,0.1606576943
03/05/2010 23:58:00,0.1614048685
04/05/2010 23:58:00,0.1593810936
05/05/2010 23:58:00,0.1600110668
06/05/2010 23:58:00,0.1593907142
07/05/2010 23:58:00,0.1640478542
10/05/2010 23:58:00,0.1615057737
11/05/2010 23:58:00,0.1624594229
12/05/2010 23:58:00,0.1641398527
13/05/2010 23:58:00,0.1630677874
14/05/2010 23:58:00,0.1637247276
17/05/2010 23:58:00,0.1661652219
18/05/2010 23:58:00,0.1623136012
19/05/2010 23:58:00,0.1650171393
20/05/2010 23:58:00,0.164771123
21/05/2010 23:58:00,0.1636157965
25/05/2010 23:58:00,0.1635162478
26/05/2010 23:58:00,0.1626298556
27/05/2010 23:58:00,0.1618727617
28/05/2010 23:58:00,0.1597812633
31/05/2010 23:58:00,0.164498587
01/06/2010 23:58:00,0.1620875706
02/06/2010 23:58:00,0.1633647491
03/06/2010 23:58:00,0.1621767276
04/06/2010 23:58:00,0.1614752935
07/06/2010 23:58:00,0.1621449213
08/06/2010 23:58:00,0.161678191
09/06/2010 23:58:00,0.1623278432
10/06/2010 23:58:00,0.1636599262
11/06/2010 23:58:00,0.1645360307
14/06/2010 23:58:00,0.1641317323
15/06/2010 23:58:00,0.1646496759
16/06/2010 23:58:00,0.1649631003
17/06/2010 23:58:00,0.1646554213
18/06/2010 23:58:00,0.1648462352
21/06/2010 23:58:00,0.1636001231
22/06/2010 23:58:00,0.1632416697
23/06/2010 23:58:00,0.1651417037
24/06/2010 23:58:00,0.1635976218
25/06/2010 23:58:00,0.1665735179
28/06/2010 23:58:00,0.1687804159
29/06/2010 23:58:00,0.170199059
30/06/2010 23:58:00,0.169014824
01/07/2010 23:58:00,0.1668798601
02/07/2010 23:58:00,0.1665263761
05/07/2010 23:58:00,0.1666633867
06/07/2010 23:58:00,0.1660945247
07/07/2010 23:58:00,0.166800888
08/07/2010 23:58:00,0.166499252
09/07/2010 23:58:00,0.1668232221
12/07/2010 23:58:00,0.1682433994
13/07/2010 23:58:00,0.1674264876
14/07/2010 23:58:00,0.1664046046
15/07/2010 23:58:00,0.1677095702
16/07/2010 23:58:00,0.1676731129
19/07/2010 23:58:00,0.1678436742
20/07/2010 23:58:00,0.1681554287
21/07/2010 23:58:00,0.1683702978
22/07/2010 23:58:00,0.1691086338
23/07/2010 23:58:00,0.1701893366
26/07/2010 23:58:00,0.1691571357
27/07/2010 23:58:00,0.1703064509
28/07/2010 23:58:00,0.171961629
29/07/2010 23:58:00,0.1712897159
30/07/2010 23:58:00,0.1709546412
02/08/2010 23:58:00,0.1715733146
03/08/2010 23:58:00,0.1704690497
04/08/2010 23:58:00,0.1722538692
05/08/2010 23:58:00,0.1720844358
06/08/2010 23:58:00,0.1702738834
09/08/2010 23:58:00,0.1705079466
10/08/2010 23:58:00,0.1726280286
11/08/2010 23:58:00,0.169923797
12/08/2010 23:58:00,0.1698783855
13/08/2010 23:58:00,0.1697238746
16/08/2010 23:58:00,0.1697835379
17/08/2010 23:58:00,0.1702414372
18/08/2010 23:58:00,0.1704335158
19/08/2010 23:58:00,0.1698739986
20/08/2010 23:58:00,0.1702659764
23/08/2010 23:58:00,0.1698563367
24/08/2010 23:58:00,0.1695115122
25/08/2010 23:58:00,0.1701756145
26/08/2010 23:58:00,0.1707916957
27/08/2010 23:58:00,0.1708651266
30/08/2010 23:58:00,0.1700291545
31/08/2010 23:58:00,0.1716787086
01/09/2010 23:58:00,0.1720535571
02/09/2010 23:58:00,0.1725864292
03/09/2010 23:58:00,0.1731505672
06/09/2010 23:58:00,0.1725571716
07/09/2010 23:58:00,0.1724114921
08/09/2010 23:58:00,0.172857258
09/09/2010 23:58:00,0.172291504
10/09/2010 23:58:00,0.17206664
13/09/2010 23:58:00,0.171830906
14/09/2010 23:58:00,0.17118816
15/09/2010 23:58:00,0.17165808
16/09/2010 23:58:00,0.17109592
17/09/2010 23:58:00,0.17136365
20/09/2010 23:58:00,0.17206632
21/09/2010 23:58:00,0.173445448
22/09/2010 23:58:00,0.172472514
23/09/2010 23:58:00,0.172056147
24/09/2010 23:58:00,0.171574904
27/09/2010 23:58:00,0.171453226
28/09/2010 23:58:00,0.172606517
29/09/2010 23:58:00,0.17266319
30/09/2010 23:58:00,0.173171834
01/10/2010 23:58:00,0.173944596
04/10/2010 23:58:00,0.173497653
05/10/2010 23:58:00,0.173374245
06/10/2010 23:58:00,0.173525358
07/10/2010 23:58:00,0.173095194
08/10/2010 23:58:00,0.173372052
11/10/2010 23:58:00,0.172955433
12/10/2010 23:58:00,0.174604419
13/10/2010 23:58:00,0.1739925
14/10/2010 23:58:00,0.1742377
15/10/2010 23:58:00,0.1734697
18/10/2010 23:58:00,0.17360266
19/10/2010 23:58:00,0.173188884
20/10/2010 23:58:00,0.174949181
21/10/2010 23:58:00,0.17411244
22/10/2010 23:58:00,0.174406586
25/10/2010 23:58:00,0.172685014
26/10/2010 23:58:00,0.172465307
27/10/2010 23:58:00,0.172135796
28/10/2010 23:58:00,0.17231132
29/10/2010 23:58:00,0.172973257
01/11/2010 23:58:00,0.17415972
02/11/2010 23:58:00,0.173637304
03/11/2010 23:58:00,0.175674855
04/11/2010 23:58:00,0.174231533
05/11/2010 23:58:00,0.173452925
08/11/2010 23:58:00,0.1730916
09/11/2010 23:58:00,0.172409818
10/11/2010 23:58:00,0.17345893
11/11/2010 23:58:00,0.172529459
12/11/2010 23:58:00,0.173280684
15/11/2010 23:58:00,0.17314624
16/11/2010 23:58:00,0.173303712
17/11/2010 23:58:00,0.173571942
18/11/2010 23:58:00,0.174077163
19/11/2010 23:58:00,0.17379153
22/11/2010 23:58:00,0.172757842
23/11/2010 23:58:00,0.173671456
24/11/2010 23:58:00,0.173436612
25/11/2010 23:58:00,0.172803936
26/11/2010 23:58:00,0.173707578
29/11/2010 23:58:00,0.172138035
30/11/2010 23:58:00,0.170124971
01/12/2010 23:58:00,0.170798949
02/12/2010 23:58:00,0.170767488
03/12/2010 23:58:00,0.171761736
06/12/2010 23:58:00,0.17194944
07/12/2010 23:58:00,0.16955642
08/12/2010 23:58:00,0.1700335
09/12/2010 23:58:00,0.171375852
10/12/2010 23:58:00,0.169474732
13/12/2010 23:58:00,0.170059188
14/12/2010 23:58:00,0.168601662
15/12/2010 23:58:00,0.16816842
16/12/2010 23:58:00,0.17030226
17/12/2010 23:58:00,0.16979274
20/12/2010 23:58:00,0.169084344
21/12/2010 23:58:00,0.168358275
22/12/2010 23:58:00,0.16900268
23/12/2010 23:58:00,0.169246623
24/12/2010 23:58:00,0.168952962
27/12/2010 23:58:00,0.16810255
28/12/2010 23:58:00,0.167087433
29/12/2010 23:58:00,0.168404094
30/12/2010 23:58:00,0.170154864
03/01/2011 23:58:00,0.168879304
04/01/2011 23:58:00,0.170997156
05/01/2011 23:58:00,0.171086198
06/01/2011 23:58:00,0.17120774
07/01/2011 23:58:00,0.17239425
10/01/2011 23:58:00,0.172802806
11/01/2011 23:58:00,0.173388579
12/01/2011 23:58:00,0.17352156
13/01/2011 23:58:00,0.17367324
14/01/2011 23:58:00,0.174675
17/01/2011 23:58:00,0.174280209
18/01/2011 23:58:00,0.173669034
19/01/2011 23:58:00,0.174012068
20/01/2011 23:58:00,0.175247616
21/01/2011 23:58:00,0.175516323
24/01/2011 23:58:00,0.17541391
25/01/2011 23:58:00,0.1760653
26/01/2011 23:58:00,0.17597756
27/01/2011 23:58:00,0.175135953
28/01/2011 23:58:00,0.175000077
31/01/2011 23:58:00,0.174561037
01/02/2011 23:58:00,0.176883204
02/02/2011 23:58:00,0.175945488
03/02/2011 23:58:00,0.176436287
04/02/2011 23:58:00,0.176644944
07/02/2011 23:58:00,0.175567309
08/02/2011 23:58:00,0.175646
09/02/2011 23:58:00,0.175406085
10/02/2011 23:58:00,0.174962202
11/02/2011 23:58:00,0.17551908
14/02/2011 23:58:00,0.174007317
15/02/2011 23:58:00,0.173957728
16/02/2011 23:58:00,0.173235379
17/02/2011 23:58:00,0.17275383
18/02/2011 23:58:00,0.172952339
21/02/2011 23:58:00,0.171246482
22/02/2011 23:58:00,0.1717728
23/02/2011 23:58:00,0.171754665
24/02/2011 23:58:00,0.17249757
25/02/2011 23:58:00,0.17210232
28/02/2011 23:58:00,0.17273443
01/03/2011 23:58:00,0.171678194
02/03/2011 23:58:00,0.172709208
03/03/2011 23:58:00,0.172763955
04/03/2011 23:58:00,0.17286225
07/03/2011 23:58:00,0.17271
08/03/2011 23:58:00,0.172014594
09/03/2011 23:58:00,0.172041282
10/03/2011 23:58:00,0.1716112
11/03/2011 23:58:00,0.172299956
14/03/2011 23:58:00,0.17160429
15/03/2011 23:58:00,0.171156315
16/03/2011 23:58:00,0.16959
17/03/2011 23:58:00,0.170257977
18/03/2011 23:58:00,0.17024916
21/03/2011 23:58:00,0.17008728
22/03/2011 23:58:00,0.168130292
23/03/2011 23:58:00,0.167682372
24/03/2011 23:58:00,0.166227992
25/03/2011 23:58:00,0.166562997
28/03/2011 23:58:00,0.166645152
29/03/2011 23:58:00,0.167612718
30/03/2011 23:58:00,0.16711056
31/03/2011 23:58:00,0.167177523
01/04/2011 23:58:00,0.16907643
03/04/2011 23:58:00,0.1686988
04/04/2011 23:58:00,0.1685481
05/04/2011 23:58:00,0.168260188
06/04/2011 23:58:00,0.167570403
07/04/2011 23:58:00,0.16811024
08/04/2011 23:58:00,0.168544888
09/04/2011 23:58:00,0.167918856
11/04/2011 23:58:00,0.1678724
12/04/2011 23:58:00,0.168103111
13/04/2011 23:58:00,0.1679619
14/04/2011 23:58:00,0.16949997
15/04/2011 23:58:00,0.16839807
17/04/2011 23:58:00,0.168228114
18/04/2011 23:58:00,0.169329105
19/04/2011 23:58:00,0.168970571
20/04/2011 23:58:00,0.16841611
21/04/2011 23:58:00,0.168904186
24/04/2011 23:58:00,0.167811952
26/04/2011 23:58:00,0.169833537
27/04/2011 23:58:00,0.169646742
28/04/2011 23:58:00,0.169496956
29/04/2011 23:58:00,0.168254202
30/04/2011 23:58:00,0.16819919
02/05/2011 23:58:00,0.168608205
03/05/2011 23:58:00,0.169001
04/05/2011 23:58:00,0.169255254
05/05/2011 23:58:00,0.168551682
06/05/2011 23:58:00,0.167856921
07/05/2011 23:58:00,0.170409231
09/05/2011 23:58:00,0.169832258
10/05/2011 23:58:00,0.168882658
11/05/2011 23:58:00,0.16704812
12/05/2011 23:58:00,0.1690299
13/05/2011 23:58:00,0.16792545
15/05/2011 23:58:00,0.167285734
16/05/2011 23:58:00,0.16707012
17/05/2011 23:58:00,0.1692453
18/05/2011 23:58:00,0.16798372
19/05/2011 23:58:00,0.168805056
20/05/2011 23:58:00,0.167642892
21/05/2011 23:58:00,0.167671906
23/05/2011 23:58:00,0.167944224
24/05/2011 23:58:00,0.167451048
25/05/2011 23:58:00,0.167081712
26/05/2011 23:58:00,0.168115146
27/05/2011 23:58:00,0.168154992
28/05/2011 23:58:00,0.167866512
30/05/2011 23:58:00,0.16864317
31/05/2011 23:58:00,0.168237525
01/06/2011 23:58:00,0.167128533
02/06/2011 23:58:00,0.169329648
03/06/2011 23:58:00,0.16981075
05/06/2011 23:58:00,0.16975425
06/06/2011 23:58:00,0.169544595
07/06/2011 23:58:00,0.171603096
08/06/2011 23:58:00,0.172236675
09/06/2011 23:58:00,0.172076897
10/06/2011 23:58:00,0.172040576
11/06/2011 23:58:00,0.172342998
13/06/2011 23:58:00,0.173169116
14/06/2011 23:58:00,0.172026225
15/06/2011 23:58:00,0.17140984
16/06/2011 23:58:00,0.175205145
17/06/2011 23:58:00,0.174947136
18/06/2011 23:58:00,0.175551365
20/06/2011 23:58:00,0.176085243
21/06/2011 23:58:00,0.174414408
22/06/2011 23:58:00,0.171531796
23/06/2011 23:58:00,0.174450486
24/06/2011 23:58:00,0.172118016
25/06/2011 23:58:00,0.17283072
27/06/2011 23:58:00,0.17326383
28/06/2011 23:58:00,0.172190031
29/06/2011 23:58:00,0.174149568
30/06/2011 23:58:00,0.17329248
01/07/2011 23:58:00,0.174390929
02/07/2011 23:58:00,0.174332575
04/07/2011 23:58:00,0.17279892
05/07/2011 23:58:00,0.171564198
06/07/2011 23:58:00,0.1731473
07/07/2011 23:58:00,0.173548128
08/07/2011 23:58:00,0.174150018
10/07/2011 23:58:00,0.173335722
11/07/2011 23:58:00,0.174309954
12/07/2011 23:58:00,0.175839547
13/07/2011 23:58:00,0.175738521
14/07/2011 23:58:00,0.17406591
15/07/2011 23:58:00,0.174302931
16/07/2011 23:58:00,0.174121536
18/07/2011 23:58:00,0.174817062
19/07/2011 23:58:00,0.173445186
20/07/2011 23:58:00,0.173832523
21/07/2011 23:58:00,0.173743104
22/07/2011 23:58:00,0.173748992
24/07/2011 23:58:00,0.174044082
25/07/2011 23:58:00,0.174123994
26/07/2011 23:58:00,0.173835948
27/07/2011 23:58:00,0.174178729
28/07/2011 23:58:00,0.175468835
29/07/2011 23:58:00,0.175381632
30/07/2011 23:58:00,0.174969108
01/08/2011 23:58:00,0.175447272
02/08/2011 23:58:00,0.173482698
03/08/2011 23:58:00,0.174202665
04/08/2011 23:58:00,0.17320785
05/08/2011 23:58:00,0.17655833
06/08/2011 23:58:00,0.17488309
08/08/2011 23:58:00,0.174404376
09/08/2011 23:58:00,0.17853279
10/08/2011 23:58:00,0.176021219
11/08/2011 23:58:00,0.176698944
15/08/2011 23:58:00,0.17469816
16/08/2011 23:58:00,0.17446842
17/08/2011 23:58:00,0.173796126
18/08/2011 23:58:00,0.173779168
19/08/2011 23:58:00,0.173874708
20/08/2011 23:58:00,0.174052494
22/08/2011 23:58:00,0.173625606
23/08/2011 23:58:00,0.174509984
24/08/2011 23:58:00,0.17494192
25/08/2011 23:58:00,0.17484735
26/08/2011 23:58:00,0.176420512
27/08/2011 23:58:00,0.175863888
29/08/2011 23:58:00,0.17529634
30/08/2011 23:58:00,0.175139432
31/08/2011 23:58:00,0.174730724
01/09/2011 23:58:00,0.17452134
02/09/2011 23:58:00,0.173527668
03/09/2011 23:58:00,0.173527668
05/09/2011 23:58:00,0.172577603
06/09/2011 23:58:00,0.173288478
07/09/2011 23:58:00,0.17357626
08/09/2011 23:58:00,0.17389229
09/09/2011 23:58:00,0.1742504
11/09/2011 23:58:00,0.173671344
12/09/2011 23:58:00,0.17407213
13/09/2011 23:58:00,0.174078765
14/09/2011 23:58:00,0.175670537
15/09/2011 23:58:00,0.17405587
16/09/2011 23:58:00,0.17458856
19/09/2011 23:58:00,0.173647575
20/09/2011 23:58:00,0.172294115
21/09/2011 23:58:00,0.17025426
22/09/2011 23:58:00,0.17361981
23/09/2011 23:58:00,0.17398278
24/09/2011 23:58:00,0.173628
26/09/2011 23:58:00,0.17438242
27/09/2011 23:58:00,0.175376145
28/09/2011 23:58:00,0.174716392
29/09/2011 23:58:00,0.17569312
30/09/2011 23:58:00,0.175326752
03/10/2011 23:58:00,0.172047932
04/10/2011 23:58:00,0.173879943
05/10/2011 23:58:00,0.174037458
06/10/2011 23:58:00,0.1742986
07/10/2011 23:58:00,0.171105945
09/10/2011 23:58:00,0.170882694
10/10/2011 23:58:00,0.173986475
11/10/2011 23:58:00,0.17404992
12/10/2011 23:58:00,0.174267368
13/10/2011 23:58:00,0.17440507
14/10/2011 23:58:00,0.174958384
15/10/2011 23:58:00,0.174584008
17/10/2011 23:58:00,0.173766775
18/10/2011 23:58:00,0.17470538
19/10/2011 23:58:00,0.173722575
20/10/2011 23:58:00,0.173989708
21/10/2011 23:58:00,0.173247192
22/10/2011 23:58:00,0.173153646
24/10/2011 23:58:00,0.17321733
25/10/2011 23:58:00,0.173011386
26/10/2011 23:58:00,0.17317486
27/10/2011 23:58:00,0.175014995
28/10/2011 23:58:00,0.174303564
31/10/2011 23:58:00,0.1730715
01/11/2011 23:58:00,0.171542482
02/11/2011 23:58:00,0.17215324
03/11/2011 23:58:00,0.17454236
04/11/2011 23:58:00,0.174797925
05/11/2011 23:58:00,0.174354195
07/11/2011 23:58:00,0.17322396
08/11/2011 23:58:00,0.17294046
09/11/2011 23:58:00,0.170482068
10/11/2011 23:58:00,0.16900448
11/11/2011 23:58:00,0.168608168
13/11/2011 23:58:00,0.169357672
14/11/2011 23:58:00,0.16881918
15/11/2011 23:58:00,0.168543869
16/11/2011 23:58:00,0.168682286
17/11/2011 23:58:00,0.169949618
18/11/2011 23:58:00,0.17125601
19/11/2011 23:58:00,0.171352856
21/11/2011 23:58:00,0.169575758
22/11/2011 23:58:00,0.171223728
23/11/2011 23:58:00,0.16915248
24/11/2011 23:58:00,0.16868352
25/11/2011 23:58:00,0.16695243
26/11/2011 23:58:00,0.16698534
27/11/2011 23:58:00,0.16807137
28/11/2011 23:58:00,0.168913969
29/11/2011 23:58:00,0.168868563
30/11/2011 23:58:00,0.171263148
01/12/2011 23:58:00,0.17192295
02/12/2011 23:58:00,0.172988595
04/12/2011 23:58:00,0.173509155
05/12/2011 23:58:00,0.171437784
06/12/2011 23:58:00,0.171806352
07/12/2011 23:58:00,0.172165561
08/12/2011 23:58:00,0.170303892
09/12/2011 23:58:00,0.170580924
10/12/2011 23:58:00,0.170353872
12/12/2011 23:58:00,0.168786522
13/12/2011 23:58:00,0.168297586
14/12/2011 23:58:00,0.169088539
15/12/2011 23:58:00,0.1706853
16/12/2011 23:58:00,0.170920944
18/12/2011 23:58:00,0.170671688
19/12/2011 23:58:00,0.169178625
20/12/2011 23:58:00,0.168552326
21/12/2011 23:58:00,0.1680718
22/12/2011 23:58:00,0.167046228
23/12/2011 23:58:00,0.166357464
24/12/2011 23:58:00,0.166192884
26/12/2011 23:58:00,0.16639038
27/12/2011 23:58:00,0.166044024
28/12/2011 23:58:00,0.166173575
29/12/2011 23:58:00,0.167229426
30/12/2011 23:58:00,0.1678014
31/12/2011 23:58:00,0.1678014
02/01/2012 23:58:00,0.169686777
03/01/2012 23:58:00,0.167880789
04/01/2012 23:58:00,0.16702318
05/01/2012 23:58:00,0.167938425
06/01/2012 23:58:00,0.168049165
07/01/2012 23:58:00,0.167980755
09/01/2012 23:58:00,0.16918508
10/01/2012 23:58:00,0.168492548
11/01/2012 23:58:00,0.16873658
12/01/2012 23:58:00,0.169779054
13/01/2012 23:58:00,0.169462828
14/01/2012 23:58:00,0.16957897
16/01/2012 23:58:00,0.167828514
17/01/2012 23:58:00,0.16892767
18/01/2012 23:58:00,0.170170308
19/01/2012 23:58:00,0.172020094
20/01/2012 23:58:00,0.170627175
21/01/2012 23:58:00,0.17059362
23/01/2012 23:58:00,0.1708385
24/01/2012 23:58:00,0.17175816
25/01/2012 23:58:00,0.17158027
26/01/2012 23:58:00,0.170214534
27/01/2012 23:58:00,0.17302752
28/01/2012 23:58:00,0.172660606
30/01/2012 23:58:00,0.1718132
31/01/2012 23:58:00,0.1714668
01/02/2012 23:58:00,0.17214342
02/02/2012 23:58:00,0.1733392
03/02/2012 23:58:00,0.17426544
04/02/2012 23:58:00,0.1733392
06/02/2012 23:58:00,0.173742975
07/02/2012 23:58:00,0.175217405
08/02/2012 23:58:00,0.175031005
09/02/2012 23:58:00,0.172833345
10/02/2012 23:58:00,0.172431504
11/02/2012 23:58:00,0.172068768
12/02/2012 23:58:00,0.172827216
13/02/2012 23:58:00,0.17295393
14/02/2012 23:58:00,0.173067635
15/02/2012 23:58:00,0.17204658
16/02/2012 23:58:00,0.17280386
17/02/2012 23:58:00,0.173746664
18/02/2012 23:58:00,0.173945156
19/02/2012 23:58:00,0.17483837
20/02/2012 23:58:00,0.174548474
21/02/2012 23:58:00,0.174648936
22/02/2012 23:58:00,0.172971158
23/02/2012 23:58:00,0.173562485
24/02/2012 23:58:00,0.173649987
25/02/2012 23:58:00,0.173811582
27/02/2012 23:58:00,0.173624555
28/02/2012 23:58:00,0.173929643
29/02/2012 23:58:00,0.174218646
01/03/2012 23:58:00,0.1755475
02/03/2012 23:58:00,0.175372061
03/03/2012 23:58:00,0.17540497
04/03/2012 23:58:00,0.175569515
05/03/2012 23:58:00,0.17488872
06/03/2012 23:58:00,0.174762742
07/03/2012 23:58:00,0.174978243
08/03/2012 23:58:00,0.175257205
09/03/2012 23:58:00,0.176696985
12/03/2012 23:58:00,0.176944346
13/03/2012 23:58:00,0.177516727
14/03/2012 23:58:00,0.17693405
15/03/2012 23:58:00,0.178586106
16/03/2012 23:58:00,0.178494443
17/03/2012 23:58:00,0.178527676
19/03/2012 23:58:00,0.178649542
20/03/2012 23:58:00,0.178743984
21/03/2012 23:58:00,0.177134562
22/03/2012 23:58:00,0.176559631
23/03/2012 23:58:00,0.17744958
24/03/2012 23:58:00,0.177317892
26/03/2012 23:58:00,0.17698454
27/03/2012 23:58:00,0.17766218
28/03/2012 23:58:00,0.176762104
29/03/2012 23:58:00,0.176893885
30/03/2012 23:58:00,0.176459456
31/03/2012 23:58:00,0.176623696
02/04/2012 23:58:00,0.176792755
03/04/2012 23:58:00,0.177404455
04/04/2012 23:58:00,0.17719585
05/04/2012 23:58:00,0.177254838
06/04/2012 23:58:00,0.17707032
07/04/2012 23:58:00,0.177154524
08/04/2012 23:58:00,0.177288276
09/04/2012 23:58:00,0.17648384
10/04/2012 23:58:00,0.17577342
11/04/2012 23:58:00,0.175736625
12/04/2012 23:58:00,0.176184112
13/04/2012 23:58:00,0.17636435
14/04/2012 23:58:00,0.177233634
16/04/2012 23:58:00,0.1763469
17/04/2012 23:58:00,0.176461999
18/04/2012 23:58:00,0.176388534
19/04/2012 23:58:00,0.176073898
20/04/2012 23:58:00,0.1751586
22/04/2012 23:58:00,0.1748278
23/04/2012 23:58:00,0.174821543
24/04/2012 23:58:00,0.175375077
25/04/2012 23:58:00,0.17640816
26/04/2012 23:58:00,0.175877944
27/04/2012 23:58:00,0.176697148
30/04/2012 23:58:00,0.178393604
01/05/2012 23:58:00,0.17886096
02/05/2012 23:58:00,0.176744719
03/05/2012 23:58:00,0.17558079
04/05/2012 23:58:00,0.17452142
06/05/2012 23:58:00,0.17310938
07/05/2012 23:58:00,0.175268688
08/05/2012 23:58:00,0.17436522
09/05/2012 23:58:00,0.174536832
10/05/2012 23:58:00,0.174818982
11/05/2012 23:58:00,0.175022694
12/05/2012 23:58:00,0.175159886
13/05/2012 23:58:00,0.1752513
14/05/2012 23:58:00,0.174629004
15/05/2012 23:58:00,0.172964961
16/05/2012 23:58:00,0.173781504
17/05/2012 23:58:00,0.17400527
18/05/2012 23:58:00,0.175581014
19/05/2012 23:58:00,0.175546273
21/05/2012 23:58:00,0.17690464
22/05/2012 23:58:00,0.175760496
23/05/2012 23:58:00,0.17502093
24/05/2012 23:58:00,0.175360674
25/05/2012 23:58:00,0.17592575
27/05/2012 23:58:00,0.176319
28/05/2012 23:58:00,0.17664075
29/05/2012 23:58:00,0.1752485
30/05/2012 23:58:00,0.173558054
31/05/2012 23:58:00,0.174137568
01/06/2012 23:58:00,0.172955496
03/06/2012 23:58:00,0.172202268
04/06/2012 23:58:00,0.17333634
05/06/2012 23:58:00,0.1738725
06/06/2012 23:58:00,0.1753497
07/06/2012 23:58:00,0.176078412
08/06/2012 23:58:00,0.175630425
10/06/2012 23:58:00,0.177449136
11/06/2012 23:58:00,0.17378075
12/06/2012 23:58:00,0.173644482
13/06/2012 23:58:00,0.174811914
14/06/2012 23:58:00,0.175518448
15/06/2012 23:58:00,0.175676706
16/06/2012 23:58:00,0.175394154
18/06/2012 23:58:00,0.174270096
19/06/2012 23:58:00,0.17537355
20/06/2012 23:58:00,0.174037552
21/06/2012 23:58:00,0.172520964
22/06/2012 23:58:00,0.17306032
23/06/2012 23:58:00,0.173202464
24/06/2012 23:58:00,0.172669424
25/06/2012 23:58:00,0.172370242
26/06/2012 23:58:00,0.171648978
27/06/2012 23:58:00,0.171692331
28/06/2012 23:58:00,0.172447458
29/06/2012 23:58:00,0.174169998
30/06/2012 23:58:00,0.17420512
02/07/2012 23:58:00,0.173913061
03/07/2012 23:58:00,0.173917356
04/07/2012 23:58:00,0.175020234
05/07/2012 23:58:00,0.174493312
06/07/2012 23:58:00,0.17616276
07/07/2012 23:58:00,0.17616276
09/07/2012 23:58:00,0.178050722
10/07/2012 23:58:00,0.177812943
11/07/2012 23:58:00,0.178045868
12/07/2012 23:58:00,0.178503495
13/07/2012 23:58:00,0.179064144
14/07/2012 23:58:00,0.179064144
16/07/2012 23:58:00,0.179850429
17/07/2012 23:58:00,0.180482696
18/07/2012 23:58:00,0.180382804
19/07/2012 23:58:00,0.17976636
20/07/2012 23:58:00,0.1796355
21/07/2012 23:58:00,0.1796355
23/07/2012 23:58:00,0.181219024
24/07/2012 23:58:00,0.180715272
25/07/2012 23:58:00,0.180680544
26/07/2012 23:58:00,0.18166093
27/07/2012 23:58:00,0.18152448
29/07/2012 23:58:00,0.18122592
30/07/2012 23:58:00,0.181013938
31/07/2012 23:58:00,0.180581736
01/08/2012 23:58:00,0.18216044
02/08/2012 23:58:00,0.1819958
03/08/2012 23:58:00,0.182948624
04/08/2012 23:58:00,0.18298593
06/08/2012 23:58:00,0.181628721
07/08/2012 23:58:00,0.180454752
08/08/2012 23:58:00,0.1801839
09/08/2012 23:58:00,0.181156044
10/08/2012 23:58:00,0.180439161
11/08/2012 23:58:00,0.180476038
13/08/2012 23:58:00,0.180322534
14/08/2012 23:58:00,0.17892531
15/08/2012 23:58:00,0.17950842
16/08/2012 23:58:00,0.179968306
17/08/2012 23:58:00,0.17965298
18/08/2012 23:58:00,0.179507512
19/08/2012 23:58:00,0.179398411
20/08/2012 23:58:00,0.18059032
22/08/2012 23:58:00,0.180758754
23/08/2012 23:58:00,0.179873724
24/08/2012 23:58:00,0.179325015
25/08/2012 23:58:00,0.179325015
26/08/2012 23:58:00,0.1799627151
27/08/2012 23:58:00,0.179672103
28/08/2012 23:58:00,0.17946305
29/08/2012 23:58:00,0.180022095
30/08/2012 23:58:00,0.179393018
31/08/2012 23:58:00,0.179556864
01/09/2012 23:58:00,0.17987712
02/09/2012 23:58:00,0.17934336
03/09/2012 23:58:00,0.180104832
04/09/2012 23:58:00,0.180172853
05/09/2012 23:58:00,0.18060924
06/09/2012 23:58:00,0.181548444
07/09/2012 23:58:00,0.181556508
08/09/2012 23:58:00,0.18204522
09/09/2012 23:58:00,0.1828462773
10/09/2012 23:58:00,0.18152546
11/09/2012 23:58:00,0.183890602
12/09/2012 23:58:00,0.183340124
13/09/2012 23:58:00,0.184329222
14/09/2012 23:58:00,0.184443112
15/09/2012 23:58:00,0.184203264
16/09/2012 23:58:00,0.1847036949
17/09/2012 23:58:00,0.182818935
18/09/2012 23:58:00,0.181174484
19/09/2012 23:58:00,0.18066472
20/09/2012 23:58:00,0.180797162
21/09/2012 23:58:00,0.181339456
22/09/2012 23:58:00,0.181617584
24/09/2012 23:58:00,0.180837624
25/09/2012 23:58:00,0.180704508
26/09/2012 23:58:00,0.180701248
27/09/2012 23:58:00,0.179877192
28/09/2012 23:58:00,0.180008325
29/09/2012 23:58:00,0.18025525
30/09/2012 23:58:00,0.1807433623
01/10/2012 23:58:00,0.179776579
02/10/2012 23:58:00,0.180673339
03/10/2012 23:58:00,0.18077655
04/10/2012 23:58:00,0.18245624
05/10/2012 23:58:00,0.183576186
06/10/2012 23:58:00,0.1837932676
07/10/2012 23:58:00,0.183085528
08/10/2012 23:58:00,0.182630176
09/10/2012 23:58:00,0.1831546
10/10/2012 23:58:00,0.18241574
11/10/2012 23:58:00,0.183014945
12/10/2012 23:58:00,0.182320425
13/10/2012 23:58:00,0.182355656
14/10/2012 23:58:00,0.182003346
15/10/2012 23:58:00,0.183608954
16/10/2012 23:58:00,0.18439344
17/10/2012 23:58:00,0.184599585
18/10/2012 23:58:00,0.184479246
19/10/2012 23:58:00,0.183658167
20/10/2012 23:58:00,0.183833782
21/10/2012 23:58:00,0.183587921
22/10/2012 23:58:00,0.183704502
23/10/2012 23:58:00,0.18324966
24/10/2012 23:58:00,0.182473719
25/10/2012 23:58:00,0.182562897
26/10/2012 23:58:00,0.182350476
27/10/2012 23:58:00,0.182350476
28/10/2012 23:58:00,0.1826749642
29/10/2012 23:58:00,0.18147662
30/10/2012 23:58:00,0.18124045
31/10/2012 23:58:00,0.180817791
01/11/2012 23:58:00,0.17942872
02/11/2012 23:58:00,0.178908975
03/11/2012 23:58:00,0.178908975
04/11/2012 23:58:00,0.17873271
05/11/2012 23:58:00,0.179173472
06/11/2012 23:58:00,0.17836904
07/11/2012 23:58:00,0.17759277
08/11/2012 23:58:00,0.177315898
09/11/2012 23:58:00,0.177901132
10/11/2012 23:58:00,0.177901132
11/11/2012 23:58:00,0.1783740959
12/11/2012 23:58:00,0.178298702
13/11/2012 23:58:00,0.177762742
14/11/2012 23:58:00,0.178315
15/11/2012 23:58:00,0.17735
16/11/2012 23:58:00,0.177310784
17/11/2012 23:58:00,0.177026176
18/11/2012 23:58:00,0.1779766643
19/11/2012 23:58:00,0.178515925
20/11/2012 23:58:00,0.178613462
21/11/2012 23:58:00,0.177629589
22/11/2012 23:58:00,0.1778105
23/11/2012 23:58:00,0.17847612
24/11/2012 23:58:00,0.17847612
25/11/2012 23:58:00,0.1789466301
26/11/2012 23:58:00,0.17852574
27/11/2012 23:58:00,0.177640533
28/11/2012 23:58:00,0.178521752
29/11/2012 23:58:00,0.178912303
30/11/2012 23:58:00,0.178027872
01/12/2012 23:58:00,0.178270464
02/12/2012 23:58:00,0.1790851927
03/12/2012 23:58:00,0.178508064
04/12/2012 23:58:00,0.179208937
05/12/2012 23:58:00,0.179550751
06/12/2012 23:58:00,0.179967984
07/12/2012 23:58:00,0.17924851
08/12/2012 23:58:00,0.17959881
09/12/2012 23:58:00,0.1800478526
10/12/2012 23:58:00,0.179181989
11/12/2012 23:58:00,0.179497626
12/12/2012 23:58:00,0.17889948
13/12/2012 23:58:00,0.17683468
14/12/2012 23:58:00,0.177025728
15/12/2012 23:58:00,0.176652256
16/12/2012 23:58:00,0.1769902039
17/12/2012 23:58:00,0.176939735
18/12/2012 23:58:00,0.176955075
19/12/2012 23:58:00,0.177252444
20/12/2012 23:58:00,0.176329657
21/12/2012 23:58:00,0.176598051
22/12/2012 23:58:00,0.1767905207
23/12/2012 23:58:00,0.1773128475
24/12/2012 23:58:00,0.175664662
25/12/2012 23:58:00,0.175591373
26/12/2012 23:58:00,0.176046129
27/12/2012 23:58:00,0.176394279
28/12/2012 23:58:00,0.176478665
29/12/2012 23:58:00,0.176579414
30/12/2012 23:58:00,0.1777417499
31/12/2012 23:58:00,0.176332576
01/01/2013 23:58:00,0.17670975
02/01/2013 23:58:00,0.1748912
03/01/2013 23:58:00,0.174436416
04/01/2013 23:58:00,0.174061945
05/01/2013 23:58:00,0.17449961
06/01/2013 23:58:00,0.1741411171
07/01/2013 23:58:00,0.17179789
08/01/2013 23:58:00,0.172003464
09/01/2013 23:58:00,0.171482415
10/01/2013 23:58:00,0.170211216
11/01/2013 23:58:00,0.170353047
12/01/2013 23:58:00,0.170714034
14/01/2013 23:58:00,0.171082175
15/01/2013 23:58:00,0.169299274
16/01/2013 23:58:00,0.168929802
17/01/2013 23:58:00,0.169050227
18/01/2013 23:58:00,0.169133162
19/01/2013 23:58:00,0.169133162
20/01/2013 23:58:00,0.169761351
21/01/2013 23:58:00,0.169680576
22/01/2013 23:58:00,0.169800084
23/01/2013 23:58:00,0.170339303
24/01/2013 23:58:00,0.17008054
25/01/2013 23:58:00,0.170627358
26/01/2013 23:58:00,0.17069226
27/01/2013 23:58:00,0.1708283
28/01/2013 23:58:00,0.170867916
29/01/2013 23:58:00,0.170353085
30/01/2013 23:58:00,0.17101791
31/01/2013 23:58:00,0.170318568
01/02/2013 23:58:00,0.16984035
02/02/2013 23:58:00,0.170519501
03/02/2013 23:58:00,0.169744395
04/02/2013 23:58:00,0.169993995
05/02/2013 23:58:00,0.17045868
06/02/2013 23:58:00,0.17271332
07/02/2013 23:58:00,0.173897283
08/02/2013 23:58:00,0.17391404
09/02/2013 23:58:00,0.17391404
10/02/2013 23:58:00,0.1743668916
11/02/2013 23:58:00,0.173906582
12/02/2013 23:58:00,0.173556519
13/02/2013 23:58:00,0.17236044
14/02/2013 23:58:00,0.172420336
15/02/2013 23:58:00,0.172146204
16/02/2013 23:58:00,0.172146204
17/02/2013 23:58:00,0.1727125772
18/02/2013 23:58:00,0.172494074
19/02/2013 23:58:00,0.172259388
20/02/2013 23:58:00,0.172063276
21/02/2013 23:58:00,0.171759119
22/02/2013 23:58:00,0.171446762
23/02/2013 23:58:00,0.171446762
24/02/2013 23:58:00,0.1717201868
25/02/2013 23:58:00,0.171330168
26/02/2013 23:58:00,0.171123247
27/02/2013 23:58:00,0.170360125
28/02/2013 23:58:00,0.16960509
01/03/2013 23:58:00,0.169587423
02/03/2013 23:58:00,0.169754768
03/03/2013 23:58:00,0.1702756833
04/03/2013 23:58:00,0.169627968
05/03/2013 23:58:00,0.17019054
06/03/2013 23:58:00,0.170431776
07/03/2013 23:58:00,0.170759718
08/03/2013 23:58:00,0.170776379
09/03/2013 23:58:00,0.170776379
10/03/2013 23:58:00,0.1710919164
11/03/2013 23:58:00,0.170901585
12/03/2013 23:58:00,0.17031612
13/03/2013 23:58:00,0.171388288
14/03/2013 23:58:00,0.17170286
15/03/2013 23:58:00,0.171156
16/03/2013 23:58:00,0.17139092
17/03/2013 23:58:00,0.1724114249
18/03/2013 23:58:00,0.171775932
19/03/2013 23:58:00,0.171975186
20/03/2013 23:58:00,0.171472171
21/03/2013 23:58:00,0.171219237
22/03/2013 23:58:00,0.171064386
23/03/2013 23:58:00,0.17133689
25/03/2013 23:58:00,0.170766368
26/03/2013 23:58:00,0.17102292
27/03/2013 23:58:00,0.170962848
28/03/2013 23:58:00,0.171107515
29/03/2013 23:58:00,0.17134856
30/03/2013 23:58:00,0.17134856
31/03/2013 23:58:00,0.1712081007
01/04/2013 23:58:00,0.17089811
02/04/2013 23:58:00,0.17059185
03/04/2013 23:58:00,0.170975052
04/04/2013 23:58:00,0.171490243
05/04/2013 23:58:00,0.170796132
07/04/2013 23:58:00,0.171135822
08/04/2013 23:58:00,0.170887407
09/04/2013 23:58:00,0.170732887
10/04/2013 23:58:00,0.169087053
11/04/2013 23:58:00,0.169463673
12/04/2013 23:58:00,0.168657941
13/04/2013 23:58:00,0.168858287
14/04/2013 23:58:00,0.168691332
15/04/2013 23:58:00,0.168969565
16/04/2013 23:58:00,0.168720904
17/04/2013 23:58:00,0.168548388
18/04/2013 23:58:00,0.169239248
19/04/2013 23:58:00,0.16854336
20/04/2013 23:58:00,0.1689448737
21/04/2013 23:58:00,0.16854336
22/04/2013 23:58:00,0.167595792
23/04/2013 23:58:00,0.167332165
24/04/2013 23:58:00,0.167837046
25/04/2013 23:58:00,0.16822633
26/04/2013 23:58:00,0.168274065
27/04/2013 23:58:00,0.168274065
28/04/2013 23:58:00,0.16850727
29/04/2013 23:58:00,0.167976732
30/04/2013 23:58:00,0.1674693
01/05/2013 23:58:00,0.167271992
02/05/2013 23:58:00,0.168003
03/05/2013 23:58:00,0.167344848
04/05/2013 23:58:00,0.167344848
05/05/2013 23:58:00,0.16761536
06/05/2013 23:58:00,0.167332095
07/05/2013 23:58:00,0.16651365
08/05/2013 23:58:00,0.166808811
09/05/2013 23:58:00,0.167356344
10/05/2013 23:58:00,0.16758494
11/05/2013 23:58:00,0.16741852
12/05/2013 23:58:00,0.1676920715
13/05/2013 23:58:00,0.16682799
14/05/2013 23:58:00,0.16703027
15/05/2013 23:58:00,0.166509898
16/05/2013 23:58:00,0.166536787
17/05/2013 23:58:00,0.1659028
18/05/2013 23:58:00,0.1659028
19/05/2013 23:58:00,0.166206775
20/05/2013 23:58:00,0.165798332
21/05/2013 23:58:00,0.16649325
22/05/2013 23:58:00,0.16602183
23/05/2013 23:58:00,0.166377372
24/05/2013 23:58:00,0.16759448
25/05/2013 23:58:00,0.16759448
26/05/2013 23:58:00,0.1673672527
27/05/2013 23:58:00,0.16712711
28/05/2013 23:58:00,0.166860628
29/05/2013 23:58:00,0.167817015
30/05/2013 23:58:00,0.168962052
31/05/2013 23:58:00,0.170221422
01/06/2013 23:58:00,0.170221422
02/06/2013 23:58:00,0.170390192
03/06/2013 23:58:00,0.17134332
04/06/2013 23:58:00,0.170186247
05/06/2013 23:58:00,0.172615376
06/06/2013 23:58:00,0.175679737
07/06/2013 23:58:00,0.175994284
08/06/2013 23:58:00,0.175994284
09/06/2013 23:58:00,0.175755717
10/06/2013 23:58:00,0.1755429
11/06/2013 23:58:00,0.176125788
12/06/2013 23:58:00,0.175246387
13/06/2013 23:58:00,0.1738256
14/06/2013 23:58:00,0.1726173
15/06/2013 23:58:00,0.1726173
16/06/2013 23:58:00,0.172550588
17/06/2013 23:58:00,0.17361172
18/06/2013 23:58:00,0.174779934
19/06/2013 23:58:00,0.175702053
20/06/2013 23:58:00,0.175107348
21/06/2013 23:58:00,0.17514684
22/06/2013 23:58:00,0.17514684
23/06/2013 23:58:00,0.174593016
24/06/2013 23:58:00,0.174863293
25/06/2013 23:58:00,0.173215101
26/06/2013 23:58:00,0.171295431
27/06/2013 23:58:00,0.170612344
28/06/2013 23:58:00,0.171296454
29/06/2013 23:58:00,0.171365
30/06/2013 23:58:00,0.171296454
01/07/2013 23:58:00,0.170635375
02/07/2013 23:58:00,0.17011698
03/07/2013 23:58:00,0.17021781
04/07/2013 23:58:00,0.171239184
05/07/2013 23:58:00,0.1708738
06/07/2013 23:58:00,0.17108176
07/07/2013 23:58:00,0.17090846
08/07/2013 23:58:00,0.17122521
09/07/2013 23:58:00,0.17137242
10/07/2013 23:58:00,0.170744196
11/07/2013 23:58:00,0.170106996
12/07/2013 23:58:00,0.170269517
13/07/2013 23:58:00,0.170269517
14/07/2013 23:58:00,0.169795323
15/07/2013 23:58:00,0.169974714
16/07/2013 23:58:00,0.17057222
17/07/2013 23:58:00,0.17089944
18/07/2013 23:58:00,0.170552284
19/07/2013 23:58:00,0.170292528
20/07/2013 23:58:00,0.170292528
21/07/2013 23:58:00,0.170860187
22/07/2013 23:58:00,0.17016476
23/07/2013 23:58:00,0.169966404
24/07/2013 23:58:00,0.16941084
25/07/2013 23:58:00,0.16908144
26/07/2013 23:58:00,0.169248551
27/07/2013 23:58:00,0.169248551
28/07/2013 23:58:00,0.169347662
29/07/2013 23:58:00,0.16977075
30/07/2013 23:58:00,0.169910256
31/07/2013 23:58:00,0.17005584
01/08/2013 23:58:00,0.169584084
02/08/2013 23:58:00,0.17058292
03/08/2013 23:58:00,0.170749245
04/08/2013 23:58:00,0.17064945
05/08/2013 23:58:00,0.169508808
06/08/2013 23:58:00,0.169229021
07/08/2013 23:58:00,0.170861757
08/08/2013 23:58:00,0.171600884
09/08/2013 23:58:00,0.171368076
10/08/2013 23:58:00,0.171529182
11/08/2013 23:58:00,0.1713962208
12/08/2013 23:58:00,0.170621336
13/08/2013 23:58:00,0.170846625
14/08/2013 23:58:00,0.171930463
15/08/2013 23:58:00,0.17213112
16/08/2013 23:58:00,0.172283281
17/08/2013 23:58:00,0.172283281
18/08/2013 23:58:00,0.172083223
19/08/2013 23:58:00,0.17213576
20/08/2013 23:58:00,0.172058998
21/08/2013 23:58:00,0.17241256
22/08/2013 23:58:00,0.172542618
23/08/2013 23:58:00,0.172367321
24/08/2013 23:58:00,0.172367321
25/08/2013 23:58:00,0.171837673
26/08/2013 23:58:00,0.172170594
27/08/2013 23:58:00,0.172095384
28/08/2013 23:58:00,0.172692956
29/08/2013 23:58:00,0.172266864
30/08/2013 23:58:00,0.171838898
31/08/2013 23:58:00,0.17197299
02/09/2013 23:58:00,0.17175753
03/09/2013 23:58:00,0.171585408
04/09/2013 23:58:00,0.172590912
05/09/2013 23:58:00,0.173071494
06/09/2013 23:58:00,0.172868082
07/09/2013 23:58:00,0.173071536
08/09/2013 23:58:00,0.172834173
09/09/2013 23:58:00,0.172921288
10/09/2013 23:58:00,0.17257941
11/09/2013 23:58:00,0.173620986
12/09/2013 23:58:00,0.17313114
13/09/2013 23:58:00,0.173184884
14/09/2013 23:58:00,0.173218473
15/09/2013 23:58:00,0.174125376
16/09/2013 23:58:00,0.172958393
17/09/2013 23:58:00,0.17381637
18/09/2013 23:58:00,0.173586888
19/09/2013 23:58:00,0.17265491
20/09/2013 23:58:00,0.172593216
21/09/2013 23:58:00,0.172725168
22/09/2013 23:58:00,0.17269218
23/09/2013 23:58:00,0.171917504
24/09/2013 23:58:00,0.172647195
25/09/2013 23:58:00,0.17204598
26/09/2013 23:58:00,0.174002314
27/09/2013 23:58:00,0.17300704
28/09/2013 23:58:00,0.1734862212
29/09/2013 23:58:00,0.1727104
30/09/2013 23:58:00,0.173361852
01/10/2013 23:58:00,0.173227376
02/10/2013 23:58:00,0.173376282
03/10/2013 23:58:00,0.173138688
04/10/2013 23:58:00,0.17280762
05/10/2013 23:58:00,0.172872892
06/10/2013 23:58:00,0.17280762
07/10/2013 23:58:00,0.17295606
08/10/2013 23:58:00,0.173970858
09/10/2013 23:58:00,0.17393785
10/10/2013 23:58:00,0.17421833
11/10/2013 23:58:00,0.174191908
12/10/2013 23:58:00,0.174323324
14/10/2013 23:58:00,0.174006252
15/10/2013 23:58:00,0.173286126
16/10/2013 23:58:00,0.172756722
17/10/2013 23:58:00,0.173082084
18/10/2013 23:58:00,0.172003488
19/10/2013 23:58:00,0.172003488
20/10/2013 23:58:00,0.172035966
21/10/2013 23:58:00,0.17144619
22/10/2013 23:58:00,0.171713598
23/10/2013 23:58:00,0.171369792
24/10/2013 23:58:00,0.1729676
25/10/2013 23:58:00,0.172752996
26/10/2013 23:58:00,0.17268862
27/10/2013 23:58:00,0.172431116
28/10/2013 23:58:00,0.172474056
29/10/2013 23:58:00,0.172088025
30/10/2013 23:58:00,0.171806688
31/10/2013 23:58:00,0.171720108
01/11/2013 23:58:00,0.17136924
02/11/2013 23:58:00,0.17136924
03/11/2013 23:58:00,0.1720802437
04/11/2013 23:58:00,0.17169044
05/11/2013 23:58:00,0.171714552
06/11/2013 23:58:00,0.171619162
07/11/2013 23:58:00,0.164478886
08/11/2013 23:58:00,0.16438169
09/11/2013 23:58:00,0.1648333168
10/11/2013 23:58:00,0.164281964
11/11/2013 23:58:00,0.164628882
12/11/2013 23:58:00,0.164553404
13/11/2013 23:58:00,0.164435466
14/11/2013 23:58:00,0.163954392
15/11/2013 23:58:00,0.163615221
16/11/2013 23:58:00,0.1639468486
17/11/2013 23:58:00,0.163549287
18/11/2013 23:58:00,0.16388645
19/11/2013 23:58:00,0.16215705
20/11/2013 23:58:00,0.16269948
21/11/2013 23:58:00,0.163122174
22/11/2013 23:58:00,0.1627128
23/11/2013 23:58:00,0.1627128
24/11/2013 23:58:00,0.1635871276
25/11/2013 23:58:00,0.162540007
26/11/2013 23:58:00,0.162150408
27/11/2013 23:58:00,0.1621176
28/11/2013 23:58:00,0.161929167
29/11/2013 23:58:00,0.1616634
30/11/2013 23:58:00,0.1616634
01/12/2013 23:58:00,0.1618264
02/12/2013 23:58:00,0.16150706
03/12/2013 23:58:00,0.162456522
04/12/2013 23:58:00,0.162474903
05/12/2013 23:58:00,0.162462008
06/12/2013 23:58:00,0.161742815
07/12/2013 23:58:00,0.161742815
08/12/2013 23:58:00,0.161872755
09/12/2013 23:58:00,0.16185798
10/12/2013 23:58:00,0.162109875
11/12/2013 23:58:00,0.161795374
12/12/2013 23:58:00,0.16185
13/12/2013 23:58:00,0.161352
14/12/2013 23:58:00,0.1616436
15/12/2013 23:58:00,0.1617408
16/12/2013 23:58:00,0.16156132
17/12/2013 23:58:00,0.161189391
18/12/2013 23:58:00,0.161848649
19/12/2013 23:58:00,0.161887968
20/12/2013 23:58:00,0.162217616
21/12/2013 23:58:00,0.162217616
22/12/2013 23:58:00,0.162086584
23/12/2013 23:58:00,0.16251234
24/12/2013 23:58:00,0.161897184
25/12/2013 23:58:00,0.161506128
26/12/2013 23:58:00,0.16196236
27/12/2013 23:58:00,0.162399816
28/12/2013 23:58:00,0.162399816
29/12/2013 23:58:00,0.162399816
30/12/2013 23:58:00,0.163118895
31/12/2013 23:58:00,0.162778902
01/01/2014 23:58:00,0.162973536
02/01/2014 23:58:00,0.162391374
03/01/2014 23:58:00,0.162437184
04/01/2014 23:58:00,0.162437184
05/01/2014 23:58:00,0.162866912
06/01/2014 23:58:00,0.163318518
07/01/2014 23:58:00,0.16357275
08/01/2014 23:58:00,0.163521225
09/01/2014 23:58:00,0.16543584
10/01/2014 23:58:00,0.165297744
11/01/2014 23:58:00,0.165297744
12/01/2014 23:58:00,0.165629934
13/01/2014 23:58:00,0.165011175
14/01/2014 23:58:00,0.164960758
15/01/2014 23:58:00,0.1644093
16/01/2014 23:58:00,0.164407196
17/01/2014 23:58:00,0.16478856
18/01/2014 23:58:00,0.16478856
19/01/2014 23:58:00,0.16478856
20/01/2014 23:58:00,0.164403719
21/01/2014 23:58:00,0.164088288
22/01/2014 23:58:00,0.16447743
23/01/2014 23:58:00,0.164567702
24/01/2014 23:58:00,0.164712412
25/01/2014 23:58:00,0.164712412
26/01/2014 23:58:00,0.1649113
27/01/2014 23:58:00,0.164670772
28/01/2014 23:58:00,0.16466919
29/01/2014 23:58:00,0.164230367
30/01/2014 23:58:00,0.163295146
31/01/2014 23:58:00,0.16301703
01/02/2014 23:58:00,0.16301703
02/02/2014 23:58:00,0.16295037
03/02/2014 23:58:00,0.162573674
04/02/2014 23:58:00,0.161847
05/02/2014 23:58:00,0.161845488
06/02/2014 23:58:00,0.161948682
07/02/2014 23:58:00,0.162335805
08/02/2014 23:58:00,0.162401435
09/02/2014 23:58:00,0.162270175
10/02/2014 23:58:00,0.161917504
11/02/2014 23:58:00,0.162377258
12/02/2014 23:58:00,0.16270668
13/02/2014 23:58:00,0.163253644
14/02/2014 23:58:00,0.1636362
15/02/2014 23:58:00,0.1636362
16/02/2014 23:58:00,0.16366896
17/02/2014 23:58:00,0.163484108
18/02/2014 23:58:00,0.163748655
19/02/2014 23:58:00,0.16443822
20/02/2014 23:58:00,0.164640174
21/02/2014 23:58:00,0.164421387
22/02/2014 23:58:00,0.164421387
23/02/2014 23:58:00,0.164486985
24/02/2014 23:58:00,0.164813922
25/02/2014 23:58:00,0.16496388
26/02/2014 23:58:00,0.165038964
27/02/2014 23:58:00,0.163929854
28/02/2014 23:58:00,0.164506965
01/03/2014 23:58:00,0.164506965
02/03/2014 23:58:00,0.164050635
03/03/2014 23:58:00,0.165738189
04/03/2014 23:58:00,0.164505094
05/03/2014 23:58:00,0.164065934
06/03/2014 23:58:00,0.164178928
07/03/2014 23:58:00,0.164297475
08/03/2014 23:58:00,0.1643299
09/03/2014 23:58:00,0.1644596
10/03/2014 23:58:00,0.164220393
11/03/2014 23:58:00,0.16435386
12/03/2014 23:58:00,0.16468344
13/03/2014 23:58:00,0.164495088
14/03/2014 23:58:00,0.164369782
15/03/2014 23:58:00,0.164499258
16/03/2014 23:58:00,0.16443452
17/03/2014 23:58:00,0.164470631
18/03/2014 23:58:00,0.164092698
19/03/2014 23:58:00,0.16310145
20/03/2014 23:58:00,0.163183085
21/03/2014 23:58:00,0.163059318
22/03/2014 23:58:00,0.163059318
23/03/2014 23:58:00,0.163091787
24/03/2014 23:58:00,0.162861321
25/03/2014 23:58:00,0.16308349
26/03/2014 23:58:00,0.162791265
27/03/2014 23:58:00,0.163057977
28/03/2014 23:58:00,0.162306912
29/03/2014 23:58:00,0.162371744
30/03/2014 23:58:00,0.162935931
31/03/2014 23:58:00,0.16225304
01/04/2014 23:58:00,0.162214661
02/04/2014 23:58:00,0.162504076
03/04/2014 23:58:00,0.162614804
04/04/2014 23:58:00,0.16229476
05/04/2014 23:58:00,0.162262236
06/04/2014 23:58:00,0.162262236
07/04/2014 23:58:00,0.162662266
08/04/2014 23:58:00,0.162419484
09/04/2014 23:58:00,0.1623777
10/04/2014 23:58:00,0.162299358
11/04/2014 23:58:00,0.16229185
12/04/2014 23:58:00,0.162388261
13/04/2014 23:58:00,0.161938343
14/04/2014 23:58:00,0.16238641
15/04/2014 23:58:00,0.162570324
16/04/2014 23:58:00,0.162395086
17/04/2014 23:58:00,0.162346178
18/04/2014 23:58:00,0.162249332
19/04/2014 23:58:00,0.162249332
20/04/2014 23:58:00,0.162410742
21/04/2014 23:58:00,0.161861948
22/04/2014 23:58:00,0.16229313
23/04/2014 23:58:00,0.162531486
24/04/2014 23:58:00,0.161997576
25/04/2014 23:58:00,0.161979846
26/04/2014 23:58:00,0.1670750384
27/04/2014 23:58:00,0.162172794
28/04/2014 23:58:00,0.162087612
29/04/2014 23:58:00,0.16190564
30/04/2014 23:58:00,0.161419896
01/05/2014 23:58:00,0.16151076
02/05/2014 23:58:00,0.1609993
03/05/2014 23:58:00,0.1613955399
04/05/2014 23:58:00,0.161528606
05/05/2014 23:58:00,0.16161846
06/05/2014 23:58:00,0.161666911
07/05/2014 23:58:00,0.1612578
08/05/2014 23:58:00,0.16166565
09/05/2014 23:58:00,0.161636895
10/05/2014 23:58:00,0.161606781
11/05/2014 23:58:00,0.161671179
12/05/2014 23:58:00,0.161423613
13/05/2014 23:58:00,0.161393445
14/05/2014 23:58:00,0.16144128
15/05/2014 23:58:00,0.161069552
16/05/2014 23:58:00,0.16128698
17/05/2014 23:58:00,0.161414229
18/05/2014 23:58:00,0.1615065383
19/05/2014 23:58:00,0.16122231
20/05/2014 23:58:00,0.161212538
21/05/2014 23:58:00,0.16097352
22/05/2014 23:58:00,0.1604813
23/05/2014 23:58:00,0.160603049
25/05/2014 23:58:00,0.160376802
26/05/2014 23:58:00,0.160535522
27/05/2014 23:58:00,0.159927265
28/05/2014 23:58:00,0.159648236
29/05/2014 23:58:00,0.159885
30/05/2014 23:58:00,0.159375134
31/05/2014 23:58:00,0.1595747802
01/06/2014 23:58:00,0.1592888805
02/06/2014 23:58:00,0.159661194
03/06/2014 23:58:00,0.15981616
04/06/2014 23:58:00,0.160070781
05/06/2014 23:58:00,0.159736356
06/06/2014 23:58:00,0.159525709
07/06/2014 23:58:00,0.159525709
08/06/2014 23:58:00,0.159525709
09/06/2014 23:58:00,0.159080656
10/06/2014 23:58:00,0.159634044
11/06/2014 23:58:00,0.159788322
12/06/2014 23:58:00,0.160026902
13/06/2014 23:58:00,0.159757975
14/06/2014 23:58:00,0.159757975
15/06/2014 23:58:00,0.159887675
16/06/2014 23:58:00,0.160057506
17/06/2014 23:58:00,0.160297835
18/06/2014 23:58:00,0.159960423
19/06/2014 23:58:00,0.159902906
20/06/2014 23:58:00,0.159931884
21/06/2014 23:58:00,0.159931884
22/06/2014 23:58:00,0.1605510492
23/06/2014 23:58:00,0.159838263
24/06/2014 23:58:00,0.159892895
25/06/2014 23:58:00,0.159758588
26/06/2014 23:58:00,0.1596501
27/06/2014 23:58:00,0.159592342
28/06/2014 23:58:00,0.15997676
29/06/2014 23:58:00,0.1600450845
30/06/2014 23:58:00,0.159505045
01/07/2014 23:58:00,0.159702992
02/07/2014 23:58:00,0.159700218
03/07/2014 23:58:00,0.15974676
04/07/2014 23:58:00,0.159573
05/07/2014 23:58:00,0.159573
06/07/2014 23:58:00,0.1601695039
07/07/2014 23:58:00,0.159545975
08/07/2014 23:58:00,0.159610443
09/07/2014 23:58:00,0.159857928
10/07/2014 23:58:00,0.160373821
11/07/2014 23:58:00,0.16078794
12/07/2014 23:58:00,0.160715425
13/07/2014 23:58:00,0.16081273
14/07/2014 23:58:00,0.160686112
15/07/2014 23:58:00,0.160939137
16/07/2014 23:58:00,0.161602356
17/07/2014 23:58:00,0.1616582
18/07/2014 23:58:00,0.162094698
19/07/2014 23:58:00,0.162094698
20/07/2014 23:58:00,0.162259328
21/07/2014 23:58:00,0.16159537
22/07/2014 23:58:00,0.16146257
23/07/2014 23:58:00,0.1607053
24/07/2014 23:58:00,0.160068239
25/07/2014 23:58:00,0.159620387
26/07/2014 23:58:00,0.159620387
27/07/2014 23:58:00,0.159718454
28/07/2014 23:58:00,0.15954432
29/07/2014 23:58:00,0.159812639
30/07/2014 23:58:00,0.159676458
31/07/2014 23:58:00,0.15973873
01/08/2014 23:58:00,0.159835618
02/08/2014 23:58:00,0.159835618
03/08/2014 23:58:00,0.159868601
04/08/2014 23:58:00,0.159976278
05/08/2014 23:58:00,0.159309775
06/08/2014 23:58:00,0.15953808
07/08/2014 23:58:00,0.159742608
08/08/2014 23:58:00,0.15920784
09/08/2014 23:58:00,0.1595790365
10/08/2014 23:58:00,0.15917472
11/08/2014 23:58:00,0.159238662
12/08/2014 23:58:00,0.15915526
13/08/2014 23:58:00,0.158955798
14/08/2014 23:58:00,0.159259614
15/08/2014 23:58:00,0.15845658
16/08/2014 23:58:00,0.1592041442
17/08/2014 23:58:00,0.1583574
18/08/2014 23:58:00,0.158570799
19/08/2014 23:58:00,0.158374513
20/08/2014 23:58:00,0.158137035
21/08/2014 23:58:00,0.158039375
22/08/2014 23:58:00,0.157756856
23/08/2014 23:58:00,0.157756856
24/08/2014 23:58:00,0.157224568
25/08/2014 23:58:00,0.157632384
26/08/2014 23:58:00,0.15833116
27/08/2014 23:58:00,0.158417454
28/08/2014 23:58:00,0.158072734
29/08/2014 23:58:00,0.1583131
30/08/2014 23:58:00,0.1586608969
31/08/2014 23:58:00,0.15841351
01/09/2014 23:58:00,0.158132331
02/09/2014 23:58:00,0.15882958
03/09/2014 23:58:00,0.15877312
04/09/2014 23:58:00,0.158950309
05/09/2014 23:58:00,0.159127188
06/09/2014 23:58:00,0.1595505212
07/09/2014 23:58:00,0.1596363954
08/09/2014 23:58:00,0.159687612
09/09/2014 23:58:00,0.159344036
10/09/2014 23:58:00,0.159846291
11/09/2014 23:58:00,0.159889362
12/09/2014 23:58:00,0.159898304
13/09/2014 23:58:00,0.159898304
14/09/2014 23:58:00,0.1604647149
15/09/2014 23:58:00,0.160025352
16/09/2014 23:58:00,0.160121908
17/09/2014 23:58:00,0.16032618
18/09/2014 23:58:00,0.159932412
19/09/2014 23:58:00,0.15946931
20/09/2014 23:58:00,0.17756123
21/09/2014 23:58:00,0.1598763023
22/09/2014 23:58:00,0.159748296
23/09/2014 23:58:00,0.15970161
24/09/2014 23:58:00,0.159805492
25/09/2014 23:58:00,0.159799368
26/09/2014 23:58:00,0.159666
27/09/2014 23:58:00,0.15980484
28/09/2014 23:58:00,0.15949245
29/09/2014 23:58:00,0.159906502
30/09/2014 23:58:00,0.16011756
01/10/2014 23:58:00,0.160258037
02/10/2014 23:58:00,0.16018953
03/10/2014 23:58:00,0.16041248
04/10/2014 23:58:00,0.16030676
05/10/2014 23:58:00,0.160896736
06/10/2014 23:58:00,0.16031847
07/10/2014 23:58:00,0.1602897
08/10/2014 23:58:00,0.160107852
09/10/2014 23:58:00,0.160126655
10/10/2014 23:58:00,0.159834912
11/10/2014 23:58:00,0.159555968
12/10/2014 23:58:00,0.160113856
13/10/2014 23:58:00,0.159634636
14/10/2014 23:58:00,0.159947725
15/10/2014 23:58:00,0.159999984
16/10/2014 23:58:00,0.160490435
17/10/2014 23:58:00,0.160301475
18/10/2014 23:58:00,0.160301475
19/10/2014 23:58:00,0.16019772
20/10/2014 23:58:00,0.159908964
21/10/2014 23:58:00,0.159864692
22/10/2014 23:58:00,0.159222924
23/10/2014 23:58:00,0.159625784
24/10/2014 23:58:00,0.159409054
25/10/2014 23:58:00,0.159583424
26/10/2014 23:58:00,0.1598238846
27/10/2014 23:58:00,0.159435272
28/10/2014 23:58:00,0.158905728
29/10/2014 23:58:00,0.159230388
30/10/2014 23:58:00,0.158888994
31/10/2014 23:58:00,0.15821424
03/11/2014 23:58:00,0.158931674
04/11/2014 23:58:00,0.158879988
05/11/2014 23:58:00,0.158844287
06/11/2014 23:58:00,0.159137055
07/11/2014 23:58:00,0.159593936
09/11/2014 23:58:00,0.1602225426
10/11/2014 23:58:00,0.160114073
11/11/2014 23:58:00,0.160052898
12/11/2014 23:58:00,0.160094576
13/11/2014 23:58:00,0.160059302
14/11/2014 23:58:00,0.159535923
15/11/2014 23:58:00,0.159571242
16/11/2014 23:58:00,0.159606561
17/11/2014 23:58:00,0.15973923
18/11/2014 23:58:00,0.15981364
19/11/2014 23:58:00,0.160325275
20/11/2014 23:58:00,0.16032576
21/11/2014 23:58:00,0.160137873
22/11/2014 23:58:00,0.160102072
23/11/2014 23:58:00,0.1604583476
24/11/2014 23:58:00,0.16060325
25/11/2014 23:58:00,0.160500021
26/11/2014 23:58:00,0.15996957
27/11/2014 23:58:00,0.159821505
28/11/2014 23:58:00,0.160017136
01/12/2014 23:58:00,0.16039202
02/12/2014 23:58:00,0.160128414
03/12/2014 23:58:00,0.160224978
04/12/2014 23:58:00,0.160079112
05/12/2014 23:58:00,0.160281225
06/12/2014 23:58:00,0.160497675
08/12/2014 23:58:00,0.160670778
09/12/2014 23:58:00,0.160500108
10/12/2014 23:58:00,0.160810816
11/12/2014 23:58:00,0.161007015
12/12/2014 23:58:00,0.16241863
13/12/2014 23:58:00,0.162526669
14/12/2014 23:58:00,0.162562682
15/12/2014 23:58:00,0.162274476
16/12/2014 23:58:00,0.162133671
17/12/2014 23:58:00,0.16183941
18/12/2014 23:58:00,0.161961396
19/12/2014 23:58:00,0.161532126
22/12/2014 23:58:00,0.161810134
23/12/2014 23:58:00,0.161354845
24/12/2014 23:58:00,0.160422336
25/12/2014 23:58:00,0.16056864
26/12/2014 23:58:00,0.160093152
29/12/2014 23:58:00,0.161256672
30/12/2014 23:58:00,0.161597566
31/12/2014 23:58:00,0.161557527
01/01/2015 23:58:00,0.16144644
02/01/2015 23:58:00,0.161522583
05/01/2015 23:58:00,0.162200508
06/01/2015 23:58:00,0.162305088
07/01/2015 23:58:00,0.161191364
08/01/2015 23:58:00,0.160841557
09/01/2015 23:58:00,0.159222184
12/01/2015 23:58:00,0.158219644
13/01/2015 23:58:00,0.15948198
14/01/2015 23:58:00,0.160146
15/01/2015 23:58:00,0.161282277
16/01/2015 23:58:00,0.160914406
19/01/2015 23:58:00,0.160994834
20/01/2015 23:58:00,0.161412448
21/01/2015 23:58:00,0.160642339
22/01/2015 23:58:00,0.16113018
23/01/2015 23:58:00,0.161130449
24/01/2015 23:58:00,0.1612980666
25/01/2015 23:58:00,0.1626249912
26/01/2015 23:58:00,0.161179704
27/01/2015 23:58:00,0.159770466
28/01/2015 23:58:00,0.16017918
29/01/2015 23:58:00,0.159804537
30/01/2015 23:58:00,0.159325213
31/01/2015 23:58:00,0.159521378
01/02/2015 23:58:00,0.1608377716
02/02/2015 23:58:00,0.157977642
03/02/2015 23:58:00,0.158083212
04/02/2015 23:58:00,0.158456682
05/02/2015 23:58:00,0.159043248
06/02/2015 23:58:00,0.159146757
08/02/2015 23:58:00,0.1596931176
09/02/2015 23:58:00,0.159606804
10/02/2015 23:58:00,0.16018485
11/02/2015 23:58:00,0.160648632
12/02/2015 23:58:00,0.160261569
13/02/2015 23:58:00,0.160574765
14/02/2015 23:58:00,0.1610559741
15/02/2015 23:58:00,0.16069166
16/02/2015 23:58:00,0.160505856
17/02/2015 23:58:00,0.161195751
18/02/2015 23:58:00,0.162872352
19/02/2015 23:58:00,0.162097936
20/02/2015 23:58:00,0.16147725
21/02/2015 23:58:00,0.1619828515
22/02/2015 23:58:00,0.161882327
23/02/2015 23:58:00,0.161982634
24/02/2015 23:58:00,0.161735074
25/02/2015 23:58:00,0.161122169
26/02/2015 23:58:00,0.160584896
27/02/2015 23:58:00,0.160489752
28/02/2015 23:58:00,0.1611366498
01/03/2015 23:58:00,0.1611311986
02/03/2015 23:58:00,0.16137282
03/03/2015 23:58:00,0.161995896
04/03/2015 23:58:00,0.161909394
05/03/2015 23:58:00,0.16269888
06/03/2015 23:58:00,0.16216064
08/03/2015 23:58:00,0.1632871738
09/03/2015 23:58:00,0.162590085
10/03/2015 23:58:00,0.162763
11/03/2015 23:58:00,0.162678656
12/03/2015 23:58:00,0.16216767
13/03/2015 23:58:00,0.162328122
14/03/2015 23:58:00,0.162497346
16/03/2015 23:58:00,0.162651781
17/03/2015 23:58:00,0.162911088
18/03/2015 23:58:00,0.162820287
19/03/2015 23:58:00,0.161109674
20/03/2015 23:58:00,0.161291715
21/03/2015 23:58:00,0.1616547187
23/03/2015 23:58:00,0.161162295
24/03/2015 23:58:00,0.160449605
25/03/2015 23:58:00,0.1611
26/03/2015 23:58:00,0.160984817
27/03/2015 23:58:00,0.160702716
29/03/2015 23:58:00,0.1610762536
30/03/2015 23:58:00,0.160048196
31/03/2015 23:58:00,0.15988551
01/04/2015 23:58:00,0.159929297
02/04/2015 23:58:00,0.159883578
03/04/2015 23:58:00,0.161181466
06/04/2015 23:58:00,0.160816435
07/04/2015 23:58:00,0.160887614
08/04/2015 23:58:00,0.160320879
09/04/2015 23:58:00,0.160290576
10/04/2015 23:58:00,0.160896039
11/04/2015 23:58:00,0.1612017113
13/04/2015 23:58:00,0.160513353
14/04/2015 23:58:00,0.161246646
15/04/2015 23:58:00,0.16098264
16/04/2015 23:58:00,0.160473764
17/04/2015 23:58:00,0.16063482
19/04/2015 23:58:00,0.160716568
20/04/2015 23:58:00,0.161727204
21/04/2015 23:58:00,0.161493012
22/04/2015 23:58:00,0.16123667
23/04/2015 23:58:00,0.160942558
24/04/2015 23:58:00,0.160206981
26/04/2015 23:58:00,0.160490964
27/04/2015 23:58:00,0.160309962
28/04/2015 23:58:00,0.1595403
29/04/2015 23:58:00,0.16068029
30/04/2015 23:58:00,0.160509811
01/05/2015 23:58:00,0.160785128
04/05/2015 23:58:00,0.161630913
05/05/2015 23:58:00,0.161336232
06/05/2015 23:58:00,0.161823482
07/05/2015 23:58:00,0.162035676
08/05/2015 23:58:00,0.1614841
10/05/2015 23:58:00,0.1619505245
11/05/2015 23:58:00,0.162105574
12/05/2015 23:58:00,0.162506176
13/05/2015 23:58:00,0.162288192
14/05/2015 23:58:00,0.161727168
15/05/2015 23:58:00,0.16142487
16/05/2015 23:58:00,0.1621547872
17/05/2015 23:58:00,0.1620215736
18/05/2015 23:58:00,0.162240894
19/05/2015 23:58:00,0.162034965
20/05/2015 23:58:00,0.162461475
21/05/2015 23:58:00,0.162087028
22/05/2015 23:58:00,0.161978968
25/05/2015 23:58:00,0.162527927
26/05/2015 23:58:00,0.16208412
27/05/2015 23:58:00,0.161517144
28/05/2015 23:58:00,0.161537292
29/05/2015 23:58:00,0.161632776
01/06/2015 23:58:00,0.16174548
02/06/2015 23:58:00,0.161381632
03/06/2015 23:58:00,0.160924481
04/06/2015 23:58:00,0.16107707
05/06/2015 23:58:00,0.161972147
08/06/2015 23:58:00,0.162890153
09/06/2015 23:58:00,0.16296223
10/06/2015 23:58:00,0.1636446
11/06/2015 23:58:00,0.163310532
12/06/2015 23:58:00,0.163614
15/06/2015 23:58:00,0.164439671
16/06/2015 23:58:00,0.164129796
17/06/2015 23:58:00,0.164310896
18/06/2015 23:58:00,0.164525095
19/06/2015 23:58:00,0.164938194
22/06/2015 23:58:00,0.16467984
23/06/2015 23:58:00,0.164384725
24/06/2015 23:58:00,0.16398656
25/06/2015 23:58:00,0.163160048
26/06/2015 23:58:00,0.163445718
29/06/2015 23:58:00,0.164655848
30/06/2015 23:58:00,0.163705234
01/07/2015 23:58:00,0.163891091
02/07/2015 23:58:00,0.164282112
03/07/2015 23:58:00,0.16510921
06/07/2015 23:58:00,0.165034935
07/07/2015 23:58:00,0.165107729
08/07/2015 23:58:00,0.164948112
09/07/2015 23:58:00,0.164804214
10/07/2015 23:58:00,0.163338188
13/07/2015 23:58:00,0.162853932
14/07/2015 23:58:00,0.162799185
15/07/2015 23:58:00,0.1635796
16/07/2015 23:58:00,0.16278416
17/07/2015 23:58:00,0.163055226
20/07/2015 23:58:00,0.162649921
21/07/2015 23:58:00,0.162457234
22/07/2015 23:58:00,0.16323581
23/07/2015 23:58:00,0.163224934
24/07/2015 23:58:00,0.163161338
27/07/2015 23:58:00,0.1631718
28/07/2015 23:58:00,0.16303558
29/07/2015 23:58:00,0.16279785
30/07/2015 23:58:00,0.162819844
31/07/2015 23:58:00,0.162529772
03/08/2015 23:58:00,0.162895319
04/08/2015 23:58:00,0.162657492
05/08/2015 23:58:00,0.162763542
06/08/2015 23:58:00,0.16295349
07/08/2015 23:58:00,0.163023502
10/08/2015 23:58:00,0.163046263
11/08/2015 23:58:00,0.163132182
12/08/2015 23:58:00,0.163116572
13/08/2015 23:58:00,0.162682974
14/08/2015 23:58:00,0.163655736
17/08/2015 23:58:00,0.163748896
18/08/2015 23:58:00,0.163653559
19/08/2015 23:58:00,0.163585917
20/08/2015 23:58:00,0.16356573
21/08/2015 23:58:00,0.162726564
24/08/2015 23:58:00,0.16430478
25/08/2015 23:58:00,0.163409272
26/08/2015 23:58:00,0.163614658
27/08/2015 23:58:00,0.1636677
28/08/2015 23:58:00,0.16338693
31/08/2015 23:58:00,0.163630304
01/09/2015 23:58:00,0.164023225
02/09/2015 23:58:00,0.164051173
03/09/2015 23:58:00,0.163372473
04/09/2015 23:58:00,0.163437801
07/09/2015 23:58:00,0.163504228
08/09/2015 23:58:00,0.163428415
09/09/2015 23:58:00,0.163124386
10/09/2015 23:58:00,0.162965141
11/09/2015 23:58:00,0.162811
14/09/2015 23:58:00,0.163089654
15/09/2015 23:58:00,0.162899712
16/09/2015 23:58:00,0.162864886
17/09/2015 23:58:00,0.16286952
18/09/2015 23:58:00,0.16297611
21/09/2015 23:58:00,0.163232835
22/09/2015 23:58:00,0.162934
23/09/2015 23:58:00,0.16240344
24/09/2015 23:58:00,0.161687196
25/09/2015 23:58:00,0.161131652
28/09/2015 23:58:00,0.161819034
29/09/2015 23:58:00,0.162090096
30/09/2015 23:58:00,0.16235124
01/10/2015 23:58:00,0.16243512
02/10/2015 23:58:00,0.16229504
05/10/2015 23:58:00,0.162572204
06/10/2015 23:58:00,0.1629544
07/10/2015 23:58:00,0.16265848
08/10/2015 23:58:00,0.162408938
09/10/2015 23:58:00,0.162358329
12/10/2015 23:58:00,0.162771973
13/10/2015 23:58:00,0.162414848
14/10/2015 23:58:00,0.16272387
15/10/2015 23:58:00,0.162956752
16/10/2015 23:58:00,0.16278454
19/10/2015 23:58:00,0.16313704
20/10/2015 23:58:00,0.16337229
21/10/2015 23:58:00,0.163407384
22/10/2015 23:58:00,0.16335555
23/10/2015 23:58:00,0.1633541
26/10/2015 23:58:00,0.163384345
27/10/2015 23:58:00,0.163427832
28/10/2015 23:58:00,0.163379979
29/10/2015 23:58:00,0.163509982
30/10/2015 23:58:00,0.163342616
02/11/2015 23:58:00,0.163284276
03/11/2015 23:58:00,0.163616194
04/11/2015 23:58:00,0.164083544
05/11/2015 23:58:00,0.164453461
06/11/2015 23:58:00,0.164241
09/11/2015 23:58:00,0.164796606
10/11/2015 23:58:00,0.164449792
11/11/2015 23:58:00,0.16404764
12/11/2015 23:58:00,0.164124814
13/11/2015 23:58:00,0.164299851
16/11/2015 23:58:00,0.164013817
17/11/2015 23:58:00,0.16406589
18/11/2015 23:58:00,0.16428558
19/11/2015 23:58:00,0.16417257
20/11/2015 23:58:00,0.164370388
23/11/2015 23:58:00,0.164429398
24/11/2015 23:58:00,0.164477568
25/11/2015 23:58:00,0.164284672
26/11/2015 23:58:00,0.16417227
27/11/2015 23:58:00,0.164421092
30/11/2015 23:58:00,0.164726108
01/12/2015 23:58:00,0.164986568
02/12/2015 23:58:00,0.164628695
03/12/2015 23:58:00,0.16482759
04/12/2015 23:58:00,0.16562596
07/12/2015 23:58:00,0.16554795
08/12/2015 23:58:00,0.16587077
09/12/2015 23:58:00,0.166007334
10/12/2015 23:58:00,0.166952417
11/12/2015 23:58:00,0.167238646
14/12/2015 23:58:00,0.166522725
15/12/2015 23:58:00,0.166237365
16/12/2015 23:58:00,0.166505589
17/12/2015 23:58:00,0.16671976
18/12/2015 23:58:00,0.16662646
21/12/2015 23:58:00,0.166583065
22/12/2015 23:58:00,0.16713945
23/12/2015 23:58:00,0.167230575
24/12/2015 23:58:00,0.16733028
25/12/2015 23:58:00,0.16724777
28/12/2015 23:58:00,0.167316039
29/12/2015 23:58:00,0.167709582
30/12/2015 23:58:00,0.167499405
31/12/2015 23:58:00,0.167337646
01/01/2016 23:58:00,0.167171058
03/01/2016 23:58:00,0.1679143262
04/01/2016 23:58:00,0.167283116
05/01/2016 23:58:00,0.167129448
06/01/2016 23:58:00,0.1672106
07/01/2016 23:58:00,0.167275185
08/01/2016 23:58:00,0.16737822
10/01/2016 23:58:00,0.1674183415
11/01/2016 23:58:00,0.167603744
12/01/2016 23:58:00,0.1675779
13/01/2016 23:58:00,0.167676226
14/01/2016 23:58:00,0.167701716
15/01/2016 23:58:00,0.16773735
16/01/2016 23:58:00,0.1682974411
18/01/2016 23:58:00,0.167580912
19/01/2016 23:58:00,0.167546468
20/01/2016 23:58:00,0.167443597
21/01/2016 23:58:00,0.167339646
22/01/2016 23:58:00,0.16760623
23/01/2016 23:58:00,0.16739646
25/01/2016 23:58:00,0.167452038
26/01/2016 23:58:00,0.1675923
27/01/2016 23:58:00,0.167858774
28/01/2016 23:58:00,0.167864494
29/01/2016 23:58:00,0.167720999
01/02/2016 23:58:00,0.167299776
02/02/2016 23:58:00,0.16667778
03/02/2016 23:58:00,0.166673538
04/02/2016 23:58:00,0.166663392
05/02/2016 23:58:00,0.165774208
06/02/2016 23:58:00,0.165774208
07/02/2016 23:58:00,0.1661885207
08/02/2016 23:58:00,0.165562566
09/02/2016 23:58:00,0.166171392
10/02/2016 23:58:00,0.165396834
11/02/2016 23:58:00,0.16549164
12/02/2016 23:58:00,0.165303614
13/02/2016 23:58:00,0.1654063479
14/02/2016 23:58:00,0.1655475388
15/02/2016 23:58:00,0.165145032
16/02/2016 23:58:00,0.164928246
17/02/2016 23:58:00,0.164893234
18/02/2016 23:58:00,0.16509459
19/02/2016 23:58:00,0.165799824
20/02/2016 23:58:00,0.165759552
21/02/2016 23:58:00,0.1661282156
22/02/2016 23:58:00,0.165192734
23/02/2016 23:58:00,0.165338432
24/02/2016 23:58:00,0.16539259
25/02/2016 23:58:00,0.165025741
26/02/2016 23:58:00,0.16497423
28/02/2016 23:58:00,0.1654110532
29/02/2016 23:58:00,0.165331457
01/03/2016 23:58:00,0.165191584
02/03/2016 23:58:00,0.16467608
03/03/2016 23:58:00,0.16485427
04/03/2016 23:58:00,0.16475417
06/03/2016 23:58:00,0.1648780224
07/03/2016 23:58:00,0.164721456
08/03/2016 23:58:00,0.164985989
09/03/2016 23:58:00,0.164730456
10/03/2016 23:58:00,0.16472775
11/03/2016 23:58:00,0.164860012
13/03/2016 23:58:00,0.165256084
14/03/2016 23:58:00,0.16502184
15/03/2016 23:58:00,0.165347
16/03/2016 23:58:00,0.165432624
17/03/2016 23:58:00,0.165397704
18/03/2016 23:58:00,0.165300723
19/03/2016 23:58:00,0.165181716
20/03/2016 23:58:00,0.1668937158
21/03/2016 23:58:00,0.165163596
22/03/2016 23:58:00,0.165001581
23/03/2016 23:58:00,0.164912252
24/03/2016 23:58:00,0.16438929
25/03/2016 23:58:00,0.16462875
27/03/2016 23:58:00,0.1653568525
28/03/2016 23:58:00,0.16510767
29/03/2016 23:58:00,0.164846262
30/03/2016 23:58:00,0.164766618
31/03/2016 23:58:00,0.165149992
01/04/2016 23:58:00,0.165099044
02/04/2016 23:58:00,0.165020668
03/04/2016 23:58:00,0.165138232
04/04/2016 23:58:00,0.1649899
05/04/2016 23:58:00,0.164964884
06/04/2016 23:58:00,0.165125069
07/04/2016 23:58:00,0.165271995
08/04/2016 23:58:00,0.165097335
09/04/2016 23:58:00,0.165018997
10/04/2016 23:58:00,0.165254011
11/04/2016 23:58:00,0.165188835
12/04/2016 23:58:00,0.16519753
13/04/2016 23:58:00,0.165229994
14/04/2016 23:58:00,0.165284055
15/04/2016 23:58:00,0.165317568
16/04/2016 23:58:00,0.1658971117
17/04/2016 23:58:00,0.1657410093
18/04/2016 23:58:00,0.16549812
19/04/2016 23:58:00,0.16568486
20/04/2016 23:58:00,0.165749388
21/04/2016 23:58:00,0.165643112
22/04/2016 23:58:00,0.165283713
24/04/2016 23:58:00,0.165808044
25/04/2016 23:58:00,0.165559077
26/04/2016 23:58:00,0.165248496
27/04/2016 23:58:00,0.164906688
28/04/2016 23:58:00,0.165308844
29/04/2016 23:58:00,0.16531686
30/04/2016 23:58:00,0.165355942
01/05/2016 23:58:00,0.1658381713
02/05/2016 23:58:00,0.16577049
03/05/2016 23:58:00,0.166020858
04/05/2016 23:58:00,0.1663195
05/05/2016 23:58:00,0.166556166
06/05/2016 23:58:00,0.166206072
08/05/2016 23:58:00,0.1667260389
09/05/2016 23:58:00,0.165902256
10/05/2016 23:58:00,0.165896192
11/05/2016 23:58:00,0.166095738
12/05/2016 23:58:00,0.166310217
13/05/2016 23:58:00,0.16623032
15/05/2016 23:58:00,0.1664678346
16/05/2016 23:58:00,0.165895366
17/05/2016 23:58:00,0.16589118
18/05/2016 23:58:00,0.166409439
19/05/2016 23:58:00,0.1665461
20/05/2016 23:58:00,0.1666142
22/05/2016 23:58:00,0.1666142
23/05/2016 23:58:00,0.166866986
24/05/2016 23:58:00,0.16669593
25/05/2016 23:58:00,0.1665648
26/05/2016 23:58:00,0.166607167
27/05/2016 23:58:00,0.16643856
28/05/2016 23:58:00,0.1669650019
29/05/2016 23:58:00,0.166398064
30/05/2016 23:58:00,0.166449633
31/05/2016 23:58:00,0.16705364
01/06/2016 23:58:00,0.16703037
02/06/2016 23:58:00,0.166885125
03/06/2016 23:58:00,0.1669385
05/06/2016 23:58:00,0.1675177193
06/06/2016 23:58:00,0.166890392
07/06/2016 23:58:00,0.166663926
08/06/2016 23:58:00,0.166587215
09/06/2016 23:58:00,0.166818285
10/06/2016 23:58:00,0.166908686
11/06/2016 23:58:00,0.1673308064
12/06/2016 23:58:00,0.1673375408
13/06/2016 23:58:00,0.1668831
14/06/2016 23:58:00,0.167165907
15/06/2016 23:58:00,0.16736082
16/06/2016 23:58:00,0.16765632
17/06/2016 23:58:00,0.167335948
19/06/2016 23:58:00,0.168541828
20/06/2016 23:58:00,0.167462222
21/06/2016 23:58:00,0.16756284
22/06/2016 23:58:00,0.167016912
23/06/2016 23:58:00,0.166315999
24/06/2016 23:58:00,0.166427222
26/06/2016 23:58:00,0.1673311679
27/06/2016 23:58:00,0.166347279
28/06/2016 23:58:00,0.16667208
29/06/2016 23:58:00,0.166939094
30/06/2016 23:58:00,0.1667757
01/07/2016 23:58:00,0.16651778
02/07/2016 23:58:00,0.16651778
03/07/2016 23:58:00,0.1669174365
04/07/2016 23:58:00,0.166644492
05/07/2016 23:58:00,0.167047917
06/07/2016 23:58:00,0.166817003
07/07/2016 23:58:00,0.166879944
08/07/2016 23:58:00,0.166737256
09/07/2016 23:58:00,0.166696469
10/07/2016 23:58:00,0.1670550476
11/07/2016 23:58:00,0.166025944
12/07/2016 23:58:00,0.166033235
13/07/2016 23:58:00,0.165933526
14/07/2016 23:58:00,0.16579888
15/07/2016 23:58:00,0.165651871
16/07/2016 23:58:00,0.165651871
17/07/2016 23:58:00,0.1659563993
18/07/2016 23:58:00,0.165269504
19/07/2016 23:58:00,0.1653146
20/07/2016 23:58:00,0.165229025
21/07/2016 23:58:00,0.165223366
22/07/2016 23:58:00,0.164811588
23/07/2016 23:58:00,0.1651640422
24/07/2016 23:58:00,0.1644707394
25/07/2016 23:58:00,0.164607944
26/07/2016 23:58:00,0.16517721
27/07/2016 23:58:00,0.164874864
28/07/2016 23:58:00,0.164900153
29/07/2016 23:58:00,0.165213888
30/07/2016 23:58:00,0.165253872
31/07/2016 23:58:00,0.165127312
01/08/2016 23:58:00,0.164674053
02/08/2016 23:58:00,0.16460145
03/08/2016 23:58:00,0.1645875
04/08/2016 23:58:00,0.164904165
05/08/2016 23:58:00,0.16477734
06/08/2016 23:58:00,0.1651081493
07/08/2016 23:58:00,0.1653231931
08/08/2016 23:58:00,0.1647421
09/08/2016 23:58:00,0.164910735
10/08/2016 23:58:00,0.164769968
11/08/2016 23:58:00,0.164848242
12/08/2016 23:58:00,0.16486547
13/08/2016 23:58:00,0.1652611467
14/08/2016 23:58:00,0.164698944
15/08/2016 23:58:00,0.16463655
16/08/2016 23:58:00,0.16473142
17/08/2016 23:58:00,0.16535662
18/08/2016 23:58:00,0.16503969
19/08/2016 23:58:00,0.165025655
21/08/2016 23:58:00,0.165526011
22/08/2016 23:58:00,0.164506512
23/08/2016 23:58:00,0.164625734
24/08/2016 23:58:00,0.16480696
25/08/2016 23:58:00,0.164378643
26/08/2016 23:58:00,0.164699993
27/08/2016 23:58:00,0.16466022
28/08/2016 23:58:00,0.16455672
29/08/2016 23:58:00,0.164501225
30/08/2016 23:58:00,0.16446375
31/08/2016 23:58:00,0.164411508
01/09/2016 23:58:00,0.164487104
02/09/2016 23:58:00,0.1644211
03/09/2016 23:58:00,0.1642383
04/09/2016 23:58:00,0.164278125
05/09/2016 23:58:00,0.164274066
06/09/2016 23:58:00,0.164290896
07/09/2016 23:58:00,0.164336634
08/09/2016 23:58:00,0.16444812
09/09/2016 23:58:00,0.164567085
10/09/2016 23:58:00,0.164344464
11/09/2016 23:58:00,0.164567085
12/09/2016 23:58:00,0.164186936
13/09/2016 23:58:00,0.164313184
14/09/2016 23:58:00,0.164255541
15/09/2016 23:58:00,0.164184872
16/09/2016 23:58:00,0.164595744
17/09/2016 23:58:00,0.164515998
18/09/2016 23:58:00,0.164373
19/09/2016 23:58:00,0.16437452
20/09/2016 23:58:00,0.164559998
21/09/2016 23:58:00,0.16444494
22/09/2016 23:58:00,0.164503196
23/09/2016 23:58:00,0.164521095
24/09/2016 23:58:00,0.1642985
25/09/2016 23:58:00,0.16461522
26/09/2016 23:58:00,0.164334567
27/09/2016 23:58:00,0.164279258
28/09/2016 23:58:00,0.164346039
29/09/2016 23:58:00,0.164653566
30/09/2016 23:58:00,0.164272182
01/10/2016 23:58:00,0.164049788
02/10/2016 23:58:00,0.164049788
03/10/2016 23:58:00,0.164401338
04/10/2016 23:58:00,0.164702252
05/10/2016 23:58:00,0.1648881
06/10/2016 23:58:00,0.165403494
07/10/2016 23:58:00,0.166887168
09/10/2016 23:58:00,0.166703074
10/10/2016 23:58:00,0.166190796
11/10/2016 23:58:00,0.165734184
12/10/2016 23:58:00,0.166125498
13/10/2016 23:58:00,0.166239075
14/10/2016 23:58:00,0.166719366
15/10/2016 23:58:00,0.166494744
16/10/2016 23:58:00,0.166535793
17/10/2016 23:58:00,0.1667072
18/10/2016 23:58:00,0.166263974
19/10/2016 23:58:00,0.166310133
20/10/2016 23:58:00,0.16624674
21/10/2016 23:58:00,0.166661422
22/10/2016 23:58:00,0.166436664
23/10/2016 23:58:00,0.166395303
24/10/2016 23:58:00,0.166398657
25/10/2016 23:58:00,0.165921376
26/10/2016 23:58:00,0.166195216
27/10/2016 23:58:00,0.166376448
28/10/2016 23:58:00,0.166456698
29/10/2016 23:58:00,0.16627324
30/10/2016 23:58:00,0.166355148
31/10/2016 23:58:00,0.166536711
01/11/2016 23:58:00,0.16651617
02/11/2016 23:58:00,0.166224312
03/11/2016 23:58:00,0.166206183
04/11/2016 23:58:00,0.1663227
05/11/2016 23:58:00,0.166098675
06/11/2016 23:58:00,0.16557445
07/11/2016 23:58:00,0.166447008
08/11/2016 23:58:00,0.166455364
09/11/2016 23:58:00,0.166457621
10/11/2016 23:58:00,0.166365325
11/11/2016 23:58:00,0.167211198
12/11/2016 23:58:00,0.167086227
13/11/2016 23:58:00,0.166652896
14/11/2016 23:58:00,0.166706551
15/11/2016 23:58:00,0.16660137
16/11/2016 23:58:00,0.166916776
17/11/2016 23:58:00,0.166860701
18/11/2016 23:58:00,0.166809362
19/11/2016 23:58:00,0.166809362
20/11/2016 23:58:00,0.166583754
21/11/2016 23:58:00,0.16664725
22/11/2016 23:58:00,0.166755267
23/11/2016 23:58:00,0.166776072
24/11/2016 23:58:00,0.166735422
25/11/2016 23:58:00,0.166750607
26/11/2016 23:58:00,0.166750607
27/11/2016 23:58:00,0.166950504
28/11/2016 23:58:00,0.16644645
29/11/2016 23:58:00,0.166805534
30/11/2016 23:58:00,0.166698144
01/12/2016 23:58:00,0.166781199
02/12/2016 23:58:00,0.166313784
04/12/2016 23:58:00,0.16520141
05/12/2016 23:58:00,0.166190775
06/12/2016 23:58:00,0.1662898
07/12/2016 23:58:00,0.166182935
08/12/2016 23:58:00,0.165989976
09/12/2016 23:58:00,0.166395955
10/12/2016 23:58:00,0.166395955
11/12/2016 23:58:00,0.166225511
12/12/2016 23:58:00,0.166252824
13/12/2016 23:58:00,0.166626364
14/12/2016 23:58:00,0.16708717
15/12/2016 23:58:00,0.166944701
16/12/2016 23:58:00,0.166450247
17/12/2016 23:58:00,0.166665912
18/12/2016 23:58:00,0.166709045
19/12/2016 23:58:00,0.16680592
20/12/2016 23:58:00,0.16716522
21/12/2016 23:58:00,0.16682127
22/12/2016 23:58:00,0.167212188
23/12/2016 23:58:00,0.167800731
24/12/2016 23:58:00,0.16761732
25/12/2016 23:58:00,0.167573952
26/12/2016 23:58:00,0.167704056
27/12/2016 23:58:00,0.16746506
28/12/2016 23:58:00,0.16778389
29/12/2016 23:58:00,0.16738338
30/12/2016 23:58:00,0.167925135
31/12/2016 23:58:00,0.167569232
01/01/2017 23:58:00,0.16782776
02/01/2017 23:58:00,0.16759809
03/01/2017 23:58:00,0.16719135
04/01/2017 23:58:00,0.166712932
05/01/2017 23:58:00,0.166589496
06/01/2017 23:58:00,0.166546208
07/01/2017 23:58:00,0.166363362
08/01/2017 23:58:00,0.166320639
09/01/2017 23:58:00,0.16610562
10/01/2017 23:58:00,0.166057414
11/01/2017 23:58:00,0.165975041
12/01/2017 23:58:00,0.165974655
13/01/2017 23:58:00,0.166046272
14/01/2017 23:58:00,0.165990105
15/01/2017 23:58:00,0.16624496
16/01/2017 23:58:00,0.166378353
17/01/2017 23:58:00,0.166306284
18/01/2017 23:58:00,0.166280348
19/01/2017 23:58:00,0.166173792
20/01/2017 23:58:00,0.16619156
21/01/2017 23:58:00,0.16609266
22/01/2017 23:58:00,0.166611543
23/01/2017 23:58:00,0.166206784
24/01/2017 23:58:00,0.166290944
25/01/2017 23:58:00,0.166222575
26/01/2017 23:58:00,0.1660501
27/01/2017 23:58:00,0.16627525
28/01/2017 23:58:00,0.16644363
29/01/2017 23:58:00,0.166583136
30/01/2017 23:58:00,0.16632476
31/01/2017 23:58:00,0.166242262
01/02/2017 23:58:00,0.16763991
02/02/2017 23:58:00,0.16714445
03/02/2017 23:58:00,0.1673007
04/02/2017 23:58:00,0.16717491
05/02/2017 23:58:00,0.16695361
06/02/2017 23:58:00,0.166691625
07/02/2017 23:58:00,0.165859029
08/02/2017 23:58:00,0.165808585
09/02/2017 23:58:00,0.166061917
10/02/2017 23:58:00,0.166457376
11/02/2017 23:58:00,0.166415085
12/02/2017 23:58:00,0.166096392
13/02/2017 23:58:00,0.16626033
14/02/2017 23:58:00,0.166493732
15/02/2017 23:58:00,0.16690071
16/02/2017 23:58:00,0.167287538
17/02/2017 23:58:00,0.167388936
18/02/2017 23:58:00,0.1673463
19/02/2017 23:58:00,0.167243688
20/02/2017 23:58:00,0.166951696
21/02/2017 23:58:00,0.166904285
22/02/2017 23:58:00,0.166861374
23/02/2017 23:58:00,0.166927332
24/02/2017 23:58:00,0.1666314
25/02/2017 23:58:00,0.16684503
26/02/2017 23:58:00,0.16667393
27/02/2017 23:58:00,0.166756408
28/02/2017 23:58:00,0.167004715
01/03/2017 23:58:00,0.167294393
02/03/2017 23:58:00,0.167160435
03/03/2017 23:58:00,0.16763415
04/03/2017 23:58:00,0.16756168
05/03/2017 23:58:00,0.1684814135
06/03/2017 23:58:00,0.167515286
07/03/2017 23:58:00,0.167883586
08/03/2017 23:58:00,0.167680394
09/03/2017 23:58:00,0.168102386
10/03/2017 23:58:00,0.167617782
12/03/2017 23:58:00,0.168640324
13/03/2017 23:58:00,0.168300405
14/03/2017 23:58:00,0.167902812
15/03/2017 23:58:00,0.167970494
16/03/2017 23:58:00,0.168460318
17/03/2017 23:58:00,0.168312172
18/03/2017 23:58:00,0.16808583
19/03/2017 23:58:00,0.168337332
20/03/2017 23:58:00,0.168594255
21/03/2017 23:58:00,0.16868216
22/03/2017 23:58:00,0.168456684
23/03/2017 23:58:00,0.16837002
24/03/2017 23:58:00,0.16827739
25/03/2017 23:58:00,0.168093321
26/03/2017 23:58:00,0.16888905
27/03/2017 23:58:00,0.168283568
28/03/2017 23:58:00,0.168226075
29/03/2017 23:58:00,0.168179376
30/03/2017 23:58:00,0.167399568
31/03/2017 23:58:00,0.168375284
02/04/2017 23:58:00,0.167799704
03/04/2017 23:58:00,0.167746254
04/04/2017 23:58:00,0.167705
05/04/2017 23:58:00,0.16706196
06/04/2017 23:58:00,0.16953981
07/04/2017 23:58:00,0.169423542
08/04/2017 23:58:00,0.169864156
09/04/2017 23:58:00,0.169075424
10/04/2017 23:58:00,0.169007832
11/04/2017 23:58:00,0.16912214
12/04/2017 23:58:00,0.16884635
13/04/2017 23:58:00,0.1691919
14/04/2017 23:58:00,0.168950563
15/04/2017 23:58:00,0.169021644
16/04/2017 23:58:00,0.168978454
17/04/2017 23:58:00,0.169745232
18/04/2017 23:58:00,0.168554128
19/04/2017 23:58:00,0.168476917
20/04/2017 23:58:00,0.16859788
21/04/2017 23:58:00,0.168240078
23/04/2017 23:58:00,0.171853792
24/04/2017 23:58:00,0.168255117
25/04/2017 23:58:00,0.168299872
26/04/2017 23:58:00,0.168256242
27/04/2017 23:58:00,0.167604357
28/04/2017 23:58:00,0.168824974
29/04/2017 23:58:00,0.168824974
30/04/2017 23:58:00,0.168848258
01/05/2017 23:58:00,0.16881177
02/05/2017 23:58:00,0.168771099
03/05/2017 23:58:00,0.169708824
04/05/2017 23:58:00,0.16912194
05/05/2017 23:58:00,0.16984526
07/05/2017 23:58:00,0.169626465
08/05/2017 23:58:00,0.170149452
09/05/2017 23:58:00,0.170553726
10/05/2017 23:58:00,0.171089994
11/05/2017 23:58:00,0.170620404
12/05/2017 23:58:00,0.170997975
14/05/2017 23:58:00,0.170980601
15/05/2017 23:58:00,0.171565695
16/05/2017 23:58:00,0.172138068
17/05/2017 23:58:00,0.172042224
18/05/2017 23:58:00,0.1716935
19/05/2017 23:58:00,0.17212716
20/05/2017 23:58:00,0.172045776
21/05/2017 23:58:00,0.171874899
22/05/2017 23:58:00,0.171595552
23/05/2017 23:58:00,0.171895182
24/05/2017 23:58:00,0.171354672
25/05/2017 23:58:00,0.171955035
26/05/2017 23:58:00,0.171863835
27/05/2017 23:58:00,0.1718806
28/05/2017 23:58:00,0.172046225
29/05/2017 23:58:00,0.17182818
30/05/2017 23:58:00,0.172419186
31/05/2017 23:58:00,0.173080024
01/06/2017 23:58:00,0.17296575
02/06/2017 23:58:00,0.17327113
03/06/2017 23:58:00,0.1730832
04/06/2017 23:58:00,0.173113548
05/06/2017 23:58:00,0.17278104
06/06/2017 23:58:00,0.173200698
07/06/2017 23:58:00,0.173336344
08/06/2017 23:58:00,0.173386304
09/06/2017 23:58:00,0.17405865
10/06/2017 23:58:00,0.1738704
11/06/2017 23:58:00,0.174142125
12/06/2017 23:58:00,0.173876916
13/06/2017 23:58:00,0.174285972
14/06/2017 23:58:00,0.174531852
15/06/2017 23:58:00,0.174237244
16/06/2017 23:58:00,0.175039875
17/06/2017 23:58:00,0.17557592
18/06/2017 23:58:00,0.174912683
19/06/2017 23:58:00,0.175188228
20/06/2017 23:58:00,0.174628182
21/06/2017 23:58:00,0.174448008
22/06/2017 23:58:00,0.17355877
23/06/2017 23:58:00,0.173997186
24/06/2017 23:58:00,0.173997186
25/06/2017 23:58:00,0.173997186
26/06/2017 23:58:00,0.17357489
27/06/2017 23:58:00,0.172953306
28/06/2017 23:58:00,0.172702572
29/06/2017 23:58:00,0.173672352
30/06/2017 23:58:00,0.174477776
01/07/2017 23:58:00,0.174248827
02/07/2017 23:58:00,0.174543922
03/07/2017 23:58:00,0.174789376
04/07/2017 23:58:00,0.175043388
05/07/2017 23:58:00,0.175517556
06/07/2017 23:58:00,0.175362096
07/07/2017 23:58:00,0.174936105
08/07/2017 23:58:00,0.175125434
09/07/2017 23:58:00,0.175208407
10/07/2017 23:58:00,0.174822615
11/07/2017 23:58:00,0.174660255
12/07/2017 23:58:00,0.174375528
13/07/2017 23:58:00,0.174511996
14/07/2017 23:58:00,0.174829117
16/07/2017 23:58:00,0.17501769
17/07/2017 23:58:00,0.174662172
18/07/2017 23:58:00,0.174175872
19/07/2017 23:58:00,0.174657566
20/07/2017 23:58:00,0.17499702
21/07/2017 23:58:00,0.175286846
22/07/2017 23:58:00,0.175096688
23/07/2017 23:58:00,0.1751571
24/07/2017 23:58:00,0.174775543
25/07/2017 23:58:00,0.174881988
26/07/2017 23:58:00,0.175073776
27/07/2017 23:58:00,0.174691785
28/07/2017 23:58:00,0.17467137
29/07/2017 23:58:00,0.17452003
30/07/2017 23:58:00,0.174693114
31/07/2017 23:58:00,0.174448022
01/08/2017 23:58:00,0.173684928
02/08/2017 23:58:00,0.174413492
03/08/2017 23:58:00,0.174782942
04/08/2017 23:58:00,0.17446597
06/08/2017 23:58:00,0.174995223
07/08/2017 23:58:00,0.17415816
08/08/2017 23:58:00,0.174247526
09/08/2017 23:58:00,0.174235696
10/08/2017 23:58:00,0.174461574
11/08/2017 23:58:00,0.174563445
12/08/2017 23:58:00,0.174411932
13/08/2017 23:58:00,0.174800136
14/08/2017 23:58:00,0.1746776
15/08/2017 23:58:00,0.174453045
16/08/2017 23:58:00,0.175681432
17/08/2017 23:58:00,0.17568472
18/08/2017 23:58:00,0.17588389
19/08/2017 23:58:00,0.175693185
20/08/2017 23:58:00,0.175783566
21/08/2017 23:58:00,0.17535671
22/08/2017 23:58:00,0.175462017
23/08/2017 23:58:00,0.175368336
24/08/2017 23:58:00,0.175311954
25/08/2017 23:58:00,0.1759351
26/08/2017 23:58:00,0.17578246
27/08/2017 23:58:00,0.1770525
28/08/2017 23:58:00,0.17572653
29/08/2017 23:58:00,0.175646388
30/08/2017 23:58:00,0.17592936
31/08/2017 23:58:00,0.175615182
01/09/2017 23:58:00,0.176164659
02/09/2017 23:58:00,0.175857464
03/09/2017 23:58:00,0.175968555
04/09/2017 23:58:00,0.176005011
05/09/2017 23:58:00,0.175579677
06/09/2017 23:58:00,0.175595336
07/09/2017 23:58:00,0.17554383
08/09/2017 23:58:00,0.175934025
09/09/2017 23:58:00,0.17578072
10/09/2017 23:58:00,0.175901088
11/09/2017 23:58:00,0.175721952
12/09/2017 23:58:00,0.17585716
13/09/2017 23:58:00,0.17600765
14/09/2017 23:58:00,0.17616492
15/09/2017 23:58:00,0.17611005
17/09/2017 23:58:00,0.17563338
18/09/2017 23:58:00,0.175830032
19/09/2017 23:58:00,0.175963982
20/09/2017 23:58:00,0.175898378
21/09/2017 23:58:00,0.175898687
22/09/2017 23:58:00,0.17624663
24/09/2017 23:58:00,0.175495232
25/09/2017 23:58:00,0.176114404
26/09/2017 23:58:00,0.176329155
27/09/2017 23:58:00,0.17634551
28/09/2017 23:58:00,0.176618098
29/09/2017 23:58:00,0.175336974
01/10/2017 23:58:00,0.175138578
02/10/2017 23:58:00,0.176317823
03/10/2017 23:58:00,0.176577364
04/10/2017 23:58:00,0.176645469
05/10/2017 23:58:00,0.17679962
06/10/2017 23:58:00,0.176444352
07/10/2017 23:58:00,0.176444352
08/10/2017 23:58:00,0.17654042
09/10/2017 23:58:00,0.176169811
10/10/2017 23:58:00,0.176775238
11/10/2017 23:58:00,0.176856036
12/10/2017 23:58:00,0.17700099
13/10/2017 23:58:00,0.17742039
14/10/2017 23:58:00,0.17718975
15/10/2017 23:58:00,0.177000408
16/10/2017 23:58:00,0.17738912
17/10/2017 23:58:00,0.177640384
18/10/2017 23:58:00,0.17789636
19/10/2017 23:58:00,0.178330159
20/10/2017 23:58:00,0.178993815
21/10/2017 23:58:00,0.178723134
22/10/2017 23:58:00,0.178292325
23/10/2017 23:58:00,0.178685775
24/10/2017 23:58:00,0.179159046
25/10/2017 23:58:00,0.17929275
26/10/2017 23:58:00,0.1785384
27/10/2017 23:58:00,0.179295216
29/10/2017 23:58:00,0.17930388
30/10/2017 23:58:00,0.178877451
31/10/2017 23:58:00,0.179025483
01/11/2017 23:58:00,0.179625677
02/11/2017 23:58:00,0.178621464
03/11/2017 23:58:00,0.178683486
04/11/2017 23:58:00,0.178491495
05/11/2017 23:58:00,0.178515216
06/11/2017 23:58:00,0.17916024
07/11/2017 23:58:00,0.180883689
08/11/2017 23:58:00,0.180261528
09/11/2017 23:58:00,0.181605564
10/11/2017 23:58:00,0.18154479
11/11/2017 23:58:00,0.18154479
12/11/2017 23:58:00,0.18127166
13/11/2017 23:58:00,0.181616883
14/11/2017 23:58:00,0.181022181
15/11/2017 23:58:00,0.180573795
16/11/2017 23:58:00,0.181176608
17/11/2017 23:58:00,0.180955922
18/11/2017 23:58:00,0.180955922
19/11/2017 23:58:00,0.18012492
20/11/2017 23:58:00,0.181606187
21/11/2017 23:58:00,0.181754342
22/11/2017 23:58:00,0.182102448
23/11/2017 23:58:00,0.18248531
24/11/2017 23:58:00,0.182185056
25/11/2017 23:58:00,0.181834834
26/11/2017 23:58:00,0.18176323
27/11/2017 23:58:00,0.18193545
28/11/2017 23:58:00,0.181713091
29/11/2017 23:58:00,0.18176814
30/11/2017 23:58:00,0.181506575
01/12/2017 23:58:00,0.181007618
02/12/2017 23:58:00,0.181007618
03/12/2017 23:58:00,0.18153132
04/12/2017 23:58:00,0.180396759
05/12/2017 23:58:00,0.180011692
06/12/2017 23:58:00,0.180274146
07/12/2017 23:58:00,0.180717705
08/12/2017 23:58:00,0.18104935
09/12/2017 23:58:00,0.180895
10/12/2017 23:58:00,0.180960905
11/12/2017 23:58:00,0.18063243
12/12/2017 23:58:00,0.180223952
13/12/2017 23:58:00,0.179961152
14/12/2017 23:58:00,0.17978456
15/12/2017 23:58:00,0.179882563
17/12/2017 23:58:00,0.179643942
18/12/2017 23:58:00,0.17918792
19/12/2017 23:58:00,0.179482002
20/12/2017 23:58:00,0.179609815
21/12/2017 23:58:00,0.17984071
22/12/2017 23:58:00,0.179963491
23/12/2017 23:58:00,0.1797312
24/12/2017 23:58:00,0.180347904
25/12/2017 23:58:00,0.180004704
26/12/2017 23:58:00,0.179572521
27/12/2017 23:58:00,0.180731376
28/12/2017 23:58:00,0.181619187
29/12/2017 23:58:00,0.18232305
30/12/2017 23:58:00,0.18224455
31/12/2017 23:58:00,0.182225774
01/01/2018 23:58:00,0.182361025
02/01/2018 23:58:00,0.180637172
03/01/2018 23:58:00,0.18079433
04/01/2018 23:58:00,0.181007861
05/01/2018 23:58:00,0.181419055
07/01/2018 23:58:00,0.181328724
08/01/2018 23:58:00,0.181771988
09/01/2018 23:58:00,0.181420272
10/01/2018 23:58:00,0.18110015
11/01/2018 23:58:00,0.181567512
12/01/2018 23:58:00,0.181354712
13/01/2018 23:58:00,0.181311288
14/01/2018 23:58:00,0.181999125
15/01/2018 23:58:00,0.181390748
16/01/2018 23:58:00,0.18273102
17/01/2018 23:58:00,0.182727324
18/01/2018 23:58:00,0.183154611
19/01/2018 23:58:00,0.18333796
20/01/2018 23:58:00,0.18333796
21/01/2018 23:58:00,0.183408165
22/01/2018 23:58:00,0.183223722
23/01/2018 23:58:00,0.183374464
24/01/2018 23:58:00,0.18332643
25/01/2018 23:58:00,0.18402912
26/01/2018 23:58:00,0.184342448
28/01/2018 23:58:00,0.183787208
29/01/2018 23:58:00,0.183439984
30/01/2018 23:58:00,0.18328316
31/01/2018 23:58:00,0.18343719
01/02/2018 23:58:00,0.18412512
02/02/2018 23:58:00,0.1836425
03/02/2018 23:58:00,0.1835439
04/02/2018 23:58:00,0.183851005
05/02/2018 23:58:00,0.183371324
06/02/2018 23:58:00,0.184050315
07/02/2018 23:58:00,0.183886857
08/02/2018 23:58:00,0.182996397
09/02/2018 23:58:00,0.18324194
10/02/2018 23:58:00,0.18324194
11/02/2018 23:58:00,0.1830395
12/02/2018 23:58:00,0.183068325
13/02/2018 23:58:00,0.183143036
14/02/2018 23:58:00,0.183220548
15/02/2018 23:58:00,0.18348148
16/02/2018 23:58:00,0.18353306
17/02/2018 23:58:00,0.183410835
18/02/2018 23:58:00,0.182918509
19/02/2018 23:58:00,0.183828428
20/02/2018 23:58:00,0.183504128
21/02/2018 23:58:00,0.183306982
22/02/2018 23:58:00,0.183153752
23/02/2018 23:58:00,0.18308662
24/02/2018 23:58:00,0.18331354
25/02/2018 23:58:00,0.1829661185
26/02/2018 23:58:00,0.183103089
27/02/2018 23:58:00,0.18291636
28/02/2018 23:58:00,0.18271934
01/03/2018 23:58:00,0.182844753
02/03/2018 23:58:00,0.183246525
03/03/2018 23:58:00,0.183246525
04/03/2018 23:58:00,0.183474522
05/03/2018 23:58:00,0.1828159
06/03/2018 23:58:00,0.18311911
07/03/2018 23:58:00,0.183040564
08/03/2018 23:58:00,0.18270408
09/03/2018 23:58:00,0.182550687
11/03/2018 23:58:00,0.182301309
12/03/2018 23:58:00,0.182693502
13/03/2018 23:58:00,0.182791932
14/03/2018 23:58:00,0.18281376
15/03/2018 23:58:00,0.183268278
16/03/2018 23:58:00,0.1832985
18/03/2018 23:58:00,0.183218439
19/03/2018 23:58:00,0.1831651
20/03/2018 23:58:00,0.183125472
21/03/2018 23:58:00,0.183357704
22/03/2018 23:58:00,0.183279611
23/03/2018 23:58:00,0.182933835
24/03/2018 23:58:00,0.182933835
25/03/2018 23:58:00,0.182727468
26/03/2018 23:58:00,0.182278408
27/03/2018 23:58:00,0.18216798
28/03/2018 23:58:00,0.182394405
29/03/2018 23:58:00,0.183168917
30/03/2018 23:58:00,0.18327625
31/03/2018 23:58:00,0.18335175
01/04/2018 23:58:00,0.182721547
02/04/2018 23:58:00,0.18324549
03/04/2018 23:58:00,0.183515799
04/04/2018 23:58:00,0.183799088
05/04/2018 23:58:00,0.18359313
06/04/2018 23:58:00,0.183309355
07/04/2018 23:58:00,0.183347268
08/04/2018 23:58:00,0.183959072
09/04/2018 23:58:00,0.1835568
10/04/2018 23:58:00,0.18351036
11/04/2018 23:58:00,0.183630923
12/04/2018 23:58:00,0.183687805
13/04/2018 23:58:00,0.183737792
15/04/2018 23:58:00,0.18392529
16/04/2018 23:58:00,0.183169152
17/04/2018 23:58:00,0.18328861
18/04/2018 23:58:00,0.1835444
19/04/2018 23:58:00,0.183421372
20/04/2018 23:58:00,0.183185184
21/04/2018 23:58:00,0.183381921
22/04/2018 23:58:00,0.18318848
23/04/2018 23:58:00,0.182670048
24/04/2018 23:58:00,0.182575585
25/04/2018 23:58:00,0.1821376
26/04/2018 23:58:00,0.18251312
27/04/2018 23:58:00,0.1826688
29/04/2018 23:58:00,0.18299142
30/04/2018 23:58:00,0.181673665
01/05/2018 23:58:00,0.178981
02/05/2018 23:58:00,0.181740425
03/05/2018 23:58:00,0.18264489
04/05/2018 23:58:00,0.18239879
05/05/2018 23:58:00,0.182671704
06/05/2018 23:58:00,0.18291938
07/05/2018 23:58:00,0.18197122
08/05/2018 23:58:00,0.181457676
09/05/2018 23:58:00,0.181197947
10/05/2018 23:58:00,0.181855992
11/05/2018 23:58:00,0.18134532
12/05/2018 23:58:00,0.18134532
13/05/2018 23:58:00,0.18152842
14/05/2018 23:58:00,0.180849773
15/05/2018 23:58:00,0.180962981
16/05/2018 23:58:00,0.18116125
17/05/2018 23:58:00,0.18075304
18/05/2018 23:58:00,0.180257316
19/05/2018 23:58:00,0.180257316
20/05/2018 23:58:00,0.180068018
21/05/2018 23:58:00,0.17953236
22/05/2018 23:58:00,0.179809945
23/05/2018 23:58:00,0.17918786
24/05/2018 23:58:00,0.179115204
25/05/2018 23:58:00,0.17946708
26/05/2018 23:58:00,0.17942741
27/05/2018 23:58:00,0.180072132
28/05/2018 23:58:00,0.17970997
29/05/2018 23:58:00,0.178675245
30/05/2018 23:58:00,0.17931702
31/05/2018 23:58:00,0.180190025
01/06/2018 23:58:00,0.180378765
02/06/2018 23:58:00,0.180571592
03/06/2018 23:58:00,0.18003111
04/06/2018 23:58:00,0.18077169
05/06/2018 23:58:00,0.181061881
06/06/2018 23:58:00,0.180944232
07/06/2018 23:58:00,0.18024537
08/06/2018 23:58:00,0.18045445
09/06/2018 23:58:00,0.180726795
10/06/2018 23:58:00,0.180837902
11/06/2018 23:58:00,0.18141585
12/06/2018 23:58:00,0.181070952
13/06/2018 23:58:00,0.181069038
14/06/2018 23:58:00,0.180817032
15/06/2018 23:58:00,0.18070456
17/06/2018 23:58:00,0.180655005
18/06/2018 23:58:00,0.18062301
19/06/2018 23:58:00,0.18031552
20/06/2018 23:58:00,0.180499224
21/06/2018 23:58:00,0.18005568
22/06/2018 23:58:00,0.180430113
24/06/2018 23:58:00,0.180552192
25/06/2018 23:58:00,0.17984305
26/06/2018 23:58:00,0.17942489
27/06/2018 23:58:00,0.17904645
28/06/2018 23:58:00,0.179309295
29/06/2018 23:58:00,0.179055612
30/06/2018 23:58:00,0.179055612
01/07/2018 23:58:00,0.179383763
02/07/2018 23:58:00,0.17840459
03/07/2018 23:58:00,0.178088001
04/07/2018 23:58:00,0.1787043
05/07/2018 23:58:00,0.179330535
06/07/2018 23:58:00,0.179581654
07/07/2018 23:58:00,0.1795935442
08/07/2018 23:58:00,0.1794133891
09/07/2018 23:58:00,0.1797836496
10/07/2018 23:58:00,0.1799777083
11/07/2018 23:58:00,0.1792224144
12/07/2018 23:58:00,0.1793286072
13/07/2018 23:58:00,0.17921554
14/07/2018 23:58:00,0.1792195155
15/07/2018 23:58:00,0.179420635
16/07/2018 23:58:00,0.17981733
17/07/2018 23:58:00,0.179393916
18/07/2018 23:58:00,0.1796130702
19/07/2018 23:58:00,0.179158928
20/07/2018 23:58:00,0.1794808128
21/07/2018 23:58:00,0.1796653914
22/07/2018 23:58:00,0.1800638676
23/07/2018 23:58:00,0.1795064164
24/07/2018 23:58:00,0.1798280583
25/07/2018 23:58:00,0.1799052942
26/07/2018 23:58:00,0.1804596663
27/07/2018 23:58:00,0.1800039072
29/07/2018 23:58:00,0.1801333665
30/07/2018 23:58:00,0.1803618927
31/07/2018 23:58:00,0.180270363
01/08/2018 23:58:00,0.1800863715
02/08/2018 23:58:00,0.1797203464
03/08/2018 23:58:00,0.179856898
05/08/2018 23:58:00,0.1793158595
06/08/2018 23:58:00,0.180698434
07/08/2018 23:58:00,0.18105208
08/08/2018 23:58:00,0.1808951053
09/08/2018 23:58:00,0.181480662
10/08/2018 23:58:00,0.18112486
12/08/2018 23:58:00,0.180305964
13/08/2018 23:58:00,0.180448892
14/08/2018 23:58:00,0.1806643496
15/08/2018 23:58:00,0.180727352
16/08/2018 23:58:00,0.1805484252
17/08/2018 23:58:00,0.1806839104
19/08/2018 23:58:00,0.1813111755
20/08/2018 23:58:00,0.1800996818
21/08/2018 23:58:00,0.180076149
22/08/2018 23:58:00,0.1801643689
23/08/2018 23:58:00,0.1797720375
24/08/2018 23:58:00,0.1796143372
26/08/2018 23:58:00,0.1799838495
27/08/2018 23:58:00,0.1802696864
28/08/2018 23:58:00,0.1802835265
29/08/2018 23:58:00,0.1796905285
30/08/2018 23:58:00,0.1799734304
31/08/2018 23:58:00,0.1796676083
01/09/2018 23:58:00,0.1796875798
02/09/2018 23:58:00,0.1790495668
03/09/2018 23:58:00,0.1796247208
04/09/2018 23:58:00,0.1794903192
05/09/2018 23:58:00,0.1798087552
06/09/2018 23:58:00,0.179881479
07/09/2018 23:58:00,0.1801678501
08/09/2018 23:58:00,0.1801638404
09/09/2018 23:58:00,0.179764494
10/09/2018 23:58:00,0.1799508984
11/09/2018 23:58:00,0.1801118541
12/09/2018 23:58:00,0.1807276085
13/09/2018 23:58:00,0.1814091083
14/09/2018 23:58:00,0.1817815786
16/09/2018 23:58:00,0.181375062
17/09/2018 23:58:00,0.18217425
18/09/2018 23:58:00,0.1824678125
19/09/2018 23:58:00,0.182026362
20/09/2018 23:58:00,0.181596869
21/09/2018 23:58:00,0.1813224385
22/09/2018 23:58:00,0.181381786
23/09/2018 23:58:00,0.18131067
24/09/2018 23:58:00,0.1815830542
25/09/2018 23:58:00,0.1817187248
26/09/2018 23:58:00,0.1812727014
27/09/2018 23:58:00,0.1811609607
28/09/2018 23:58:00,0.18020898
30/09/2018 23:58:00,0.1802019584
01/10/2018 23:58:00,0.18039592
02/10/2018 23:58:00,0.1805652894
03/10/2018 23:58:00,0.1811063465
04/10/2018 23:58:00,0.1808055214
05/10/2018 23:58:00,0.1810086005
06/10/2018 23:58:00,0.1812818822
07/10/2018 23:58:00,0.1810626285
08/10/2018 23:58:00,0.1807259003
09/10/2018 23:58:00,0.180212886
10/10/2018 23:58:00,0.1800100584
11/10/2018 23:58:00,0.1802371634
12/10/2018 23:58:00,0.1805211673
14/10/2018 23:58:00,0.180300387
15/10/2018 23:58:00,0.1801640064
16/10/2018 23:58:00,0.1802883399
17/10/2018 23:58:00,0.1802787224
18/10/2018 23:58:00,0.1801215504
19/10/2018 23:58:00,0.1801650466
21/10/2018 23:58:00,0.1802076929
22/10/2018 23:58:00,0.1802938332
23/10/2018 23:58:00,0.18055226
24/10/2018 23:58:00,0.1797110688
25/10/2018 23:58:00,0.179797304
26/10/2018 23:58:00,0.1800852642
27/10/2018 23:58:00,0.1800852642
28/10/2018 23:58:00,0.1800444364
29/10/2018 23:58:00,0.1799856275
30/10/2018 23:58:00,0.1797773292
31/10/2018 23:58:00,0.1794149838
01/11/2018 23:58:00,0.18009999
02/11/2018 23:58:00,0.1800835616
04/11/2018 23:58:00,0.1804921627
05/11/2018 23:58:00,0.1801412142
06/11/2018 23:58:00,0.1798327003
07/11/2018 23:58:00,0.1796176134
08/11/2018 23:58:00,0.1795434996
09/11/2018 23:58:00,0.1791085212
10/11/2018 23:58:00,0.1791085212
11/11/2018 23:58:00,0.178649685
12/11/2018 23:58:00,0.1792359252
13/11/2018 23:58:00,0.179252549
14/11/2018 23:58:00,0.178588272
15/11/2018 23:58:00,0.1788187806
16/11/2018 23:58:00,0.1791040762
17/11/2018 23:58:00,0.1793077134
18/11/2018 23:58:00,0.1812796422
19/11/2018 23:58:00,0.179144876
20/11/2018 23:58:00,0.178986934
21/11/2018 23:58:00,0.17894568
22/11/2018 23:58:00,0.1787955696
23/11/2018 23:58:00,0.1793064
24/11/2018 23:58:00,0.1794689975
25/11/2018 23:58:00,0.1792623054
26/11/2018 23:58:00,0.1792613032
27/11/2018 23:58:00,0.1793642
28/11/2018 23:58:00,0.17875959
29/11/2018 23:58:00,0.1790832108
30/11/2018 23:58:00,0.1788071982
01/12/2018 23:58:00,0.1789900096
02/12/2018 23:58:00,0.1781637424
03/12/2018 23:58:00,0.178850193
04/12/2018 23:58:00,0.1789414062
05/12/2018 23:58:00,0.1791661176
06/12/2018 23:58:00,0.179234508
07/12/2018 23:58:00,0.1790190672
09/12/2018 23:58:00,0.1792988478
10/12/2018 23:58:00,0.1794105104
11/12/2018 23:58:00,0.17964284
12/12/2018 23:58:00,0.17962672
13/12/2018 23:58:00,0.1798054977
14/12/2018 23:58:00,0.180216425
16/12/2018 23:58:00,0.1804554058
17/12/2018 23:58:00,0.1799664659
18/12/2018 23:58:00,0.180100028
19/12/2018 23:58:00,0.1805026844
20/12/2018 23:58:00,0.1792520161
21/12/2018 23:58:00,0.178895176
22/12/2018 23:58:00,0.178895176
23/12/2018 23:58:00,0.178235508
24/12/2018 23:58:00,0.1790675557
25/12/2018 23:58:00,0.1794330593
26/12/2018 23:58:00,0.178757823
27/12/2018 23:58:00,0.1799412228
28/12/2018 23:58:00,0.180693939
29/12/2018 23:58:00,0.1811186554
30/12/2018 23:58:00,0.1805670489
31/12/2018 23:58:00,0.1805424894
01/01/2019 23:58:00,0.1803118405
02/01/2019 23:58:00,0.180592258
03/01/2019 23:58:00,0.1813501998
04/01/2019 23:58:00,0.1819481104
05/01/2019 23:58:00,0.1819481104
06/01/2019 23:58:00,0.1818334105
07/01/2019 23:58:00,0.182009191
08/01/2019 23:58:00,0.1816557707
09/01/2019 23:58:00,0.181844784
10/01/2019 23:58:00,0.1825188833
11/01/2019 23:58:00,0.1826679855
12/01/2019 23:58:00,0.1826679855
13/01/2019 23:58:00,0.182566502
14/01/2019 23:58:00,0.1827788179
15/01/2019 23:58:00,0.1828547357
16/01/2019 23:58:00,0.183228419
17/01/2019 23:58:00,0.1834813365
18/01/2019 23:58:00,0.1834563366
20/01/2019 23:58:00,0.183534894
21/01/2019 23:58:00,0.1839039051
22/01/2019 23:58:00,0.1858974886
23/01/2019 23:58:00,0.1849986857
24/01/2019 23:58:00,0.185030747
25/01/2019 23:58:00,0.185010633
26/01/2019 23:58:00,0.1850966135
27/01/2019 23:58:00,0.1854973876
28/01/2019 23:58:00,0.1849129416
29/01/2019 23:58:00,0.1843160987
30/01/2019 23:58:00,0.183726507
31/01/2019 23:58:00,0.1836751312
01/02/2019 23:58:00,0.1846262807
03/02/2019 23:58:00,0.1843818543
04/02/2019 23:58:00,0.1847803095
05/02/2019 23:58:00,0.1840260632
06/02/2019 23:58:00,0.183414582
07/02/2019 23:58:00,0.1835326827
08/02/2019 23:58:00,0.1834284768
09/02/2019 23:58:00,0.18371396
10/02/2019 23:58:00,0.183465576
11/02/2019 23:58:00,0.1828229
12/02/2019 23:58:00,0.1835160928
13/02/2019 23:58:00,0.1835359743
14/02/2019 23:58:00,0.1833903315
15/02/2019 23:58:00,0.18428553
16/02/2019 23:58:00,0.18428553
17/02/2019 23:58:00,0.1847398128
18/02/2019 23:58:00,0.1842543528
19/02/2019 23:58:00,0.1846109043
20/02/2019 23:58:00,0.1850535362
21/02/2019 23:58:00,0.1853222922
22/02/2019 23:58:00,0.185154715
23/02/2019 23:58:00,0.18527765
24/02/2019 23:58:00,0.185165955
25/02/2019 23:58:00,0.185563072
26/02/2019 23:58:00,0.1855626936
27/02/2019 23:58:00,0.1844853528
28/02/2019 23:58:00,0.1847150417
01/03/2019 23:58:00,0.1847229197
02/03/2019 23:58:00,0.1847229197
03/03/2019 23:58:00,0.1844818233
04/03/2019 23:58:00,0.1846520935
05/03/2019 23:58:00,0.1848896846
06/03/2019 23:58:00,0.184931783
07/03/2019 23:58:00,0.1846742857
08/03/2019 23:58:00,0.1844446668
09/03/2019 23:58:00,0.1844446668
10/03/2019 23:58:00,0.1846617264
11/03/2019 23:58:00,0.1846367163
12/03/2019 23:58:00,0.1857262592
13/03/2019 23:58:00,0.1856243095
14/03/2019 23:58:00,0.1851946581
15/03/2019 23:58:00,0.1852107851
16/03/2019 23:58:00,0.1856373344
17/03/2019 23:58:00,0.1850639999
18/03/2019 23:58:00,0.1852389744
19/03/2019 23:58:00,0.1854817335
20/03/2019 23:58:00,0.1850173992
21/03/2019 23:58:00,0.1849956564
22/03/2019 23:58:00,0.1841559465
23/03/2019 23:58:00,0.184400052
24/03/2019 23:58:00,0.184384006
25/03/2019 23:58:00,0.1842994392
26/03/2019 23:58:00,0.184119156
27/03/2019 23:58:00,0.18430295
28/03/2019 23:58:00,0.1842061694
29/03/2019 23:58:00,0.1844588592
30/03/2019 23:58:00,0.1844588592
31/03/2019 23:58:00,0.1846948512
01/04/2019 23:58:00,0.1844335996
02/04/2019 23:58:00,0.184472385
03/04/2019 23:58:00,0.1845576216
04/04/2019 23:58:00,0.1845657568
05/04/2019 23:58:00,0.1849079486
06/04/2019 23:58:00,0.1853297908
07/04/2019 23:58:00,0.1847857326
08/04/2019 23:58:00,0.1847664
09/04/2019 23:58:00,0.185357546
10/04/2019 23:58:00,0.1853926896
11/04/2019 23:58:00,0.1853243139
12/04/2019 23:58:00,0.1853329835
13/04/2019 23:58:00,0.1855651896
14/04/2019 23:58:00,0.1853188821
15/04/2019 23:58:00,0.1851669764
16/04/2019 23:58:00,0.1851102507
17/04/2019 23:58:00,0.185153459
18/04/2019 23:58:00,0.1849239164
19/04/2019 23:58:00,0.184721958
20/04/2019 23:58:00,0.1851414867
21/04/2019 23:58:00,0.184874822
22/04/2019 23:58:00,0.184726386
23/04/2019 23:58:00,0.1845423728
24/04/2019 23:58:00,0.184346556
25/04/2019 23:58:00,0.1845043221
26/04/2019 23:58:00,0.184668828
27/04/2019 23:58:00,0.1848581706
28/04/2019 23:58:00,0.1848221466
29/04/2019 23:58:00,0.185049871
30/04/2019 23:58:00,0.1851132
01/05/2019 23:58:00,0.184935288
02/05/2019 23:58:00,0.1846948512
03/05/2019 23:58:00,0.1842981435
04/05/2019 23:58:00,0.1847171347
05/05/2019 23:58:00,0.184251564
06/05/2019 23:58:00,0.1845387432
07/05/2019 23:58:00,0.1844888976
08/05/2019 23:58:00,0.184489883
09/05/2019 23:58:00,0.184594212
10/05/2019 23:58:00,0.1846163759
11/05/2019 23:58:00,0.1850362032
12/05/2019 23:58:00,0.1845232785
13/05/2019 23:58:00,0.1844177868
14/05/2019 23:58:00,0.184430688
15/05/2019 23:58:00,0.1848393756
16/05/2019 23:58:00,0.1847361048
17/05/2019 23:58:00,0.184467884
18/05/2019 23:58:00,0.184884843
19/05/2019 23:58:00,0.184591482
20/05/2019 23:58:00,0.1841784
21/05/2019 23:58:00,0.1844516112
22/05/2019 23:58:00,0.184089936
23/05/2019 23:58:00,0.1836306522
24/05/2019 23:58:00,0.1838871948
25/05/2019 23:58:00,0.1840432224
26/05/2019 23:58:00,0.1839699872
27/05/2019 23:58:00,0.1838497464
28/05/2019 23:58:00,0.1839084028
29/05/2019 23:58:00,0.1836351385
30/05/2019 23:58:00,0.1835871966
31/05/2019 23:58:00,0.1832485165
01/06/2019 23:58:00,0.183664105
02/06/2019 23:58:00,0.1837206896
03/06/2019 23:58:00,0.183073085
04/06/2019 23:58:00,0.1836733572
05/06/2019 23:58:00,0.1835124088
06/06/2019 23:58:00,0.183743898
07/06/2019 23:58:00,0.1839354064
08/06/2019 23:58:00,0.1842793785
09/06/2019 23:58:00,0.1835403204
10/06/2019 23:58:00,0.1836184302
11/06/2019 23:58:00,0.1838582035
12/06/2019 23:58:00,0.1841952552
13/06/2019 23:58:00,0.1842177596
14/06/2019 23:58:00,0.1844815104
15/06/2019 23:58:00,0.184793076
16/06/2019 23:58:00,0.1846793616
17/06/2019 23:58:00,0.184253498
18/06/2019 23:58:00,0.1839715801
19/06/2019 23:58:00,0.1839563817
20/06/2019 23:58:00,0.183820028
21/06/2019 23:58:00,0.1842299
22/06/2019 23:58:00,0.184655441
23/06/2019 23:58:00,0.1850070684
24/06/2019 23:58:00,0.1842871195
25/06/2019 23:58:00,0.1849719035
26/06/2019 23:58:00,0.1850882004
27/06/2019 23:58:00,0.1852206027
28/06/2019 23:58:00,0.185395192
29/06/2019 23:58:00,0.185826312
30/06/2019 23:58:00,0.1851752738
01/07/2019 23:58:00,0.1856062598
02/07/2019 23:58:00,0.1857227184
03/07/2019 23:58:00,0.1846916255
04/07/2019 23:58:00,0.184765877
05/07/2019 23:58:00,0.1848150912
06/07/2019 23:58:00,0.1848150912
07/07/2019 23:58:00,0.184871865
08/07/2019 23:58:00,0.1847571486
09/07/2019 23:58:00,0.1845826216
10/07/2019 23:58:00,0.1845794451
11/07/2019 23:58:00,0.1844597712
12/07/2019 23:58:00,0.184483614
13/07/2019 23:58:00,0.184907207
14/07/2019 23:58:00,0.1850064576
15/07/2019 23:58:00,0.1844569584
16/07/2019 23:58:00,0.1844166312
17/07/2019 23:58:00,0.184239374
18/07/2019 23:58:00,0.184808145
19/07/2019 23:58:00,0.184677048
20/07/2019 23:58:00,0.1847992608
21/07/2019 23:58:00,0.1845839673
22/07/2019 23:58:00,0.1844548688
23/07/2019 23:58:00,0.1843253235
24/07/2019 23:58:00,0.1845642875
25/07/2019 23:58:00,0.1846361451
26/07/2019 23:58:00,0.1842522663
27/07/2019 23:58:00,0.1846711865
28/07/2019 23:58:00,0.18452807
29/07/2019 23:58:00,0.1839260708
30/07/2019 23:58:00,0.1839305008
31/07/2019 23:58:00,0.1837808
01/08/2019 23:58:00,0.1832126502
02/08/2019 23:58:00,0.1831322025
03/08/2019 23:58:00,0.1835455117
04/08/2019 23:58:00,0.1833870978
05/08/2019 23:58:00,0.1828677338
06/08/2019 23:58:00,0.1833873
07/08/2019 23:58:00,0.183009806
08/08/2019 23:58:00,0.182714176
09/08/2019 23:58:00,0.182243658
10/08/2019 23:58:00,0.1826582
11/08/2019 23:58:00,0.182597382
12/08/2019 23:58:00,0.1825245063
13/08/2019 23:58:00,0.1823324202
14/08/2019 23:58:00,0.1820267147
15/08/2019 23:58:00,0.1824433812
16/08/2019 23:58:00,0.1831699176
17/08/2019 23:58:00,0.1835832427
18/08/2019 23:58:00,0.1832976096
19/08/2019 23:58:00,0.1829125686
20/08/2019 23:58:00,0.1829310917
21/08/2019 23:58:00,0.182713388
22/08/2019 23:58:00,0.1827646862
23/08/2019 23:58:00,0.1823452382
24/08/2019 23:58:00,0.1824486848
25/08/2019 23:58:00,0.1821462684
26/08/2019 23:58:00,0.1828325334
27/08/2019 23:58:00,0.1831654404
28/08/2019 23:58:00,0.1826251332
29/08/2019 23:58:00,0.182128347
30/08/2019 23:58:00,0.1817427976
31/08/2019 23:58:00,0.1821457215
01/09/2019 23:58:00,0.1817685688
02/09/2019 23:58:00,0.1820637248
03/09/2019 23:58:00,0.182524032
04/09/2019 23:58:00,0.1824051792
05/09/2019 23:58:00,0.1827086274
06/09/2019 23:58:00,0.182664783
07/09/2019 23:58:00,0.18281849
08/09/2019 23:58:00,0.1821146409
09/09/2019 23:58:00,0.182623623
10/09/2019 23:58:00,0.182546637
11/09/2019 23:58:00,0.1825328378
12/09/2019 23:58:00,0.18282035
13/09/2019 23:58:00,0.1827517858
14/09/2019 23:58:00,0.1827517858
15/09/2019 23:58:00,0.1827301109
16/09/2019 23:58:00,0.1827680604
17/09/2019 23:58:00,0.18227349
18/09/2019 23:58:00,0.1828121845
19/09/2019 23:58:00,0.18278808
20/09/2019 23:58:00,0.1832802319
21/09/2019 23:58:00,0.1836870434
22/09/2019 23:58:00,0.1835577468
23/09/2019 23:58:00,0.1831921146
24/09/2019 23:58:00,0.1831549
25/09/2019 23:58:00,0.1839000868
26/09/2019 23:58:00,0.183495501
27/09/2019 23:58:00,0.1838139013
28/09/2019 23:58:00,0.1838458672
29/09/2019 23:58:00,0.1833983932
30/09/2019 23:58:00,0.1835724339
01/10/2019 23:58:00,0.1838179065
02/10/2019 23:58:00,0.183695334
03/10/2019 23:58:00,0.1842563076
04/10/2019 23:58:00,0.1842873064
05/10/2019 23:58:00,0.1842989536
06/10/2019 23:58:00,0.1841622149
07/10/2019 23:58:00,0.1837466793
08/10/2019 23:58:00,0.1838086696
09/10/2019 23:58:00,0.1836188928
10/10/2019 23:58:00,0.1839032624
11/10/2019 23:58:00,0.1837854648
12/10/2019 23:58:00,0.1842101119
13/10/2019 23:58:00,0.1837037097
14/10/2019 23:58:00,0.1837378064
15/10/2019 23:58:00,0.1840903209
16/10/2019 23:58:00,0.1841350448
17/10/2019 23:58:00,0.1845607798
18/10/2019 23:58:00,0.1851639108
19/10/2019 23:58:00,0.1855233208
20/10/2019 23:58:00,0.1854037779
21/10/2019 23:58:00,0.1857984855
22/10/2019 23:58:00,0.1857673173
23/10/2019 23:58:00,0.1853087374
24/10/2019 23:58:00,0.1853459215
25/10/2019 23:58:00,0.1855970036
26/10/2019 23:58:00,0.1855970036
27/10/2019 23:58:00,0.1855443612
28/10/2019 23:58:00,0.1861635865
29/10/2019 23:58:00,0.1857602947
30/10/2019 23:58:00,0.1860312084
31/10/2019 23:58:00,0.186156322
01/11/2019 23:58:00,0.185942596
02/11/2019 23:58:00,0.185946636
03/11/2019 23:58:00,0.1859421651
04/11/2019 23:58:00,0.1858928053
05/11/2019 23:58:00,0.1859983989
06/11/2019 23:58:00,0.1860426782
07/11/2019 23:58:00,0.1859527261
08/11/2019 23:58:00,0.1866467877
09/11/2019 23:58:00,0.1869041245
10/11/2019 23:58:00,0.1866472952
11/11/2019 23:58:00,0.1864455331
12/11/2019 23:58:00,0.1860752376
13/11/2019 23:58:00,0.1858900844
14/11/2019 23:58:00,0.1859111324
15/11/2019 23:58:00,0.1859251585
16/11/2019 23:58:00,0.1862007794
17/11/2019 23:58:00,0.1860765956
18/11/2019 23:58:00,0.1864950901
19/11/2019 23:58:00,0.1864514858
20/11/2019 23:58:00,0.186978661
21/11/2019 23:58:00,0.1868426499
22/11/2019 23:58:00,0.1871560812
23/11/2019 23:58:00,0.1873426564
24/11/2019 23:58:00,0.1866899768
25/11/2019 23:58:00,0.1867664694
26/11/2019 23:58:00,0.1870773787
27/11/2019 23:58:00,0.1877594451
28/11/2019 23:58:00,0.1869943274
29/11/2019 23:58:00,0.1869786839
30/11/2019 23:58:00,0.1870101322
01/12/2019 23:58:00,0.186975794
02/12/2019 23:58:00,0.1866748722
03/12/2019 23:58:00,0.1867288461
04/12/2019 23:58:00,0.1865228545
05/12/2019 23:58:00,0.1866720375
06/12/2019 23:58:00,0.1869347797
07/12/2019 23:58:00,0.1872243226
08/12/2019 23:58:00,0.187020514
09/12/2019 23:58:00,0.1869651706
10/12/2019 23:58:00,0.1868104508
11/12/2019 23:58:00,0.1869837231
12/12/2019 23:58:00,0.1868395868
13/12/2019 23:58:00,0.1873444994
14/12/2019 23:58:00,0.1875815727
15/12/2019 23:58:00,0.1870935537
16/12/2019 23:58:00,0.187297727
17/12/2019 23:58:00,0.1874170649
18/12/2019 23:58:00,0.1867717505
19/12/2019 23:58:00,0.1870684876
20/12/2019 23:58:00,0.1871632086
21/12/2019 23:58:00,0.1874504751
22/12/2019 23:58:00,0.1871549955
23/12/2019 23:58:00,0.1871408458
24/12/2019 23:58:00,0.1869797685
25/12/2019 23:58:00,0.1870428169
26/12/2019 23:58:00,0.1872979936
27/12/2019 23:58:00,0.18764259
28/12/2019 23:58:00,0.1879358108
29/12/2019 23:58:00,0.1880857526
30/12/2019 23:58:00,0.187947162
31/12/2019 23:58:00,0.1880588355
01/01/2020 23:58:00,0.1880290233
02/01/2020 23:58:00,0.1883185447
03/01/2020 23:58:00,0.188025452
04/01/2020 23:58:00,0.1882973465
05/01/2020 23:58:00,0.1881014651
06/01/2020 23:58:00,0.1887012368
07/01/2020 23:58:00,0.1890832056
08/01/2020 23:58:00,0.188902435
09/01/2020 23:58:00,0.1889320796
10/01/2020 23:58:00,0.1888601269
11/01/2020 23:58:00,0.1889401915
12/01/2020 23:58:00,0.188840647
13/01/2020 23:58:00,0.1891280219
14/01/2020 23:58:00,0.1895542736
15/01/2020 23:58:00,0.1901623401
16/01/2020 23:58:00,0.1894749736
17/01/2020 23:58:00,0.1897206667
18/01/2020 23:58:00,0.1899818966
19/01/2020 23:58:00,0.1897768286
20/01/2020 23:58:00,0.1899905446
21/01/2020 23:58:00,0.1899287949
22/01/2020 23:58:00,0.1897227483
23/01/2020 23:58:00,0.1895468256
24/01/2020 23:58:00,0.1895570858
25/01/2020 23:58:00,0.1899550738
26/01/2020 23:58:00,0.1893440345
27/01/2020 23:58:00,0.1888605602
28/01/2020 23:58:00,0.1890260201
29/01/2020 23:58:00,0.1888871568
30/01/2020 23:58:00,0.1887574887
31/01/2020 23:58:00,0.1892067444
01/02/2020 23:58:00,0.1894960947
02/02/2020 23:58:00,0.1895166924
03/02/2020 23:58:00,0.1891747161
04/02/2020 23:58:00,0.1899046352
05/02/2020 23:58:00,0.189565291
06/02/2020 23:58:00,0.189993242
07/02/2020 23:58:00,0.1899540984
08/02/2020 23:58:00,0.1901198503
09/02/2020 23:58:00,0.189655384
10/02/2020 23:58:00,0.1901280642
11/02/2020 23:58:00,0.1908855611
12/02/2020 23:58:00,0.1914685345
13/02/2020 23:58:00,0.1912036209
14/02/2020 23:58:00,0.1916895159
15/02/2020 23:58:00,0.191804685
16/02/2020 23:58:00,0.1913126228
17/02/2020 23:58:00,0.1919834763
18/02/2020 23:58:00,0.190962939
19/02/2020 23:58:00,0.1910558444
20/02/2020 23:58:00,0.1909005898
21/02/2020 23:58:00,0.1914601633
22/02/2020 23:58:00,0.1914693275
23/02/2020 23:58:00,0.1908406094
24/02/2020 23:58:00,0.1898376004
25/02/2020 23:58:00,0.1900009998
26/02/2020 23:58:00,0.1893109036
27/02/2020 23:58:00,0.1894166221
28/02/2020 23:58:00,0.1887893262
29/02/2020 23:58:00,0.1891646009
01/03/2020 23:58:00,0.1901262074
02/03/2020 23:58:00,0.1882436748
03/03/2020 23:58:00,0.1888661392
04/03/2020 23:58:00,0.189568849
05/03/2020 23:58:00,0.1892656642
06/03/2020 23:58:00,0.1890932355
07/03/2020 23:58:00,0.1888789716
08/03/2020 23:58:00,0.1901701699
09/03/2020 23:58:00,0.1879261011
10/03/2020 23:58:00,0.1876248828
11/03/2020 23:58:00,0.1864607066
12/03/2020 23:58:00,0.183360984
13/03/2020 23:58:00,0.1829530511
14/03/2020 23:58:00,0.1833569577
15/03/2020 23:58:00,0.1845163546
16/03/2020 23:58:00,0.1768808426
17/03/2020 23:58:00,0.1782347739
18/03/2020 23:58:00,0.175712546
19/03/2020 23:58:00,0.1740903417
20/03/2020 23:58:00,0.1774582218
21/03/2020 23:58:00,0.1778285127
22/03/2020 23:58:00,0.1773095625
23/03/2020 23:58:00,0.1738922165
24/03/2020 23:58:00,0.1741574291
25/03/2020 23:58:00,0.175961915
26/03/2020 23:58:00,0.1775260074
27/03/2020 23:58:00,0.1761771043
28/03/2020 23:58:00,0.1764705846
29/03/2020 23:58:00,0.1764519025
30/03/2020 23:58:00,0.1765268346
31/03/2020 23:58:00,0.176096294
01/04/2020 23:58:00,0.1751393463
02/04/2020 23:58:00,0.1751423446
03/04/2020 23:58:00,0.1737431445
04/04/2020 23:58:00,0.1739418406
05/04/2020 23:58:00,0.1740557711
06/04/2020 23:58:00,0.1749681787
07/04/2020 23:58:00,0.1778652056
08/04/2020 23:58:00,0.1776471238
09/04/2020 23:58:00,0.1785012685
10/04/2020 23:58:00,0.1783780529
11/04/2020 23:58:00,0.178833695
12/04/2020 23:58:00,0.1785642029
13/04/2020 23:58:00,0.1793033813
14/04/2020 23:58:00,0.1796368936
15/04/2020 23:58:00,0.1783811845
16/04/2020 23:58:00,0.1777346235
17/04/2020 23:58:00,0.177272924
18/04/2020 23:58:00,0.177272924
19/04/2020 23:58:00,0.1774753961
20/04/2020 23:58:00,0.1762774193
21/04/2020 23:58:00,0.1753786578
22/04/2020 23:58:00,0.1748767949
23/04/2020 23:58:00,0.1755585054
24/04/2020 23:58:00,0.1780823179
25/04/2020 23:58:00,0.1779118226
26/04/2020 23:58:00,0.1779291618
27/04/2020 23:58:00,0.1770425927
28/04/2020 23:58:00,0.1780034997
29/04/2020 23:58:00,0.1781630153
30/04/2020 23:58:00,0.1781174016
01/05/2020 23:58:00,0.1774586115
02/05/2020 23:58:00,0.1774586115
03/05/2020 23:58:00,0.1767113279
04/05/2020 23:58:00,0.1779797973
05/05/2020 23:58:00,0.1781988351
06/05/2020 23:58:00,0.177540874
07/05/2020 23:58:00,0.1769425042
08/05/2020 23:58:00,0.1768213199
09/05/2020 23:58:00,0.1768213199
10/05/2020 23:58:00,0.1762203295
11/05/2020 23:58:00,0.1751296252
12/05/2020 23:58:00,0.1756679331
13/05/2020 23:58:00,0.1756276841
14/05/2020 23:58:00,0.174959438
15/05/2020 23:58:00,0.1745176172
16/05/2020 23:58:00,0.1746792734
17/05/2020 23:58:00,0.1744032309
18/05/2020 23:58:00,0.1747169604
19/05/2020 23:58:00,0.1757526259
20/05/2020 23:58:00,0.1768355703
21/05/2020 23:58:00,0.1781275431
22/05/2020 23:58:00,0.1773582477
23/05/2020 23:58:00,0.1773879812
24/05/2020 23:58:00,0.1771060117
25/05/2020 23:58:00,0.1773915657
26/05/2020 23:58:00,0.1787250113
27/05/2020 23:58:00,0.178274005
28/05/2020 23:58:00,0.1790309998
29/05/2020 23:58:00,0.1798506981
30/05/2020 23:58:00,0.1800347374
31/05/2020 23:58:00,0.1794293077
01/06/2020 23:58:00,0.181202661
02/06/2020 23:58:00,0.1811957112
03/06/2020 23:58:00,0.1811131581
04/06/2020 23:58:00,0.1809908862
05/06/2020 23:58:00,0.1817572082
06/06/2020 23:58:00,0.1818579583
07/06/2020 23:58:00,0.181470627
08/06/2020 23:58:00,0.1816779664
09/06/2020 23:58:00,0.181544974
10/06/2020 23:58:00,0.1814859279
11/06/2020 23:58:00,0.1805272638
12/06/2020 23:58:00,0.1806421804
13/06/2020 23:58:00,0.1807949285
14/06/2020 23:58:00,0.1802507676
15/06/2020 23:58:00,0.1810761923
16/06/2020 23:58:00,0.1813517038
17/06/2020 23:58:00,0.1814293176
18/06/2020 23:58:00,0.1810213408
19/06/2020 23:58:00,0.1813497753
20/06/2020 23:58:00,0.1816146361
21/06/2020 23:58:00,0.1812292546
22/06/2020 23:58:00,0.1813276519
23/06/2020 23:58:00,0.1815483856
24/06/2020 23:58:00,0.1807062208
25/06/2020 23:58:00,0.1808681802
26/06/2020 23:58:00,0.1807853681
27/06/2020 23:58:00,0.1808946651
28/06/2020 23:58:00,0.1805344186
29/06/2020 23:58:00,0.1803744134
30/06/2020 23:58:00,0.1811312183
01/07/2020 23:58:00,0.1815551073
02/07/2020 23:58:00,0.1814402008
03/07/2020 23:58:00,0.1811801845
04/07/2020 23:58:00,0.1813448006
05/07/2020 23:58:00,0.1809657441
06/07/2020 23:58:00,0.1809790711
07/07/2020 23:58:00,0.180644985
08/07/2020 23:58:00,0.1811327837
09/07/2020 23:58:00,0.1812190989
10/07/2020 23:58:00,0.1813270081
11/07/2020 23:58:00,0.1813270081
12/07/2020 23:58:00,0.1810109764
13/07/2020 23:58:00,0.1811488494
14/07/2020 23:58:00,0.1813360963
15/07/2020 23:58:00,0.1811923938
16/07/2020 23:58:00,0.1810698206
17/07/2020 23:58:00,0.1813523741
19/07/2020 23:58:00,0.1818396407
20/07/2020 23:58:00,0.1814094022
21/07/2020 23:58:00,0.1834749007
22/07/2020 23:58:00,0.1830641499
23/07/2020 23:58:00,0.1833018346
24/07/2020 23:58:00,0.1837651995
25/07/2020 23:58:00,0.183978974
26/07/2020 23:58:00,0.183949892
27/07/2020 23:58:00,0.1840572518
28/07/2020 23:58:00,0.1834575155
29/07/2020 23:58:00,0.1840747512
30/07/2020 23:58:00,0.1838212166
31/07/2020 23:58:00,0.18395716
01/08/2020 23:58:00,0.1841295254
02/08/2020 23:58:00,0.1828574094
03/08/2020 23:58:00,0.1835152892
04/08/2020 23:58:00,0.1846779656
05/08/2020 23:58:00,0.184776079
06/08/2020 23:58:00,0.1832507289
07/08/2020 23:58:00,0.1836944693
08/08/2020 23:58:00,0.1836944693
09/08/2020 23:58:00,0.1833878987
10/08/2020 23:58:00,0.1840091135
11/08/2020 23:58:00,0.184298222
12/08/2020 23:58:00,0.1844979294
13/08/2020 23:58:00,0.1844442566
14/08/2020 23:58:00,0.1851154733
15/08/2020 23:58:00,0.1853844544
16/08/2020 23:58:00,0.1846449195
17/08/2020 23:58:00,0.1843738399
18/08/2020 23:58:00,0.1847953436
19/08/2020 23:58:00,0.1850137949
20/08/2020 23:58:00,0.1855141096
21/08/2020 23:58:00,0.1853366542
22/08/2020 23:58:00,0.1855938623
23/08/2020 23:58:00,0.1852754215
24/08/2020 23:58:00,0.1849894284
25/08/2020 23:58:00,0.1844750151
26/08/2020 23:58:00,0.1837467104
27/08/2020 23:58:00,0.1837226066
28/08/2020 23:58:00,0.1851264662
29/08/2020 23:58:00,0.1853417222
30/08/2020 23:58:00,0.1850089911
31/08/2020 23:58:00,0.1837348691
01/09/2020 23:58:00,0.1839366809
02/09/2020 23:58:00,0.1834718865
03/09/2020 23:58:00,0.1831955377
04/09/2020 23:58:00,0.1831299876
05/09/2020 23:58:00,0.1833170871
06/09/2020 23:58:00,0.1834525483
07/09/2020 23:58:00,0.182750981
08/09/2020 23:58:00,0.1829709784
09/09/2020 23:58:00,0.1828593643
10/09/2020 23:58:00,0.1823125847
11/09/2020 23:58:00,0.1825337265
12/09/2020 23:58:00,0.1827338307
13/09/2020 23:58:00,0.1823683764
14/09/2020 23:58:00,0.1818242353
15/09/2020 23:58:00,0.1810732021
16/09/2020 23:58:00,0.1813565342
17/09/2020 23:58:00,0.1813776646
18/09/2020 23:58:00,0.1812654887
19/09/2020 23:58:00,0.1815843793
20/09/2020 23:58:00,0.1809756996
21/09/2020 23:58:00,0.1787176783
22/09/2020 23:58:00,0.1801700544
23/09/2020 23:58:00,0.1800772607
24/09/2020 23:58:00,0.1794890423
25/09/2020 23:58:00,0.1793252701
26/09/2020 23:58:00,0.1795548218
27/09/2020 23:58:00,0.1793660548
28/09/2020 23:58:00,0.1787234791
29/09/2020 23:58:00,0.1787065327
30/09/2020 23:58:00,0.1796648042
01/10/2020 23:58:00,0.1811013079
02/10/2020 23:58:00,0.1793988005
03/10/2020 23:58:00,0.1796232327
04/10/2020 23:58:00,0.1791547965
05/10/2020 23:58:00,0.1795443576
06/10/2020 23:58:00,0.1798523474
07/10/2020 23:58:00,0.1794972038
08/10/2020 23:58:00,0.1787659615
09/10/2020 23:58:00,0.1800699985
10/10/2020 23:58:00,0.1802978174
11/10/2020 23:58:00,0.1796178318
12/10/2020 23:58:00,0.1789556483
13/10/2020 23:58:00,0.1778632475
14/10/2020 23:58:00,0.1784119232
15/10/2020 23:58:00,0.1778714727
16/10/2020 23:58:00,0.1784935417
17/10/2020 23:58:00,0.1787650425
18/10/2020 23:58:00,0.1779350237
19/10/2020 23:58:00,0.1784039033
20/10/2020 23:58:00,0.1791984884
21/10/2020 23:58:00,0.1785770309
22/10/2020 23:58:00,0.1787271244
23/10/2020 23:58:00,0.1787359912
24/10/2020 23:58:00,0.1789619048
25/10/2020 23:58:00,0.1790029761
26/10/2020 23:58:00,0.1780702387
27/10/2020 23:58:00,0.178047619
28/10/2020 23:58:00,0.1772149686
29/10/2020 23:58:00,0.1777986192
30/10/2020 23:58:00,0.1782185025
31/10/2020 23:58:00,0.1785467653
01/11/2020 23:58:00,0.1782015985
02/11/2020 23:58:00,0.179026815
03/11/2020 23:58:00,0.1806296969
04/11/2020 23:58:00,0.180815413
05/11/2020 23:58:00,0.1821544338
06/11/2020 23:58:00,0.182903973
07/11/2020 23:58:00,0.1831713776
08/11/2020 23:58:00,0.183142929
09/11/2020 23:58:00,0.1830451046
10/11/2020 23:58:00,0.1837957801
11/11/2020 23:58:00,0.1836894606
12/11/2020 23:58:00,0.1832217992
13/11/2020 23:58:00,0.1839749436
14/11/2020 23:58:00,0.1842547161
15/11/2020 23:58:00,0.1844257383
16/11/2020 23:58:00,0.1841813478
17/11/2020 23:58:00,0.1835389988
18/11/2020 23:58:00,0.1845092999
19/11/2020 23:58:00,0.1845088742
20/11/2020 23:58:00,0.1844470966
21/11/2020 23:58:00,0.1847343886
22/11/2020 23:58:00,0.1849456988
23/11/2020 23:58:00,0.1847578352
24/11/2020 23:58:00,0.1858283976
25/11/2020 23:58:00,0.1860334672
26/11/2020 23:58:00,0.1859129877
27/11/2020 23:58:00,0.1857016387
28/11/2020 23:58:00,0.1860312176
29/11/2020 23:58:00,0.1861209845
30/11/2020 23:58:00,0.1850138135
01/12/2020 23:58:00,0.1849149235
02/12/2020 23:58:00,0.1840495138
03/12/2020 23:58:00,0.183966772
04/12/2020 23:58:00,0.183742851
05/12/2020 23:58:00,0.1840374455
06/12/2020 23:58:00,0.1832878192
07/12/2020 23:58:00,0.1834446747
08/12/2020 23:58:00,0.1845381772
09/12/2020 23:58:00,0.1846217244
10/12/2020 23:58:00,0.1844439458
11/12/2020 23:58:00,0.1845586459
12/12/2020 23:58:00,0.1847838047
13/12/2020 23:58:00,0.185235183
14/12/2020 23:58:00,0.1842689614
15/12/2020 23:58:00,0.1843684431
16/12/2020 23:58:00,0.1854524424
17/12/2020 23:58:00,0.1858310484
18/12/2020 23:58:00,0.1861120297
19/12/2020 23:58:00,0.1863073529
20/12/2020 23:58:00,0.1855480914
21/12/2020 23:58:00,0.1852429144
22/12/2020 23:58:00,0.1846258555
23/12/2020 23:58:00,0.1850335822
24/12/2020 23:58:00,0.1854241707
25/12/2020 23:58:00,0.1861290954
26/12/2020 23:58:00,0.1865798546
27/12/2020 23:58:00,0.1858325924
28/12/2020 23:58:00,0.1846929572
29/12/2020 23:58:00,0.1856531338
30/12/2020 23:58:00,0.1853945402
31/12/2020 23:58:00,0.1850561264
01/01/2021 23:58:00,0.1850692079
02/01/2021 23:58:00,0.1855175984
03/01/2021 23:58:00,0.1854647945
04/01/2021 23:58:00,0.1855044829
05/01/2021 23:58:00,0.1858585658
06/01/2021 23:58:00,0.1854649749
07/01/2021 23:58:00,0.1848865294
08/01/2021 23:58:00,0.1859011949
09/01/2021 23:58:00,0.1859263282
10/01/2021 23:58:00,0.1847890163
11/01/2021 23:58:00,0.1850387269
12/01/2021 23:58:00,0.1857512465
13/01/2021 23:58:00,0.1857355044
14/01/2021 23:58:00,0.1859422035
15/01/2021 23:58:00,0.1860060981
16/01/2021 23:58:00,0.1860060981
17/01/2021 23:58:00,0.1853667816
18/01/2021 23:58:00,0.1859780525
19/01/2021 23:58:00,0.1858932444
20/01/2021 23:58:00,0.1863363825
21/01/2021 23:58:00,0.1863444622
22/01/2021 23:58:00,0.1864328659
23/01/2021 23:58:00,0.1866001385
24/01/2021 23:58:00,0.1864538213
25/01/2021 23:58:00,0.1859239748
26/01/2021 23:58:00,0.1866593223
27/01/2021 23:58:00,0.186698052
28/01/2021 23:58:00,0.1866923853
29/01/2021 23:58:00,0.1869514674
30/01/2021 23:58:00,0.1867306082
31/01/2021 23:58:00,0.186930569
01/02/2021 23:58:00,0.1873775241
02/02/2021 23:58:00,0.1875615248
03/02/2021 23:58:00,0.1878659064
04/02/2021 23:58:00,0.1882181589
05/02/2021 23:58:00,0.1887166743
06/02/2021 23:58:00,0.1891222545
07/02/2021 23:58:00,0.1890953948
08/02/2021 23:58:00,0.1893063192
09/02/2021 23:58:00,0.1889300554
10/02/2021 23:58:00,0.1888202446
11/02/2021 23:58:00,0.1889125832
12/02/2021 23:58:00,0.1889683522
13/02/2021 23:58:00,0.1889683522
14/02/2021 23:58:00,0.1889202388
15/02/2021 23:58:00,0.189332789
16/02/2021 23:58:00,0.1882490018
17/02/2021 23:58:00,0.1882532744
18/02/2021 23:58:00,0.1877438757
19/02/2021 23:58:00,0.1881843632
20/02/2021 23:58:00,0.1881843632
21/02/2021 23:58:00,0.1879163886
22/02/2021 23:58:00,0.1878669334
23/02/2021 23:58:00,0.1880799704
24/02/2021 23:58:00,0.186848111
25/02/2021 23:58:00,0.1851491957
26/02/2021 23:58:00,0.1860290391
27/02/2021 23:58:00,0.1862644679
28/02/2021 23:58:00,0.1851298994
01/03/2021 23:58:00,0.1859249973
02/03/2021 23:58:00,0.1857362809
03/03/2021 23:58:00,0.1858364813
04/03/2021 23:58:00,0.1855860328
05/03/2021 23:58:00,0.1852297288
06/03/2021 23:58:00,0.1855139469
07/03/2021 23:58:00,0.1853160148
08/03/2021 23:58:00,0.1846559698
09/03/2021 23:58:00,0.1860993626
10/03/2021 23:58:00,0.1859160859
11/03/2021 23:58:00,0.1860221756
12/03/2021 23:58:00,0.1863296043
13/03/2021 23:58:00,0.1865300809
14/03/2021 23:58:00,0.1864304871
15/03/2021 23:58:00,0.1860919066
16/03/2021 23:58:00,0.1864658709
17/03/2021 23:58:00,0.1869540805
18/03/2021 23:58:00,0.1866596016
19/03/2021 23:58:00,0.1868897168
20/03/2021 23:58:00,0.1873343362
21/03/2021 23:58:00,0.1867924467
22/03/2021 23:58:00,0.1872069607
23/03/2021 23:58:00,0.1861779318
24/03/2021 23:58:00,0.1857817321
25/03/2021 23:58:00,0.1863757974
26/03/2021 23:58:00,0.1868973505
27/03/2021 23:58:00,0.187345057
28/03/2021 23:58:00,0.1869909384
29/03/2021 23:58:00,0.1878246339
30/03/2021 23:58:00,0.1877129167
31/03/2021 23:58:00,0.1880452476
01/04/2021 23:58:00,0.1876949001
02/04/2021 23:58:00,0.1870251565
03/04/2021 23:58:00,0.1885392383
04/04/2021 23:58:00,0.1880958706
05/04/2021 23:58:00,0.1886927256
06/04/2021 23:58:00,0.1883521559
07/04/2021 23:58:00,0.1896938235
08/04/2021 23:58:00,0.1899741252
09/04/2021 23:58:00,0.1889712054
10/04/2021 23:58:00,0.1890667714
11/04/2021 23:58:00,0.1886178192
12/04/2021 23:58:00,0.188781004
13/04/2021 23:58:00,0.1895629532
14/04/2021 23:58:00,0.1894508141
15/04/2021 23:58:00,0.1896521372
16/04/2021 23:58:00,0.1898391998
17/04/2021 23:58:00,0.1898391998
18/04/2021 23:58:00,0.1892262007
19/04/2021 23:58:00,0.189503221
20/04/2021 23:58:00,0.1895476225
21/04/2021 23:58:00,0.1901155436
22/04/2021 23:58:00,0.1901931724
23/04/2021 23:58:00,0.1903595705
24/04/2021 23:58:00,0.1903595705
25/04/2021 23:58:00,0.190794998
26/04/2021 23:58:00,0.1899621871
27/04/2021 23:58:00,0.1896217865
28/04/2021 23:58:00,0.1898200463
29/04/2021 23:58:00,0.190196916
30/04/2021 23:58:00,0.1901165214
01/05/2021 23:58:00,0.1901165214
02/05/2021 23:58:00,0.1887406111
03/05/2021 23:58:00,0.1905785018
04/05/2021 23:58:00,0.190214218
05/05/2021 23:58:00,0.1906410104
06/05/2021 23:58:00,0.1911126561
07/05/2021 23:58:00,0.1919480117
08/05/2021 23:58:00,0.1919480117
09/05/2021 23:58:00,0.1916393848
10/05/2021 23:58:00,0.1922742876
11/05/2021 23:58:00,0.1925938056
12/05/2021 23:58:00,0.1920287817
13/05/2021 23:58:00,0.1926905315
14/05/2021 23:58:00,0.193347247
15/05/2021 23:58:00,0.1934263628
16/05/2021 23:58:00,0.1930887544
17/05/2021 23:58:00,0.1933695942
18/05/2021 23:58:00,0.1935628097
19/05/2021 23:58:00,0.1929523397
20/05/2021 23:58:00,0.1927649659
21/05/2021 23:58:00,0.1934912686
22/05/2021 23:58:00,0.1936030338
23/05/2021 23:58:00,0.1932579652
24/05/2021 23:58:00,0.1934417998
25/05/2021 23:58:00,0.1932244272
26/05/2021 23:58:00,0.1930097857
27/05/2021 23:58:00,0.1927828461
28/05/2021 23:58:00,0.1929415749
29/05/2021 23:58:00,0.1932128382
30/05/2021 23:58:00,0.1928587634
31/05/2021 23:58:00,0.1928869437
01/06/2021 23:58:00,0.1930925637
02/06/2021 23:58:00,0.1928401685
03/06/2021 23:58:00,0.1927983617
04/06/2021 23:58:00,0.1933205642
05/06/2021 23:58:00,0.1935835759
06/06/2021 23:58:00,0.1932792712
07/06/2021 23:58:00,0.1932366297
08/06/2021 23:58:00,0.1930888943
09/06/2021 23:58:00,0.193355239
10/06/2021 23:58:00,0.1936291261
11/06/2021 23:58:00,0.1934203468
12/06/2021 23:58:00,0.1937152891
13/06/2021 23:58:00,0.1930459287
14/06/2021 23:58:00,0.1930840385
15/06/2021 23:58:00,0.1929272036
16/06/2021 23:58:00,0.1926170224
17/06/2021 23:58:00,0.192269353
18/06/2021 23:58:00,0.1923668894
19/06/2021 23:58:00,0.1926077067
20/06/2021 23:58:00,0.1922124851
21/06/2021 23:58:00,0.1928858093
22/06/2021 23:58:00,0.1928100347
23/06/2021 23:58:00,0.1937152262
24/06/2021 23:58:00,0.1931394953
25/06/2021 23:58:00,0.1931479822
26/06/2021 23:58:00,0.1934438099
27/06/2021 23:58:00,0.1931620731
28/06/2021 23:58:00,0.1935120931
29/06/2021 23:58:00,0.1918901336
30/06/2021 23:58:00,0.1927468754
01/07/2021 23:58:00,0.1917208458
02/07/2021 23:58:00,0.1924699981
03/07/2021 23:58:00,0.1924699981
04/07/2021 23:58:00,0.1924697667
05/07/2021 23:58:00,0.1921759919
06/07/2021 23:58:00,0.1907982414
07/07/2021 23:58:00,0.1906197571
08/07/2021 23:58:00,0.1901556047
09/07/2021 23:58:00,0.1910438487
10/07/2021 23:58:00,0.1911802861
11/07/2021 23:58:00,0.190869455
12/07/2021 23:58:00,0.1916175819
13/07/2021 23:58:00,0.1916832123
14/07/2021 23:58:00,0.1924190605
15/07/2021 23:58:00,0.1914241606
16/07/2021 23:58:00,0.1928177085
17/07/2021 23:58:00,0.1927419885
18/07/2021 23:58:00,0.1925636538
19/07/2021 23:58:00,0.1912308421
20/07/2021 23:58:00,0.1915557217
21/07/2021 23:58:00,0.1912912812
22/07/2021 23:58:00,0.1915920576
23/07/2021 23:58:00,0.1916532861
24/07/2021 23:58:00,0.1916532861
25/07/2021 23:58:00,0.191647029
26/07/2021 23:58:00,0.1910919535
27/07/2021 23:58:00,0.1909091137
28/07/2021 23:58:00,0.1912081735
29/07/2021 23:58:00,0.1926221116
30/07/2021 23:58:00,0.1925925884
31/07/2021 23:58:00,0.1927820159
01/08/2021 23:58:00,0.1912033811
02/08/2021 23:58:00,0.1925587105
03/08/2021 23:58:00,0.1927233863
04/08/2021 23:58:00,0.1929282223
05/08/2021 23:58:00,0.1920981948
06/08/2021 23:58:00,0.1915744506
07/08/2021 23:58:00,0.193059609
08/08/2021 23:58:00,0.1928327134
09/08/2021 23:58:00,0.1933586403
10/08/2021 23:58:00,0.193183495
11/08/2021 23:58:00,0.1931518866
12/08/2021 23:58:00,0.1930456409
13/08/2021 23:58:00,0.1930657189
14/08/2021 23:58:00,0.1933885237
15/08/2021 23:58:00,0.1919870895
16/08/2021 23:58:00,0.1929401471
17/08/2021 23:58:00,0.1929927601
18/08/2021 23:58:00,0.1930574796
19/08/2021 23:58:00,0.1929095495
20/08/2021 23:58:00,0.1914481927
21/08/2021 23:58:00,0.1929738847
22/08/2021 23:58:00,0.1926319289
23/08/2021 23:58:00,0.1925464605
24/08/2021 23:58:00,0.1917227184
25/08/2021 23:58:00,0.1924128154
26/08/2021 23:58:00,0.1927721255
27/08/2021 23:58:00,0.1932797014
28/08/2021 23:58:00,0.1934940869
29/08/2021 23:58:00,0.1931330203
30/08/2021 23:58:00,0.1925772742
31/08/2021 23:58:00,0.1927472724
01/09/2021 23:58:00,0.1941857948
02/09/2021 23:58:00,0.1931204321
03/09/2021 23:58:00,0.1945876462
04/09/2021 23:58:00,0.194857268
05/09/2021 23:58:00,0.1943040231
06/09/2021 23:58:00,0.1933825883
07/09/2021 23:58:00,0.1944640976
08/09/2021 23:58:00,0.1942250684
09/09/2021 23:58:00,0.1939739829
10/09/2021 23:58:00,0.19478638
11/09/2021 23:58:00,0.1950693205
12/09/2021 23:58:00,0.1933499516
13/09/2021 23:58:00,0.1938035282
14/09/2021 23:58:00,0.1947288472
15/09/2021 23:58:00,0.1950502755
16/09/2021 23:58:00,0.1950428892
17/09/2021 23:58:00,0.1945239841
18/09/2021 23:58:00,0.1948159898
19/09/2021 23:58:00,0.1945903121
20/09/2021 23:58:00,0.1938808687
21/09/2021 23:58:00,0.1942045384
22/09/2021 23:58:00,0.1944626887
23/09/2021 23:58:00,0.194545059
24/09/2021 23:58:00,0.1927453529
25/09/2021 23:58:00,0.1944147146
26/09/2021 23:58:00,0.1945901609
27/09/2021 23:58:00,0.1942160775
28/09/2021 23:58:00,0.1936662068
29/09/2021 23:58:00,0.1925932722
30/09/2021 23:58:00,0.1948398543
01/10/2021 23:58:00,0.1950091313
02/10/2021 23:58:00,0.1953308152
03/10/2021 23:58:00,0.1948703241
04/10/2021 23:58:00,0.1951419321
05/10/2021 23:58:00,0.1938953898
06/10/2021 23:58:00,0.1942587961
07/10/2021 23:58:00,0.1940497582
08/10/2021 23:58:00,0.1943257443
09/10/2021 23:58:00,0.1944229778
10/10/2021 23:58:00,0.1940262791
11/10/2021 23:58:00,0.194440036
12/10/2021 23:58:00,0.193547456
13/10/2021 23:58:00,0.1936172127
14/10/2021 23:58:00,0.1948953198
15/10/2021 23:58:00,0.1949972233
16/10/2021 23:58:00,0.1949972233
17/10/2021 23:58:00,0.194983545
18/10/2021 23:58:00,0.194276498
19/10/2021 23:58:00,0.1940055325
20/10/2021 23:58:00,0.1937168112
21/10/2021 23:58:00,0.1928705143
22/10/2021 23:58:00,0.1925900365
23/10/2021 23:58:00,0.1925629721
24/10/2021 23:58:00,0.1927266921
25/10/2021 23:58:00,0.1922883431
26/10/2021 23:58:00,0.1923752316
27/10/2021 23:58:00,0.1924678957
28/10/2021 23:58:00,0.1921927587
29/10/2021 23:58:00,0.1928368942
30/10/2021 23:58:00,0.1928684418
31/10/2021 23:58:00,0.192422963
01/11/2021 23:58:00,0.1934631931
02/11/2021 23:58:00,0.193706612
03/11/2021 23:58:00,0.194154562
04/11/2021 23:58:00,0.1951918766
05/11/2021 23:58:00,0.1960943356
06/11/2021 23:58:00,0.1960943356
07/11/2021 23:58:00,0.196547832
08/11/2021 23:58:00,0.1958856821
09/11/2021 23:58:00,0.1961040114
10/11/2021 23:58:00,0.1961678431
11/11/2021 23:58:00,0.1960453915
12/11/2021 23:58:00,0.1959881223
13/11/2021 23:58:00,0.1959614729
14/11/2021 23:58:00,0.1960968485
15/11/2021 23:58:00,0.1962281525
16/11/2021 23:58:00,0.1959732359
17/11/2021 23:58:00,0.1962335898
18/11/2021 23:58:00,0.1957427439
19/11/2021 23:58:00,0.1947073426
20/11/2021 23:58:00,0.1947238682
21/11/2021 23:58:00,0.194032157
22/11/2021 23:58:00,0.1944695905
23/11/2021 23:58:00,0.1940164218
24/11/2021 23:58:00,0.1939808182
25/11/2021 23:58:00,0.1935276839
26/11/2021 23:58:00,0.193001657
27/11/2021 23:58:00,0.193001657
28/11/2021 23:58:00,0.1922191488
29/11/2021 23:58:00,0.193428904
30/11/2021 23:58:00,0.193928501
01/12/2021 23:58:00,0.1942786327
02/12/2021 23:58:00,0.1945081666
03/12/2021 23:58:00,0.1943651944
04/12/2021 23:58:00,0.1943785826
05/12/2021 23:58:00,0.1952121861
06/12/2021 23:58:00,0.1945267486
07/12/2021 23:58:00,0.1944902412
08/12/2021 23:58:00,0.1943816615
09/12/2021 23:58:00,0.1946746276
10/12/2021 23:58:00,0.1953159174
11/12/2021 23:58:00,0.1952875776
12/12/2021 23:58:00,0.1950957952
13/12/2021 23:58:00,0.1949529846
14/12/2021 23:58:00,0.1956729888
15/12/2021 23:58:00,0.195935961
16/12/2021 23:58:00,0.1953703936
17/12/2021 23:58:00,0.1962645332
18/12/2021 23:58:00,0.1962538727
19/12/2021 23:58:00,0.1955613315
20/12/2021 23:58:00,0.1961785194
21/12/2021 23:58:00,0.196047117
22/12/2021 23:58:00,0.1974243419
23/12/2021 23:58:00,0.197401012
24/12/2021 23:58:00,0.1977826107
25/12/2021 23:58:00,0.1977826107
26/12/2021 23:58:00,0.1978081688
27/12/2021 23:58:00,0.197531005
28/12/2021 23:58:00,0.1986410384
29/12/2021 23:58:00,0.1984419448
30/12/2021 23:58:00,0.1992275324
31/12/2021 23:58:00,0.1989324355
01/01/2022 23:58:00,0.1989324355
02/01/2022 23:58:00,0.1987941658
03/01/2022 23:58:00,0.1994255698
04/01/2022 23:58:00,0.2004156814
05/01/2022 23:58:00,0.200864782
06/01/2022 23:58:00,0.2016211055
07/01/2022 23:58:00,0.2023204652
08/01/2022 23:58:00,0.2023335794
09/01/2022 23:58:00,0.2025260984
10/01/2022 23:58:00,0.2030689854
11/01/2022 23:58:00,0.2024457377
12/01/2022 23:58:00,0.2032350098
13/01/2022 23:58:00,0.2015256025
14/01/2022 23:58:00,0.2016325037
15/01/2022 23:58:00,0.2016325037
16/01/2022 23:58:00,0.2013915889
17/01/2022 23:58:00,0.2022693264
18/01/2022 23:58:00,0.2026885218
19/01/2022 23:58:00,0.2036453235
20/01/2022 23:58:00,0.2037097142
21/01/2022 23:58:00,0.2026325431
22/01/2022 23:58:00,0.2026464867
23/01/2022 23:58:00,0.2026621991
24/01/2022 23:58:00,0.2012898656
25/01/2022 23:58:00,0.2018190037
26/01/2022 23:58:00,0.201553689
27/01/2022 23:58:00,0.2023532393
28/01/2022 23:58:00,0.2019389604
29/01/2022 23:58:00,0.2020273972
30/01/2022 23:58:00,0.202011405
31/01/2022 23:58:00,0.2031847263
01/02/2022 23:58:00,0.2037543304
02/02/2022 23:58:00,0.2044459369
03/02/2022 23:58:00,0.2033052233
04/02/2022 23:58:00,0.2029557971
05/02/2022 23:58:00,0.2029557971
06/02/2022 23:58:00,0.2036274362
07/02/2022 23:58:00,0.2040810397
08/02/2022 23:58:00,0.2036201859
09/02/2022 23:58:00,0.2031840162
10/02/2022 23:58:00,0.2030274973
11/02/2022 23:58:00,0.2013565733
12/02/2022 23:58:00,0.2013509952
13/02/2022 23:58:00,0.2017679585
14/02/2022 23:58:00,0.2012021719
15/02/2022 23:58:00,0.2026736143
16/02/2022 23:58:00,0.202860999
17/02/2022 23:58:00,0.2026460855
18/02/2022 23:58:00,0.2037046942
19/02/2022 23:58:00,0.2037046942
20/02/2022 23:58:00,0.2029217066
21/02/2022 23:58:00,0.2026787252
22/02/2022 23:58:00,0.2014553616
23/02/2022 23:58:00,0.2011171064
24/02/2022 23:58:00,0.2000142963
25/02/2022 23:58:00,0.1999831394
26/02/2022 23:58:00,0.2000469379
27/02/2022 23:58:00,0.1967890184
28/02/2022 23:58:00,0.1965590979
01/03/2022 23:58:00,0.1947900637
02/03/2022 23:58:00,0.1929639712
03/03/2022 23:58:00,0.1919750447
04/03/2022 23:58:00,0.1923064634
05/03/2022 23:58:00,0.1923064634
06/03/2022 23:58:00,0.192952101
07/03/2022 23:58:00,0.1919565379
08/03/2022 23:58:00,0.1943503937
09/03/2022 23:58:00,0.1963808645
10/03/2022 23:58:00,0.1965266288
11/03/2022 23:58:00,0.1970507982
12/03/2022 23:58:00,0.1970507982
13/03/2022 23:58:00,0.196378166
14/03/2022 23:58:00,0.199320944
15/03/2022 23:58:00,0.1992625534
16/03/2022 23:58:00,0.2003874332
17/03/2022 23:58:00,0.1999389337
18/03/2022 23:58:00,0.1989511307
19/03/2022 23:58:00,0.1989511307
20/03/2022 23:58:00,0.199454451
21/03/2022 23:58:00,0.2003274883
22/03/2022 23:58:00,0.2002897993
23/03/2022 23:58:00,0.2001617593
24/03/2022 23:58:00,0.2002078019
25/03/2022 23:58:00,0.2015261815
26/03/2022 23:58:00,0.2015351275
27/03/2022 23:58:00,0.2010155436
28/03/2022 23:58:00,0.2012028334
29/03/2022 23:58:00,0.2020280149
30/03/2022 23:58:00,0.2025216618
31/03/2022 23:58:00,0.2024877988
01/04/2022 23:58:00,0.20307434
02/04/2022 23:58:00,0.2030421172
03/04/2022 23:58:00,0.2031418966
04/04/2022 23:58:00,0.2029996308
05/04/2022 23:58:00,0.2029061344
06/04/2022 23:58:00,0.2019907864
07/04/2022 23:58:00,0.2014950468
08/04/2022 23:58:00,0.2022299825
09/04/2022 23:58:00,0.2022299825
10/04/2022 23:58:00,0.2023820102
11/04/2022 23:58:00,0.2021231815
12/04/2022 23:58:00,0.2019531768
13/04/2022 23:58:00,0.2023693269
14/04/2022 23:58:00,0.2021355609
15/04/2022 23:58:00,0.2021756816
16/04/2022 23:58:00,0.2022420674
17/04/2022 23:58:00,0.2021967816
18/04/2022 23:58:00,0.2019683766
19/04/2022 23:58:00,0.2021793996
20/04/2022 23:58:00,0.2027726031
21/04/2022 23:58:00,0.2029112504
22/04/2022 23:58:00,0.2031025705
23/04/2022 23:58:00,0.2031187942
24/04/2022 23:58:00,0.2025473191
25/04/2022 23:58:00,0.2029203728
26/04/2022 23:58:00,0.2012617685
27/04/2022 23:58:00,0.2017719293
28/04/2022 23:58:00,0.2014567862
29/04/2022 23:58:00,0.2010691081
30/04/2022 23:58:00,0.2010691081
01/05/2022 23:58:00,0.2009933535
02/05/2022 23:58:00,0.2003278659
03/05/2022 23:58:00,0.2006605232
04/05/2022 23:58:00,0.2011351876
05/05/2022 23:58:00,0.2014109032
06/05/2022 23:58:00,0.1977652334
07/05/2022 23:58:00,0.1977652334
08/05/2022 23:58:00,0.1968521665
09/05/2022 23:58:00,0.1976115893
10/05/2022 23:58:00,0.1978472697
11/05/2022 23:58:00,0.1947772688
12/05/2022 23:58:00,0.1984436492
13/05/2022 23:58:00,0.1996704102
14/05/2022 23:58:00,0.1996704102
15/05/2022 23:58:00,0.1996611172
16/05/2022 23:58:00,0.200090058
17/05/2022 23:58:00,0.2002803176
18/05/2022 23:58:00,0.2006151566
19/05/2022 23:58:00,0.2003558325
20/05/2022 23:58:00,0.2008971409
21/05/2022 23:58:00,0.2008971409
22/05/2022 23:58:00,0.2010899041
23/05/2022 23:58:00,0.2008007032
24/05/2022 23:58:00,0.2007208571
25/05/2022 23:58:00,0.2001961467
26/05/2022 23:58:00,0.2000541184
27/05/2022 23:58:00,0.2001512699
28/05/2022 23:58:00,0.2001512699
29/05/2022 23:58:00,0.2004990792
30/05/2022 23:58:00,0.2000815472
31/05/2022 23:58:00,0.1999361283
01/06/2022 23:58:00,0.1997228816
02/06/2022 23:58:00,0.200248468
03/06/2022 23:58:00,0.2003989707
04/06/2022 23:58:00,0.2003989707
05/06/2022 23:58:00,0.2003923889
06/06/2022 23:58:00,0.1999759993
07/06/2022 23:58:00,0.1997192896
08/06/2022 23:58:00,0.2001607751
09/06/2022 23:58:00,0.2001504817
10/06/2022 23:58:00,0.2000894166
11/06/2022 23:58:00,0.2000894166
12/06/2022 23:58:00,0.1993849489
13/06/2022 23:58:00,0.1999054323
14/06/2022 23:58:00,0.1997671428
15/06/2022 23:58:00,0.1997905729
16/06/2022 23:58:00,0.1999175126
17/06/2022 23:58:00,0.199974955
18/06/2022 23:58:00,0.2000305636
19/06/2022 23:58:00,0.2006024916
20/06/2022 23:58:00,0.20026183
21/06/2022 23:58:00,0.2003047298
22/06/2022 23:58:00,0.1999793862
23/06/2022 23:58:00,0.1998727068
24/06/2022 23:58:00,0.1998886122
25/06/2022 23:58:00,0.1998886122
26/06/2022 23:58:00,0.1999002619
27/06/2022 23:58:00,0.1999617313
28/06/2022 23:58:00,0.1999696038
29/06/2022 23:58:00,0.1998285511
30/06/2022 23:58:00,0.1998850194
01/07/2022 23:58:00,0.199827263
02/07/2022 23:58:00,0.199827263
03/07/2022 23:58:00,0.1999882581
04/07/2022 23:58:00,0.1998450488
05/07/2022 23:58:00,0.1997173764
06/07/2022 23:58:00,0.1994773722
07/07/2022 23:58:00,0.1996233097
08/07/2022 23:58:00,0.200577885
09/07/2022 23:58:00,0.2005741536
10/07/2022 23:58:00,0.2005169536
11/07/2022 23:58:00,0.2008603188
12/07/2022 23:58:00,0.2023038158
13/07/2022 23:58:00,0.2026643266
14/07/2022 23:58:00,0.202027302
15/07/2022 23:58:00,0.2015775451
16/07/2022 23:58:00,0.2016016114
17/07/2022 23:58:00,0.201787348
18/07/2022 23:58:00,0.201325346
19/07/2022 23:58:00,0.2015655562
20/07/2022 23:58:00,0.2012060338
21/07/2022 23:58:00,0.2012897783
22/07/2022 23:58:00,0.2005747289
23/07/2022 23:58:00,0.2005918078
24/07/2022 23:58:00,0.2002261576
25/07/2022 23:58:00,0.2006739983
26/07/2022 23:58:00,0.2005073799
27/07/2022 23:58:00,0.2005556148
28/07/2022 23:58:00,0.200821514
29/07/2022 23:58:00,0.2002110112
30/07/2022 23:58:00,0.2002193189
31/07/2022 23:58:00,0.2004771944
01/08/2022 23:58:00,0.1999885503
02/08/2022 23:58:00,0.1998015876
03/08/2022 23:58:00,0.199805472
04/08/2022 23:58:00,0.2004103437
05/08/2022 23:58:00,0.2008766988
06/08/2022 23:58:00,0.2008743236
07/08/2022 23:58:00,0.201004121
08/08/2022 23:58:00,0.2002259303
09/08/2022 23:58:00,0.1999511148
10/08/2022 23:58:00,0.2014434717
11/08/2022 23:58:00,0.2012815972
12/08/2022 23:58:00,0.2006177511
13/08/2022 23:58:00,0.2006177511
14/08/2022 23:58:00,0.2009575238
15/08/2022 23:58:00,0.1977978492
16/08/2022 23:58:00,0.1987591844
17/08/2022 23:58:00,0.1988607465
18/08/2022 23:58:00,0.1981735717
19/08/2022 23:58:00,0.1981284249
20/08/2022 23:58:00,0.1982835204
21/08/2022 23:58:00,0.1980354124
22/08/2022 23:58:00,0.1980666032
23/08/2022 23:58:00,0.1964968514
24/08/2022 23:58:00,0.1972905163
25/08/2022 23:58:00,0.1974507535
26/08/2022 23:58:00,0.1977973007
27/08/2022 23:58:00,0.1977973007
28/08/2022 23:58:00,0.1973826099
29/08/2022 23:58:00,0.1978236126
30/08/2022 23:58:00,0.1981948171
31/08/2022 23:58:00,0.1975928438
01/09/2022 23:58:00,0.1975633415
02/09/2022 23:58:00,0.1962756019
03/09/2022 23:58:00,0.1962932195
04/09/2022 23:58:00,0.1963521097
05/09/2022 23:58:00,0.1962297422
06/09/2022 23:58:00,0.1970165326
07/09/2022 23:58:00,0.1976752326
08/09/2022 23:58:00,0.1990044545
09/09/2022 23:58:00,0.1995296499
10/09/2022 23:58:00,0.1995296499
11/09/2022 23:58:00,0.2003373804
12/09/2022 23:58:00,0.2002637343
13/09/2022 23:58:00,0.2005254604
14/09/2022 23:58:00,0.2011692838
15/09/2022 23:58:00,0.2010481308
16/09/2022 23:58:00,0.200768682
17/09/2022 23:58:00,0.1983139576
18/09/2022 23:58:00,0.2006980817
19/09/2022 23:58:00,0.2011891065
20/09/2022 23:58:00,0.200748393
21/09/2022 23:58:00,0.2004652316
22/09/2022 23:58:00,0.2003272456
23/09/2022 23:58:00,0.2007700688
24/09/2022 23:58:00,0.200755841
25/09/2022 23:58:00,0.2008525428
26/09/2022 23:58:00,0.2006365014
27/09/2022 23:58:00,0.2004226876
28/09/2022 23:58:00,0.2006862675
29/09/2022 23:58:00,0.2016878955
30/09/2022 23:58:00,0.2013044724
01/10/2022 23:58:00,0.2014567674
02/10/2022 23:58:00,0.2018473229
03/10/2022 23:58:00,0.2015468519
04/10/2022 23:58:00,0.2013167179
05/10/2022 23:58:00,0.2015312483
06/10/2022 23:58:00,0.2015655994
07/10/2022 23:58:00,0.20151449
08/10/2022 23:58:00,0.2017321536
09/10/2022 23:58:00,0.2006544267
10/10/2022 23:58:00,0.201327296
11/10/2022 23:58:00,0.2011079599
12/10/2022 23:58:00,0.2011970197
13/10/2022 23:58:00,0.2007208125
14/10/2022 23:58:00,0.2006285056
15/10/2022 23:58:00,0.2006205998
16/10/2022 23:58:00,0.2005117849
17/10/2022 23:58:00,0.2009199895
18/10/2022 23:58:00,0.2008762379
19/10/2022 23:58:00,0.2005407633
20/10/2022 23:58:00,0.2004578981
21/10/2022 23:58:00,0.2020160627
22/10/2022 23:58:00,0.2006807065
23/10/2022 23:58:00,0.2006459439
24/10/2022 23:58:00,0.2006545125
25/10/2022 23:58:00,0.2001328237
26/10/2022 23:58:00,0.1984547301
27/10/2022 23:58:00,0.1999318451
28/10/2022 23:58:00,0.200841103
29/10/2022 23:58:00,0.200841103
30/10/2022 23:58:00,0.2007700095
31/10/2022 23:58:00,0.2005499863
01/11/2022 23:58:00,0.2006851677
02/11/2022 23:58:00,0.1999689786
03/11/2022 23:58:00,0.200440396
04/11/2022 23:58:00,0.2003717228
05/11/2022 23:58:00,0.2003707118
06/11/2022 23:58:00,0.2011669841
07/11/2022 23:58:00,0.201560623
08/11/2022 23:58:00,0.2013574908
09/11/2022 23:58:00,0.2007163017
10/11/2022 23:58:00,0.2008611646
11/11/2022 23:58:00,0.2014595163
12/11/2022 23:58:00,0.2014612319
13/11/2022 23:58:00,0.2014936537
14/11/2022 23:58:00,0.2018840532
15/11/2022 23:58:00,0.2021637225
16/11/2022 23:58:00,0.2019125491
17/11/2022 23:58:00,0.201892545
18/11/2022 23:58:00,0.2029255863
19/11/2022 23:58:00,0.2029255863
20/11/2022 23:58:00,0.202168174
21/11/2022 23:58:00,0.2030200162
22/11/2022 23:58:00,0.2026456756
23/11/2022 23:58:00,0.2025013242
24/11/2022 23:58:00,0.201654286
25/11/2022 23:58:00,0.201965352
26/11/2022 23:58:00,0.2019644909
27/11/2022 23:58:00,0.2012897705
28/11/2022 23:58:00,0.202135943
29/11/2022 23:58:00,0.2019687223
30/11/2022 23:58:00,0.2024762082
01/12/2022 23:58:00,0.2022748522
02/12/2022 23:58:00,0.2020894124
03/12/2022 23:58:00,0.2020651623
04/12/2022 23:58:00,0.2021679623
05/12/2022 23:58:00,0.2023914802
06/12/2022 23:58:00,0.2020555212
07/12/2022 23:58:00,0.2024840733
08/12/2022 23:58:00,0.2024543313
09/12/2022 23:58:00,0.202846094
10/12/2022 23:58:00,0.202846094
11/12/2022 23:58:00,0.2022188244
12/12/2022 23:58:00,0.2027492311
13/12/2022 23:58:00,0.2024404
14/12/2022 23:58:00,0.2029078464
15/12/2022 23:58:00,0.2028640481
16/12/2022 23:58:00,0.2028444089
17/12/2022 23:58:00,0.2028444089
18/12/2022 23:58:00,0.2024484658
19/12/2022 23:58:00,0.2025042788
20/12/2022 23:58:00,0.2029032729
21/12/2022 23:58:00,0.202298502
22/12/2022 23:58:00,0.2021170157
23/12/2022 23:58:00,0.2030041039
24/12/2022 23:58:00,0.2029925227
25/12/2022 23:58:00,0.202712667
26/12/2022 23:58:00,0.2030212441
27/12/2022 23:58:00,0.2031877204
28/12/2022 23:58:00,0.2039099218
29/12/2022 23:58:00,0.2045589996
30/12/2022 23:58:00,0.2046700181
31/12/2022 23:58:00,0.2046718289
01/01/2023 23:58:00,0.2057843835
02/01/2023 23:58:00,0.2039723335
03/01/2023 23:58:00,0.2047717994
04/01/2023 23:58:00,0.2056530955
05/01/2023 23:58:00,0.2049893689
06/01/2023 23:58:00,0.2051435394
07/01/2023 23:58:00,0.2053847097
08/01/2023 23:58:00,0.2062980004
09/01/2023 23:58:00,0.205719957
10/01/2023 23:58:00,0.2057987946
11/01/2023 23:58:00,0.2055657784
12/01/2023 23:58:00,0.2055840981
13/01/2023 23:58:00,0.20606914
14/01/2023 23:58:00,0.2060672773
15/01/2023 23:58:00,0.2060822073
16/01/2023 23:58:00,0.2054990824
17/01/2023 23:58:00,0.2059363879
18/01/2023 23:58:00,0.2060359849
19/01/2023 23:58:00,0.2057301155
20/01/2023 23:58:00,0.2058297775
21/01/2023 23:58:00,0.2058396116
22/01/2023 23:58:00,0.2065103936
23/01/2023 23:58:00,0.2059380829
24/01/2023 23:58:00,0.2058874706
25/01/2023 23:58:00,0.2059422195
26/01/2023 23:58:00,0.2047330901
27/01/2023 23:58:00,0.2057024695
28/01/2023 23:58:00,0.2056865106
29/01/2023 23:58:00,0.2058957783
30/01/2023 23:58:00,0.2060551523
31/01/2023 23:58:00,0.206761884
01/02/2023 23:58:00,0.2063502098
02/02/2023 23:58:00,0.2066352558
03/02/2023 23:58:00,0.2057435814
04/02/2023 23:58:00,0.2057435814
05/02/2023 23:58:00,0.2059979669
06/02/2023 23:58:00,0.2051604011
07/02/2023 23:58:00,0.2056260525
08/02/2023 23:58:00,0.2059501998
09/02/2023 23:58:00,0.2063483572
10/02/2023 23:58:00,0.2063655221
11/02/2023 23:58:00,0.2063652698
12/02/2023 23:58:00,0.2065798713
13/02/2023 23:58:00,0.2060663046
14/02/2023 23:58:00,0.206753021
15/02/2023 23:58:00,0.2072599874
16/02/2023 23:58:00,0.2069687653
17/02/2023 23:58:00,0.2071130054
18/02/2023 23:58:00,0.2071120737
19/02/2023 23:58:00,0.2072895447
20/02/2023 23:58:00,0.2072569786
21/02/2023 23:58:00,0.2073656022
22/02/2023 23:58:00,0.207624521
23/02/2023 23:58:00,0.2078012355
24/02/2023 23:58:00,0.2081508267
25/02/2023 23:58:00,0.2080402463
26/02/2023 23:58:00,0.2080967241
27/02/2023 23:58:00,0.2082805211
28/02/2023 23:58:00,0.2095854429
01/03/2023 23:58:00,0.2106817574
02/03/2023 23:58:00,0.2100087795
03/03/2023 23:58:00,0.209712472
04/03/2023 23:58:00,0.209712472
05/03/2023 23:58:00,0.2098224793
06/03/2023 23:58:00,0.2088404313
07/03/2023 23:58:00,0.209008072
08/03/2023 23:58:00,0.2082109676
09/03/2023 23:58:00,0.2077300476
10/03/2023 23:58:00,0.207967867
11/03/2023 23:58:00,0.207967867
12/03/2023 23:58:00,0.2080290524
13/03/2023 23:58:00,0.2073486931
14/03/2023 23:58:00,0.2071176632
15/03/2023 23:58:00,0.2044065253
16/03/2023 23:58:00,0.2050492378
17/03/2023 23:58:00,0.2051382326
18/03/2023 23:58:00,0.2051382326
19/03/2023 23:58:00,0.2049012603
20/03/2023 23:58:00,0.2051306428
21/03/2023 23:58:00,0.2068957016
22/03/2023 23:58:00,0.2075140675
23/03/2023 23:58:00,0.2084687238
24/03/2023 23:58:00,0.2081998258
25/03/2023 23:58:00,0.2081998258
26/03/2023 23:58:00,0.2080927512
27/03/2023 23:58:00,0.2077086846
28/03/2023 23:58:00,0.2093973895
29/03/2023 23:58:00,0.2101985986
30/03/2023 23:58:00,0.2104818913
31/03/2023 23:58:00,0.2108336605
01/04/2023 23:58:00,0.2108336605
02/04/2023 23:58:00,0.2107734107
03/04/2023 23:58:00,0.2103092653
04/04/2023 23:58:00,0.2100780166
05/04/2023 23:58:00,0.210502804
06/04/2023 23:58:00,0.211051543
07/04/2023 23:58:00,0.211789135
08/04/2023 23:58:00,0.2114577808
09/04/2023 23:58:00,0.211028892
10/04/2023 23:58:00,0.2109652366
11/04/2023 23:58:00,0.2102632626
12/04/2023 23:58:00,0.2116069815
13/04/2023 23:58:00,0.212404752
14/04/2023 23:58:00,0.2118743534
15/04/2023 23:58:00,0.2118649248
16/04/2023 23:58:00,0.2120357381
17/04/2023 23:58:00,0.2111615642
18/04/2023 23:58:00,0.2105931417
19/04/2023 23:58:00,0.2104909347
20/04/2023 23:58:00,0.209810007
21/04/2023 23:58:00,0.2100324895
22/04/2023 23:58:00,0.2100324895
23/04/2023 23:58:00,0.2096123322
24/04/2023 23:58:00,0.2101307098
25/04/2023 23:58:00,0.2099284772
26/04/2023 23:58:00,0.2100666174
27/04/2023 23:58:00,0.2103050321
28/04/2023 23:58:00,0.2095065044
29/04/2023 23:58:00,0.2095065044
30/04/2023 23:58:00,0.2097724375
01/05/2023 23:58:00,0.2087343936
02/05/2023 23:58:00,0.2089403663
03/05/2023 23:58:00,0.2097086727
04/05/2023 23:58:00,0.2102344182
05/05/2023 23:58:00,0.2107142816
06/05/2023 23:58:00,0.2107142816
07/05/2023 23:58:00,0.2104954397
08/05/2023 23:58:00,0.2104108395
09/05/2023 23:58:00,0.2103213813
10/05/2023 23:58:00,0.2099138065
11/05/2023 23:58:00,0.2093212998
12/05/2023 23:58:00,0.2088973799
13/05/2023 23:58:00,0.2088961394
14/05/2023 23:58:00,0.2086598667
15/05/2023 23:58:00,0.2091915689
16/05/2023 23:58:00,0.2091223634
17/05/2023 23:58:00,0.2097062836
18/05/2023 23:58:00,0.2097996731
19/05/2023 23:58:00,0.2095144779
20/05/2023 23:58:00,0.2094121815
21/05/2023 23:58:00,0.2094902385
22/05/2023 23:58:00,0.2098431357
23/05/2023 23:58:00,0.2099615427
24/05/2023 23:58:00,0.2095487906
25/05/2023 23:58:00,0.2096438122
26/05/2023 23:58:00,0.2094159241
27/05/2023 23:58:00,0.2093615727
28/05/2023 23:58:00,0.2092035117
29/05/2023 23:58:00,0.2094101689
30/05/2023 23:58:00,0.2095777696
31/05/2023 23:58:00,0.2091618955
01/06/2023 23:58:00,0.2098191938
02/06/2023 23:58:00,0.2102926228
03/06/2023 23:58:00,0.2102888068
04/06/2023 23:58:00,0.2099901748
05/06/2023 23:58:00,0.2108302102
06/06/2023 23:58:00,0.2105452211
07/06/2023 23:58:00,0.2097671979
08/06/2023 23:58:00,0.2093296227
09/06/2023 23:58:00,0.2092084151
10/06/2023 23:58:00,0.2092074652
11/06/2023 23:58:00,0.2087900546
12/06/2023 23:58:00,0.2083533873
13/06/2023 23:58:00,0.2081499404
14/06/2023 23:58:00,0.2081254455
15/06/2023 23:58:00,0.2085970962
16/06/2023 23:58:00,0.2089122209
17/06/2023 23:58:00,0.2089122209
18/06/2023 23:58:00,0.2081047865
19/06/2023 23:58:00,0.2089481564
20/06/2023 23:58:00,0.2089277143
21/06/2023 23:58:00,0.2090878695
22/06/2023 23:58:00,0.2097563843
23/06/2023 23:58:00,0.2095555679
24/06/2023 23:58:00,0.2095618874
25/06/2023 23:58:00,0.2095047073
26/06/2023 23:58:00,0.209680992
27/06/2023 23:58:00,0.2099179406
28/06/2023 23:58:00,0.2094337497
29/06/2023 23:58:00,0.2094202056
30/06/2023 23:58:00,0.2087198486
01/07/2023 23:58:00,0.2087198486
02/07/2023 23:58:00,0.208869169
03/07/2023 23:58:00,0.2087667336
04/07/2023 23:58:00,0.2085954779
05/07/2023 23:58:00,0.2083753158
06/07/2023 23:58:00,0.2072346101
07/07/2023 23:58:00,0.2075200795
08/07/2023 23:58:00,0.2075143516
09/07/2023 23:58:00,0.2070923515
10/07/2023 23:58:00,0.2076138469
11/07/2023 23:58:00,0.2074863003
12/07/2023 23:58:00,0.2079327129
13/07/2023 23:58:00,0.2076465856
14/07/2023 23:58:00,0.2075840546
15/07/2023 23:58:00,0.2075767048
16/07/2023 23:58:00,0.2076095544
17/07/2023 23:58:00,0.207762494
18/07/2023 23:58:00,0.2071699414
19/07/2023 23:58:00,0.2065355536
20/07/2023 23:58:00,0.2056164495
21/07/2023 23:58:00,0.2055109165
22/07/2023 23:58:00,0.2055109165
23/07/2023 23:58:00,0.2052810736
24/07/2023 23:58:00,0.2037960232
25/07/2023 23:58:00,0.204595909
26/07/2023 23:58:00,0.2048230906
27/07/2023 23:58:00,0.2048953064
28/07/2023 23:58:00,0.2056509188
29/07/2023 23:58:00,0.2056509188
30/07/2023 23:58:00,0.2057713616
31/07/2023 23:58:00,0.2065102669
01/08/2023 23:58:00,0.2059184659
02/08/2023 23:58:00,0.2058884151
03/08/2023 23:58:00,0.2042627755
04/08/2023 23:58:00,0.2038650814
05/08/2023 23:58:00,0.2038061071
06/08/2023 23:58:00,0.2039235628
07/08/2023 23:58:00,0.2042553308
08/08/2023 23:58:00,0.2039452237
09/08/2023 23:58:00,0.2038089414
10/08/2023 23:58:00,0.2040285228
11/08/2023 23:58:00,0.205244641
12/08/2023 23:58:00,0.2053083448
13/08/2023 23:58:00,0.2052296827
14/08/2023 23:58:00,0.2053772442
15/08/2023 23:58:00,0.2048801427
16/08/2023 23:58:00,0.2045650953
17/08/2023 23:58:00,0.2053482232
18/08/2023 23:58:00,0.2059145695
19/08/2023 23:58:00,0.2059145695
20/08/2023 23:58:00,0.2058280595
21/08/2023 23:58:00,0.2054643606
22/08/2023 23:58:00,0.2050184059
23/08/2023 23:58:00,0.2050345118
24/08/2023 23:58:00,0.2044731556
25/08/2023 23:58:00,0.2047100532
26/08/2023 23:58:00,0.2047100532
27/08/2023 23:58:00,0.2048070261
28/08/2023 23:58:00,0.2044285884
29/08/2023 23:58:00,0.2050398576
30/08/2023 23:58:00,0.2051459191
31/08/2023 23:58:00,0.2052716733
01/09/2023 23:58:00,0.20530142
02/09/2023 23:58:00,0.20530142
03/09/2023 23:58:00,0.205308417
04/09/2023 23:58:00,0.2048545545
05/09/2023 23:58:00,0.2049599646
06/09/2023 23:58:00,0.2044294377
07/09/2023 23:58:00,0.2037188834
08/09/2023 23:58:00,0.2034121285
09/09/2023 23:58:00,0.2034121285
10/09/2023 23:58:00,0.2037078658
11/09/2023 23:58:00,0.202281465
12/09/2023 23:58:00,0.2025349012
13/09/2023 23:58:00,0.20344057
14/09/2023 23:58:00,0.202541172
15/09/2023 23:58:00,0.2022894128
16/09/2023 23:58:00,0.2023328057
17/09/2023 23:58:00,0.2025790578
18/09/2023 23:58:00,0.2034348977
19/09/2023 23:58:00,0.2033177247
20/09/2023 23:58:00,0.2037458908
21/09/2023 23:58:00,0.2032884511
22/09/2023 23:58:00,0.2035213658
23/09/2023 23:58:00,0.2035431781
24/09/2023 23:58:00,0.203343072
25/09/2023 23:58:00,0.2039623461
26/09/2023 23:58:00,0.2035673909
27/09/2023 23:58:00,0.2043363813
28/09/2023 23:58:00,0.2043639488
29/09/2023 23:58:00,0.2036789265
30/09/2023 23:58:00,0.2037135599
01/10/2023 23:58:00,0.2033157405
02/10/2023 23:58:00,0.2035731858
03/10/2023 23:58:00,0.2028870925
04/10/2023 23:58:00,0.20393551
05/10/2023 23:58:00,0.2033474824
06/10/2023 23:58:00,0.2030001233
07/10/2023 23:58:00,0.2030001233
08/10/2023 23:58:00,0.202790101
09/10/2023 23:58:00,0.2029886719
10/10/2023 23:58:00,0.2021354903
11/10/2023 23:58:00,0.2021752882
12/10/2023 23:58:00,0.2011964333
13/10/2023 23:58:00,0.201088737
14/10/2023 23:58:00,0.201088737
15/10/2023 23:58:00,0.2011423144
16/10/2023 23:58:00,0.2013072592
17/10/2023 23:58:00,0.201530161
18/10/2023 23:58:00,0.201373845
19/10/2023 23:58:00,0.201719155
20/10/2023 23:58:00,0.2021080164
21/10/2023 23:58:00,0.2021080164
22/10/2023 23:58:00,0.2019749611
23/10/2023 23:58:00,0.2018821428
24/10/2023 23:58:00,0.2017376161
25/10/2023 23:58:00,0.2009457306
26/10/2023 23:58:00,0.2014210606
27/10/2023 23:58:00,0.2015051776
28/10/2023 23:58:00,0.2015051776
29/10/2023 23:58:00,0.2011592554
30/10/2023 23:58:00,0.2022071113
31/10/2023 23:58:00,0.2021530098
01/11/2023 23:58:00,0.2014116031
02/11/2023 23:58:00,0.2030689032
03/11/2023 23:58:00,0.2037281389
04/11/2023 23:58:00,0.203710545
05/11/2023 23:58:00,0.2036587523
06/11/2023 23:58:00,0.2023894351
07/11/2023 23:58:00,0.2017437477
08/11/2023 23:58:00,0.2017396719
09/11/2023 23:58:00,0.2023926153
10/11/2023 23:58:00,0.2025960974
11/11/2023 23:58:00,0.2025960974
12/11/2023 23:58:00,0.2029454287
13/11/2023 23:58:00,0.202369095
14/11/2023 23:58:00,0.2032201046
15/11/2023 23:58:00,0.2030521323
16/11/2023 23:58:00,0.2031059992
17/11/2023 23:58:00,0.2035482483
18/11/2023 23:58:00,0.2032571569
19/11/2023 23:58:00,0.2033359464
20/11/2023 23:58:00,0.202780973
21/11/2023 23:58:00,0.2026218714
22/11/2023 23:58:00,0.2032808963
23/11/2023 23:58:00,0.2038709748
24/11/2023 23:58:00,0.2037316802
25/11/2023 23:58:00,0.2034049531
26/11/2023 23:58:00,0.2036473562
27/11/2023 23:58:00,0.2045847819
28/11/2023 23:58:00,0.2049998987
29/11/2023 23:58:00,0.2048921824
30/11/2023 23:58:00,0.2044052202
01/12/2023 23:58:00,0.2056132933
02/12/2023 23:58:00,0.2040516851
03/12/2023 23:58:00,0.2055397178
04/12/2023 23:58:00,0.2034400659
05/12/2023 23:58:00,0.20386119
06/12/2023 23:58:00,0.2044396087
07/12/2023 23:58:00,0.2042813277
08/12/2023 23:58:00,0.2038456736
09/12/2023 23:58:00,0.2038456736
10/12/2023 23:58:00,0.2038617085
11/12/2023 23:58:00,0.2037197248
12/12/2023 23:58:00,0.2029581818
13/12/2023 23:58:00,0.2032699627
14/12/2023 23:58:00,0.2038341768
15/12/2023 23:58:00,0.2030172868
16/12/2023 23:58:00,0.2030175514
17/12/2023 23:58:00,0.2026128645
18/12/2023 23:58:00,0.2027689447
19/12/2023 23:58:00,0.2026698582
20/12/2023 23:58:00,0.2029040974
21/12/2023 23:58:00,0.2021633733
22/12/2023 23:58:00,0.2021821196
23/12/2023 23:58:00,0.2021785435
24/12/2023 23:58:00,0.202190772
25/12/2023 23:58:00,0.2025679436
26/12/2023 23:58:00,0.2025493229
27/12/2023 23:58:00,0.2014458797
28/12/2023 23:58:00,0.2012117101
29/12/2023 23:58:00,0.2013470465
30/12/2023 23:58:00,0.2013470465
31/12/2023 23:58:00,0.2012285572
01/01/2024 23:58:00,0.2013420261
02/01/2024 23:58:00,0.2015321298
03/01/2024 23:58:00,0.2015249122
04/01/2024 23:58:00,0.2015866988
05/01/2024 23:58:00,0.2019369557
06/01/2024 23:58:00,0.2019058577
07/01/2024 23:58:00,0.2016308465
08/01/2024 23:58:00,0.202690281
09/01/2024 23:58:00,0.202269622
10/01/2024 23:58:00,0.2023403628
11/01/2024 23:58:00,0.2014434299
12/01/2024 23:58:00,0.201607773
13/01/2024 23:58:00,0.201748923
14/01/2024 23:58:00,0.201271082
15/01/2024 23:58:00,0.2014309443
16/01/2024 23:58:00,0.2013008692
17/01/2024 23:58:00,0.2011264905
18/01/2024 23:58:00,0.2007426775
19/01/2024 23:58:00,0.2010375234
20/01/2024 23:58:00,0.20091091
21/01/2024 23:58:00,0.2008611017
22/01/2024 23:58:00,0.2007717247
23/01/2024 23:58:00,0.1999547451
24/01/2024 23:58:00,0.2004305566
25/01/2024 23:58:00,0.2010480417
26/01/2024 23:58:00,0.2010313311
27/01/2024 23:58:00,0.2010839502
28/01/2024 23:58:00,0.2006259723
29/01/2024 23:58:00,0.2004550568
30/01/2024 23:58:00,0.2007702926
31/01/2024 23:58:00,0.200449782
01/02/2024 23:58:00,0.2000571276
02/02/2024 23:58:00,0.1991416186
03/02/2024 23:58:00,0.1992759226
04/02/2024 23:58:00,0.1989708519
05/02/2024 23:58:00,0.1995211751
06/02/2024 23:58:00,0.1996592778
07/02/2024 23:58:00,0.199405143
08/02/2024 23:58:00,0.1972003642
09/02/2024 23:58:00,0.1971640184
10/02/2024 23:58:00,0.197141695
11/02/2024 23:58:00,0.1974186853
12/02/2024 23:58:00,0.1971442587
13/02/2024 23:58:00,0.1963943046
14/02/2024 23:58:00,0.1959450937
15/02/2024 23:58:00,0.1963666295
16/02/2024 23:58:00,0.1960170515
17/02/2024 23:58:00,0.1960170515
18/02/2024 23:58:00,0.1958338435
19/02/2024 23:58:00,0.1953629606
20/02/2024 23:58:00,0.19599016
21/02/2024 23:58:00,0.1965330102
22/02/2024 23:58:00,0.1961933788
23/02/2024 23:58:00,0.1962173596
24/02/2024 23:58:00,0.196255775
25/02/2024 23:58:00,0.1961998338
26/02/2024 23:58:00,0.1959107429
27/02/2024 23:58:00,0.1961549317
28/02/2024 23:58:00,0.1963917434
29/02/2024 23:58:00,0.1957142356
01/03/2024 23:58:00,0.1959851188
02/03/2024 23:58:00,0.1960022215
03/03/2024 23:58:00,0.1961898045
04/03/2024 23:58:00,0.1960407278
05/03/2024 23:58:00,0.196161057
06/03/2024 23:58:00,0.195973152
07/03/2024 23:58:00,0.1958921484
08/03/2024 23:58:00,0.1960233984
09/03/2024 23:58:00,0.1960233984
10/03/2024 23:58:00,0.1958940251
11/03/2024 23:58:00,0.1960902344
12/03/2024 23:58:00,0.1962860068
13/03/2024 23:58:00,0.1967739572
14/03/2024 23:58:00,0.1972634425
15/03/2024 23:58:00,0.1976647494
16/03/2024 23:58:00,0.19766042
17/03/2024 23:58:00,0.1976594573
18/03/2024 23:58:00,0.197091041
19/03/2024 23:58:00,0.1967290584
20/03/2024 23:58:00,0.1971868224